Date,Open,High,Low,Close,Adj Close,Volume
2000-01-04,1.2200000286102295,1.2200000286102295,1.159999966621399,1.159999966621399,-0.008282173424959183,3562500
2000-01-05,1.159999966621399,1.159999966621399,1.159999966621399,1.159999966621399,-0.008282173424959183,0
2000-01-06,1.159999966621399,1.159999966621399,1.159999966621399,1.159999966621399,-0.008282173424959183,0
2000-01-07,1.159999966621399,1.159999966621399,1.159999966621399,1.159999966621399,-0.008282173424959183,0
2000-01-10,1.2200000286102295,1.2200000286102295,1.2000000476837158,1.2000000476837158,-0.008567767217755318,3800000
2000-01-11,1.2000000476837158,1.2000000476837158,1.159999966621399,1.159999966621399,-0.008282173424959183,75000
2000-01-12,1.159999966621399,1.159999966621399,1.159999966621399,1.159999966621399,-0.008282173424959183,0
2000-01-13,1.2000000476837158,1.2400000095367432,1.2000000476837158,1.2400000095367432,-0.008853361010551453,800000
2000-01-14,1.2200000286102295,1.2200000286102295,1.2000000476837158,1.2000000476837158,-0.008567767217755318,3125000
2000-01-17,1.2000000476837158,1.2000000476837158,1.2000000476837158,1.2000000476837158,-0.008567767217755318,0
2000-01-18,1.2000000476837158,1.2400000095367432,1.2000000476837158,1.2000000476837158,-0.008567767217755318,2925000
2000-01-19,1.2200000286102295,1.2599999904632568,1.2000000476837158,1.2200000286102295,-0.00871056504547596,4905000
2000-01-20,1.2200000286102295,1.2799999713897705,1.2200000286102295,1.2400000095367432,-0.008853361010551453,8462500
2000-01-21,1.2400000095367432,1.2400000095367432,1.2000000476837158,1.2000000476837158,-0.008567767217755318,2212500
2000-01-24,1.2200000286102295,1.2599999904632568,1.2200000286102295,1.2200000286102295,-0.00871056504547596,55000
2000-01-25,1.2400000095367432,1.2599999904632568,1.2400000095367432,1.2400000095367432,-0.008853361010551453,300000
2000-01-26,1.2400000095367432,1.2400000095367432,1.1799999475479126,1.1799999475479126,-0.008424971252679825,3862500
2000-01-27,1.2000000476837158,1.2000000476837158,1.1799999475479126,1.1799999475479126,-0.008424971252679825,1917500
2000-01-28,1.2000000476837158,1.2400000095367432,1.2000000476837158,1.2000000476837158,-0.008567767217755318,4950000
2000-01-31,1.2000000476837158,1.2200000286102295,1.1799999475479126,1.1799999475479126,-0.008424971252679825,300000
2000-02-01,1.2000000476837158,1.2200000286102295,1.1399999856948853,1.1399999856948853,-0.008139378391206264,3835000
2000-02-02,1.159999966621399,1.159999966621399,1.1399999856948853,1.159999966621399,-0.008282173424959183,875000
2000-02-03,1.159999966621399,1.159999966621399,1.159999966621399,1.159999966621399,-0.008282173424959183,0
2000-02-04,1.159999966621399,1.159999966621399,1.159999966621399,1.159999966621399,-0.008282173424959183,0
2000-02-07,1.159999966621399,1.1799999475479126,1.159999966621399,1.1799999475479126,-0.008424971252679825,150000
2000-02-08,1.1799999475479126,1.1799999475479126,1.1799999475479126,1.1799999475479126,-0.008424971252679825,0
2000-02-09,1.159999966621399,1.159999966621399,1.1399999856948853,1.1399999856948853,-0.008139378391206264,875000
2000-02-10,1.1399999856948853,1.1399999856948853,1.1399999856948853,1.1399999856948853,-0.008139378391206264,0
2000-02-11,1.1399999856948853,1.1399999856948853,1.1399999856948853,1.1399999856948853,-0.008139378391206264,0
2000-02-14,1.159999966621399,1.159999966621399,1.1399999856948853,1.1399999856948853,-0.008139378391206264,427500
2000-02-15,1.1399999856948853,1.1399999856948853,1.1399999856948853,1.1399999856948853,-0.008139378391206264,0
2000-02-16,1.1399999856948853,1.1399999856948853,1.1399999856948853,1.1399999856948853,-0.008139378391206264,0
2000-02-17,1.1200000047683716,1.1200000047683716,1.0800000429153442,1.0800000429153442,-0.007710992358624935,300000
2000-02-18,1.0800000429153442,1.0800000429153442,1.0800000429153442,1.0800000429153442,-0.007710992358624935,0
2000-02-21,1.0800000429153442,1.0800000429153442,1.0800000429153442,1.0800000429153442,-0.007710992358624935,0
2000-02-22,1.0800000429153442,1.0800000429153442,1.0399999618530273,1.0399999618530273,-0.007425399962812662,262500
2000-02-23,1.0399999618530273,1.0399999618530273,1.0399999618530273,1.0399999618530273,-0.007425399962812662,0
2000-02-24,1.0399999618530273,1.0399999618530273,1.0399999618530273,1.0399999618530273,-0.007425399962812662,0
2000-02-25,1.0399999618530273,1.0399999618530273,1.0399999618530273,1.0399999618530273,-0.007425399962812662,0
2000-02-28,1.0399999618530273,1.0399999618530273,1.0399999618530273,1.0399999618530273,-0.007425399962812662,0
2000-02-29,1.059999942779541,1.059999942779541,0.9399999976158142,0.9599999785423279,-0.006854214705526829,477500
2000-03-01,0.9599999785423279,0.9800000190734863,0.9599999785423279,0.9800000190734863,-0.0069970120675861835,250000
2000-03-02,1.0,1.0,0.9800000190734863,0.9800000190734863,-0.0069970120675861835,297500
2000-03-03,0.9800000190734863,0.9800000190734863,0.9800000190734863,0.9800000190734863,-0.0069970120675861835,0
2000-03-06,0.9800000190734863,0.9800000190734863,0.9800000190734863,0.9800000190734863,-0.0069970120675861835,0
2000-03-07,0.9800000190734863,0.9800000190734863,0.9800000190734863,0.9800000190734863,-0.0069970120675861835,0
2000-03-08,0.9800000190734863,0.9800000190734863,0.9800000190734863,0.9800000190734863,-0.0069970120675861835,0
2000-03-09,0.9800000190734863,0.9800000190734863,0.9800000190734863,0.9800000190734863,-0.0069970120675861835,0
2000-03-10,0.9800000190734863,0.9800000190734863,0.9800000190734863,0.9800000190734863,-0.0069970120675861835,0
2000-03-13,0.9800000190734863,0.9800000190734863,0.9800000190734863,0.9800000190734863,-0.0069970120675861835,0
2000-03-14,0.9800000190734863,0.9800000190734863,0.9800000190734863,0.9800000190734863,-0.0069970120675861835,0
2000-03-15,0.9800000190734863,0.9800000190734863,0.9800000190734863,0.9800000190734863,-0.0069970120675861835,0
2000-03-16,0.9800000190734863,0.9800000190734863,0.9800000190734863,0.9800000190734863,-0.0069970120675861835,0
2000-03-17,0.9800000190734863,0.9800000190734863,0.9800000190734863,0.9800000190734863,-0.0069970120675861835,0
2000-03-20,0.9800000190734863,0.9800000190734863,0.9800000190734863,0.9800000190734863,-0.0069970120675861835,0
2000-03-21,0.9800000190734863,0.9800000190734863,0.9800000190734863,0.9800000190734863,-0.0069970120675861835,0
2000-03-22,0.9800000190734863,0.9800000190734863,0.9800000190734863,0.9800000190734863,-0.0069970120675861835,0
2000-03-23,0.9800000190734863,0.9800000190734863,0.9800000190734863,0.9800000190734863,-0.0069970120675861835,0
2000-03-24,0.9800000190734863,0.9800000190734863,0.9800000190734863,0.9800000190734863,-0.0069970120675861835,0
2000-03-27,0.9800000190734863,0.9800000190734863,0.9800000190734863,0.9800000190734863,-0.0069970120675861835,0
2000-03-28,0.9800000190734863,0.9800000190734863,0.9800000190734863,0.9800000190734863,-0.0069970120675861835,0
2000-03-29,0.9800000190734863,0.9800000190734863,0.9800000190734863,0.9800000190734863,-0.0069970120675861835,0
2000-03-30,0.9800000190734863,0.9800000190734863,0.9800000190734863,0.9800000190734863,-0.0069970120675861835,0
2000-03-31,0.9800000190734863,0.9800000190734863,0.9800000190734863,0.9800000190734863,-0.0069970120675861835,0
2000-04-03,0.9800000190734863,0.9800000190734863,0.9800000190734863,0.9800000190734863,-0.0069970120675861835,0
2000-04-04,0.9800000190734863,0.9800000190734863,0.9800000190734863,0.9800000190734863,-0.0069970120675861835,0
2000-04-05,0.5,0.8399999737739563,0.46000000834465027,0.6200000047683716,-0.004426680505275726,10472500
2000-04-06,0.6200000047683716,0.6200000047683716,0.6200000047683716,0.6200000047683716,-0.004426680505275726,0
2000-04-07,0.6200000047683716,0.6399999856948853,0.6000000238418579,0.6200000047683716,-0.004426680505275726,4242500
2000-04-10,0.6600000262260437,0.6800000071525574,0.6600000262260437,0.6800000071525574,-0.0048550693318247795,687500
2000-04-11,0.699999988079071,0.7799999713897705,0.6800000071525574,0.7799999713897705,-0.0055690486915409565,1895000
2000-04-12,0.800000011920929,1.0,0.800000011920929,0.9800000190734863,-0.0069970120675861835,5115000
2000-04-13,0.9800000190734863,0.9800000190734863,0.9800000190734863,0.9800000190734863,-0.0069970120675861835,0
2000-04-14,0.9800000190734863,0.9800000190734863,0.9800000190734863,0.9800000190734863,-0.0069970120675861835,0
2000-04-17,0.9800000190734863,0.9800000190734863,0.9800000190734863,0.9800000190734863,-0.0069970120675861835,0
2000-04-18,0.9800000190734863,0.9800000190734863,0.9800000190734863,0.9800000190734863,-0.0069970120675861835,0
2000-04-19,0.9200000166893005,0.9200000166893005,0.8999999761581421,0.8999999761581421,-0.00642582681030035,132500
2000-04-20,0.8999999761581421,0.9800000190734863,0.8999999761581421,0.9800000190734863,-0.0069970120675861835,115000
2000-04-21,0.9800000190734863,1.0399999618530273,0.9800000190734863,1.0,-0.007139807567000389,1435000
2000-04-24,0.8999999761581421,0.9399999976158142,0.8999999761581421,0.9399999976158142,-0.006711418274790049,275000
2000-04-25,0.9399999976158142,0.9399999976158142,0.8999999761581421,0.9200000166893005,-0.006568623706698418,4205000
2000-04-26,0.9200000166893005,0.9200000166893005,0.8799999952316284,0.9200000166893005,-0.006568623706698418,3275000
2000-04-27,0.8999999761581421,0.9399999976158142,0.8999999761581421,0.9399999976158142,-0.006711418274790049,3437500
2000-04-28,0.9200000166893005,1.0199999809265137,0.9200000166893005,1.0199999809265137,-0.007282602600753307,3775000
2000-05-01,1.0199999809265137,1.0199999809265137,1.0199999809265137,1.0199999809265137,-0.007282602600753307,0
2000-05-02,0.9800000190734863,0.9800000190734863,0.9599999785423279,0.9599999785423279,-0.006854214705526829,710000
2000-05-03,0.9599999785423279,0.9599999785423279,0.9599999785423279,0.9599999785423279,-0.006854214705526829,0
2000-05-04,0.8999999761581421,0.9599999785423279,0.8799999952316284,0.9399999976158142,-0.006711418274790049,7912500
2000-05-05,0.9399999976158142,0.9399999976158142,0.9399999976158142,0.9399999976158142,-0.006711418274790049,0
2000-05-08,0.9399999976158142,0.9399999976158142,0.9399999976158142,0.9399999976158142,-0.006711418274790049,0
2000-05-09,0.9399999976158142,0.9399999976158142,0.9399999976158142,0.9399999976158142,-0.006711418274790049,0
2000-05-10,0.9399999976158142,0.9399999976158142,0.9399999976158142,0.9399999976158142,-0.006711418274790049,0
2000-05-11,0.9399999976158142,0.9399999976158142,0.9399999976158142,0.9399999976158142,-0.006711418274790049,0
2000-05-12,0.9399999976158142,0.9399999976158142,0.9399999976158142,0.9399999976158142,-0.006711418274790049,0
2000-05-15,0.9399999976158142,0.9399999976158142,0.9399999976158142,0.9399999976158142,-0.006711418274790049,0
2000-05-16,0.9399999976158142,0.9399999976158142,0.9399999976158142,0.9399999976158142,-0.006711418274790049,0
2000-05-17,0.9399999976158142,0.9399999976158142,0.9399999976158142,0.9399999976158142,-0.006711418274790049,0
2000-05-18,0.9399999976158142,0.9399999976158142,0.9399999976158142,0.9399999976158142,-0.006711418274790049,0
2000-05-19,0.9399999976158142,0.9399999976158142,0.9399999976158142,0.9399999976158142,-0.006711418274790049,0
2000-05-22,0.9399999976158142,0.9399999976158142,0.9399999976158142,0.9399999976158142,-0.006711418274790049,0
2000-05-23,0.9399999976158142,0.9399999976158142,0.9399999976158142,0.9399999976158142,-0.006711418274790049,0
2000-05-24,0.9399999976158142,0.9399999976158142,0.9399999976158142,0.9399999976158142,-0.006711418274790049,0
2000-05-25,0.9399999976158142,0.9399999976158142,0.9399999976158142,0.9399999976158142,-0.006711418274790049,0
2000-05-26,0.9399999976158142,0.9399999976158142,0.9399999976158142,0.9399999976158142,-0.006711418274790049,0
2000-05-29,0.9399999976158142,0.9399999976158142,0.9399999976158142,0.9399999976158142,-0.006711418274790049,0
2000-05-30,0.9399999976158142,0.9399999976158142,0.9399999976158142,0.9399999976158142,-0.006711418274790049,0
2000-05-31,0.9399999976158142,0.9399999976158142,0.9399999976158142,0.9399999976158142,-0.006711418274790049,0
2000-06-01,0.9399999976158142,0.9399999976158142,0.9399999976158142,0.9399999976158142,-0.006711418274790049,0
2000-06-02,0.9399999976158142,0.9399999976158142,0.9399999976158142,0.9399999976158142,-0.006711418274790049,0
2000-06-05,0.9399999976158142,0.9399999976158142,0.9399999976158142,0.9399999976158142,-0.006711418274790049,0
2000-06-06,0.9399999976158142,0.9399999976158142,0.9399999976158142,0.9399999976158142,-0.006711418274790049,0
2000-06-07,0.9399999976158142,0.9399999976158142,0.9399999976158142,0.9399999976158142,-0.006711418274790049,0
2000-06-08,0.9399999976158142,0.9399999976158142,0.9399999976158142,0.9399999976158142,-0.006711418274790049,0
2000-06-09,0.9399999976158142,0.9399999976158142,0.9399999976158142,0.9399999976158142,-0.006711418274790049,0
2000-06-12,0.9399999976158142,0.9399999976158142,0.9399999976158142,0.9399999976158142,-0.006711418274790049,0
2000-06-13,0.9399999976158142,0.9399999976158142,0.9399999976158142,0.9399999976158142,-0.006711418274790049,0
2000-06-14,0.9399999976158142,0.9399999976158142,0.9399999976158142,0.9399999976158142,-0.006711418274790049,0
2000-06-15,0.9399999976158142,0.9399999976158142,0.9399999976158142,0.9399999976158142,-0.006711418274790049,0
2000-06-16,0.9399999976158142,0.9399999976158142,0.9399999976158142,0.9399999976158142,-0.006711418274790049,0
2000-06-19,0.9399999976158142,0.9399999976158142,0.9399999976158142,0.9399999976158142,-0.006711418274790049,0
2000-06-20,0.9399999976158142,0.9399999976158142,0.9399999976158142,0.9399999976158142,-0.006711418274790049,0
2000-06-21,0.9399999976158142,0.9399999976158142,0.9399999976158142,0.9399999976158142,-0.006711418274790049,0
2000-06-22,0.9399999976158142,0.9399999976158142,0.9399999976158142,0.9399999976158142,-0.006711418274790049,0
2000-06-23,0.9399999976158142,0.9399999976158142,0.9399999976158142,0.9399999976158142,-0.006711418274790049,0
2000-06-26,0.9399999976158142,0.9399999976158142,0.9399999976158142,0.9399999976158142,-0.006711418274790049,0
2000-06-27,0.9399999976158142,0.9399999976158142,0.9399999976158142,0.9399999976158142,-0.006711418274790049,0
2000-06-28,0.9399999976158142,0.9399999976158142,0.9399999976158142,0.9399999976158142,-0.006711418274790049,0
2000-06-29,0.9399999976158142,0.9399999976158142,0.9399999976158142,0.9399999976158142,-0.006711418274790049,0
2000-06-30,0.9399999976158142,0.9399999976158142,0.9399999976158142,0.9399999976158142,-0.006711418274790049,0
2000-07-03,0.9399999976158142,0.9399999976158142,0.9399999976158142,0.9399999976158142,-0.006711418274790049,0
2000-07-04,0.9399999976158142,0.9399999976158142,0.9399999976158142,0.9399999976158142,-0.006711418274790049,0
2000-07-05,0.9399999976158142,0.9399999976158142,0.9399999976158142,0.9399999976158142,-0.006711418274790049,0
2000-07-06,0.9399999976158142,0.9399999976158142,0.9399999976158142,0.9399999976158142,-0.006711418274790049,0
2000-07-07,0.9399999976158142,0.9399999976158142,0.9399999976158142,0.9399999976158142,-0.006711418274790049,0
2000-07-10,0.9399999976158142,0.9399999976158142,0.9399999976158142,0.9399999976158142,-0.006711418274790049,0
2000-07-11,0.9399999976158142,0.9399999976158142,0.9399999976158142,0.9399999976158142,-0.006711418274790049,0
2000-07-12,0.9399999976158142,0.9399999976158142,0.9399999976158142,0.9399999976158142,-0.006711418274790049,0
2000-07-13,0.9399999976158142,0.9399999976158142,0.9399999976158142,0.9399999976158142,-0.006711418274790049,0
2000-07-14,0.9399999976158142,0.9399999976158142,0.9399999976158142,0.9399999976158142,-0.006711418274790049,0
2000-07-17,0.9399999976158142,0.9399999976158142,0.9399999976158142,0.9399999976158142,-0.006711418274790049,0
2000-07-18,0.9399999976158142,0.9399999976158142,0.9399999976158142,0.9399999976158142,-0.006711418274790049,0
2000-07-19,0.9399999976158142,0.9399999976158142,0.9399999976158142,0.9399999976158142,-0.006711418274790049,0
2000-07-20,0.9399999976158142,0.9399999976158142,0.9399999976158142,0.9399999976158142,-0.006711418274790049,0
2000-07-21,0.9399999976158142,0.9399999976158142,0.9399999976158142,0.9399999976158142,-0.006711418274790049,0
2000-07-24,0.9399999976158142,0.9399999976158142,0.9399999976158142,0.9399999976158142,-0.006711418274790049,0
2000-07-25,0.9399999976158142,0.9399999976158142,0.9399999976158142,0.9399999976158142,-0.006711418274790049,0
2000-07-26,0.9399999976158142,0.9399999976158142,0.9399999976158142,0.9399999976158142,-0.006711418274790049,0
2000-07-27,0.9399999976158142,0.9399999976158142,0.9399999976158142,0.9399999976158142,-0.006711418274790049,0
2000-07-28,0.9399999976158142,0.9399999976158142,0.9399999976158142,0.9399999976158142,-0.006711418274790049,0
2000-07-31,0.9399999976158142,0.9399999976158142,0.9399999976158142,0.9399999976158142,-0.006711418274790049,0
2000-08-01,0.9399999976158142,0.9399999976158142,0.9399999976158142,0.9399999976158142,-0.006711418274790049,0
2000-08-02,0.9399999976158142,0.9399999976158142,0.9399999976158142,0.9399999976158142,-0.006711418274790049,0
2000-08-03,0.9399999976158142,0.9399999976158142,0.9399999976158142,0.9399999976158142,-0.006711418274790049,0
2000-08-04,0.9399999976158142,0.9399999976158142,0.9399999976158142,0.9399999976158142,-0.006711418274790049,0
2000-08-07,0.9399999976158142,0.9399999976158142,0.9399999976158142,0.9399999976158142,-0.006711418274790049,0
2000-08-08,0.9399999976158142,0.9399999976158142,0.9399999976158142,0.9399999976158142,-0.006711418274790049,0
2000-08-09,0.9399999976158142,0.9399999976158142,0.9399999976158142,0.9399999976158142,-0.006711418274790049,0
2000-08-10,0.9399999976158142,0.9399999976158142,0.9399999976158142,0.9399999976158142,-0.006711418274790049,0
2000-08-11,0.9399999976158142,0.9399999976158142,0.9399999976158142,0.9399999976158142,-0.006711418274790049,0
2000-08-14,0.9399999976158142,0.9399999976158142,0.9399999976158142,0.9399999976158142,-0.006711418274790049,0
2000-08-15,0.9399999976158142,0.9399999976158142,0.9399999976158142,0.9399999976158142,-0.006711418274790049,0
2000-08-16,0.9399999976158142,0.9399999976158142,0.9399999976158142,0.9399999976158142,-0.006711418274790049,0
2000-08-17,0.9399999976158142,0.9399999976158142,0.9399999976158142,0.9399999976158142,-0.006711418274790049,0
2000-08-18,0.9399999976158142,0.9399999976158142,0.9399999976158142,0.9399999976158142,-0.006711418274790049,0
2000-08-21,0.9399999976158142,0.9399999976158142,0.9399999976158142,0.9399999976158142,-0.006711418274790049,0
2000-08-22,0.9399999976158142,0.9399999976158142,0.9399999976158142,0.9399999976158142,-0.006711418274790049,0
2000-08-23,0.9399999976158142,0.9399999976158142,0.9399999976158142,0.9399999976158142,-0.006711418274790049,0
2000-08-24,0.9399999976158142,0.9399999976158142,0.9399999976158142,0.9399999976158142,-0.006711418274790049,0
2000-08-25,0.9399999976158142,0.9399999976158142,0.9399999976158142,0.9399999976158142,-0.006711418274790049,0
2000-08-28,0.9399999976158142,0.9399999976158142,0.9399999976158142,0.9399999976158142,-0.006711418274790049,0
2000-08-29,0.9399999976158142,0.9399999976158142,0.9399999976158142,0.9399999976158142,-0.006711418274790049,0
2000-08-30,0.9399999976158142,0.9399999976158142,0.9399999976158142,0.9399999976158142,-0.006711418274790049,0
2000-08-31,0.9399999976158142,0.9399999976158142,0.9399999976158142,0.9399999976158142,-0.006711418274790049,0
2000-09-01,0.9399999976158142,0.9399999976158142,0.9399999976158142,0.9399999976158142,-0.006711418274790049,0
2000-09-04,0.9399999976158142,0.9399999976158142,0.9399999976158142,0.9399999976158142,-0.006711418274790049,0
2000-09-05,0.9399999976158142,0.9399999976158142,0.9399999976158142,0.9399999976158142,-0.006711418274790049,0
2000-09-06,0.9399999976158142,0.9399999976158142,0.9399999976158142,0.9399999976158142,-0.006711418274790049,0
2000-09-07,0.9399999976158142,0.9399999976158142,0.9399999976158142,0.9399999976158142,-0.006711418274790049,0
2000-09-08,0.9399999976158142,0.9399999976158142,0.9399999976158142,0.9399999976158142,-0.006711418274790049,0
2000-09-11,0.9399999976158142,0.9399999976158142,0.9399999976158142,0.9399999976158142,-0.006711418274790049,0
2000-09-12,0.9399999976158142,0.9399999976158142,0.9399999976158142,0.9399999976158142,-0.006711418274790049,0
2000-09-13,0.9399999976158142,0.9399999976158142,0.9399999976158142,0.9399999976158142,-0.006711418274790049,0
2000-09-14,0.9399999976158142,0.9399999976158142,0.9399999976158142,0.9399999976158142,-0.006711418274790049,0
2000-09-15,0.9399999976158142,0.9399999976158142,0.9399999976158142,0.9399999976158142,-0.006711418274790049,0
2000-09-18,0.9399999976158142,0.9399999976158142,0.9399999976158142,0.9399999976158142,-0.006711418274790049,0
2000-09-19,0.9399999976158142,0.9399999976158142,0.9399999976158142,0.9399999976158142,-0.006711418274790049,0
2000-09-20,0.9399999976158142,0.9399999976158142,0.9399999976158142,0.9399999976158142,-0.006711418274790049,0
2000-09-21,0.9399999976158142,0.9399999976158142,0.9399999976158142,0.9399999976158142,-0.006711418274790049,0
2000-09-22,0.9399999976158142,0.9399999976158142,0.9399999976158142,0.9399999976158142,-0.006711418274790049,0
2000-09-25,0.9399999976158142,0.9399999976158142,0.9399999976158142,0.9399999976158142,-0.006711418274790049,0
2000-09-26,0.9399999976158142,0.9399999976158142,0.9399999976158142,0.9399999976158142,-0.006711418274790049,0
2000-09-27,0.9399999976158142,0.9399999976158142,0.9399999976158142,0.9399999976158142,-0.006711418274790049,0
2000-09-28,0.9399999976158142,0.9399999976158142,0.9399999976158142,0.9399999976158142,-0.006711418274790049,0
2000-09-29,0.9399999976158142,0.9399999976158142,0.9399999976158142,0.9399999976158142,-0.006711418274790049,0
2000-10-02,0.9399999976158142,0.9399999976158142,0.9399999976158142,0.9399999976158142,-0.006711418274790049,0
2000-10-03,0.9399999976158142,0.9399999976158142,0.9399999976158142,0.9399999976158142,-0.006711418274790049,0
2000-10-04,0.9399999976158142,0.9399999976158142,0.9399999976158142,0.9399999976158142,-0.006711418274790049,0
2000-10-05,0.9399999976158142,0.9399999976158142,0.9399999976158142,0.9399999976158142,-0.006711418274790049,0
2000-10-06,0.9399999976158142,0.9399999976158142,0.9399999976158142,0.9399999976158142,-0.006711418274790049,0
2000-10-09,0.9399999976158142,0.9399999976158142,0.9399999976158142,0.9399999976158142,-0.006711418274790049,0
2000-10-10,0.9399999976158142,0.9399999976158142,0.9399999976158142,0.9399999976158142,-0.006711418274790049,0
2000-10-11,0.9399999976158142,0.9399999976158142,0.9399999976158142,0.9399999976158142,-0.006711418274790049,0
2000-10-12,0.9399999976158142,0.9399999976158142,0.9399999976158142,0.9399999976158142,-0.006711418274790049,0
2000-10-13,0.9399999976158142,0.9399999976158142,0.9399999976158142,0.9399999976158142,-0.006711418274790049,0
2000-10-16,0.9399999976158142,0.9399999976158142,0.9399999976158142,0.9399999976158142,-0.006711418274790049,0
2000-10-17,0.9399999976158142,0.9399999976158142,0.9399999976158142,0.9399999976158142,-0.006711418274790049,0
2000-10-18,0.9399999976158142,0.9399999976158142,0.9399999976158142,0.9399999976158142,-0.006711418274790049,0
2000-10-19,0.9399999976158142,0.9399999976158142,0.9399999976158142,0.9399999976158142,-0.006711418274790049,0
2000-10-20,0.9399999976158142,0.9399999976158142,0.9399999976158142,0.9399999976158142,-0.006711418274790049,0
2000-10-23,0.9399999976158142,0.9399999976158142,0.9399999976158142,0.9399999976158142,-0.006711418274790049,0
2000-10-24,0.9399999976158142,0.9399999976158142,0.9399999976158142,0.9399999976158142,-0.006711418274790049,0
2000-10-25,0.9399999976158142,0.9399999976158142,0.9399999976158142,0.9399999976158142,-0.006711418274790049,0
2000-10-26,0.9399999976158142,0.9399999976158142,0.9399999976158142,0.9399999976158142,-0.006711418274790049,0
2000-10-27,0.9399999976158142,0.9399999976158142,0.9399999976158142,0.9399999976158142,-0.006711418274790049,0
2000-10-30,0.9399999976158142,0.9399999976158142,0.9399999976158142,0.9399999976158142,-0.006711418274790049,0
2000-10-31,0.9399999976158142,0.9399999976158142,0.9399999976158142,0.9399999976158142,-0.006711418274790049,0
2000-11-01,0.9399999976158142,0.9399999976158142,0.9399999976158142,0.9399999976158142,-0.006711418274790049,0
2000-11-02,0.9399999976158142,0.9399999976158142,0.9399999976158142,0.9399999976158142,-0.006711418274790049,0
2000-11-03,0.9399999976158142,0.9399999976158142,0.9399999976158142,0.9399999976158142,-0.006711418274790049,0
2000-11-06,0.9399999976158142,0.9399999976158142,0.9399999976158142,0.9399999976158142,-0.006711418274790049,0
2000-11-07,0.9399999976158142,0.9399999976158142,0.9399999976158142,0.9399999976158142,-0.006711418274790049,0
2000-11-08,0.9399999976158142,0.9399999976158142,0.9399999976158142,0.9399999976158142,-0.006711418274790049,0
2000-11-09,0.9399999976158142,0.9399999976158142,0.9399999976158142,0.9399999976158142,-0.006711418274790049,0
2000-11-10,0.9399999976158142,0.9399999976158142,0.9399999976158142,0.9399999976158142,-0.006711418274790049,0
2000-11-13,0.9399999976158142,0.9399999976158142,0.9399999976158142,0.9399999976158142,-0.006711418274790049,0
2000-11-14,0.9399999976158142,0.9399999976158142,0.9399999976158142,0.9399999976158142,-0.006711418274790049,0
2000-11-15,0.9399999976158142,0.9399999976158142,0.9399999976158142,0.9399999976158142,-0.006711418274790049,0
2000-11-16,0.9399999976158142,0.9399999976158142,0.9399999976158142,0.9399999976158142,-0.006711418274790049,0
2000-11-17,0.9399999976158142,0.9399999976158142,0.9399999976158142,0.9399999976158142,-0.006711418274790049,0
2000-11-20,0.9399999976158142,0.9399999976158142,0.9399999976158142,0.9399999976158142,-0.006711418274790049,0
2000-11-21,0.9399999976158142,0.9399999976158142,0.9399999976158142,0.9399999976158142,-0.006711418274790049,0
2000-11-22,0.9399999976158142,0.9399999976158142,0.9399999976158142,0.9399999976158142,-0.006711418274790049,0
2000-11-23,0.9399999976158142,0.9399999976158142,0.9399999976158142,0.9399999976158142,-0.006711418274790049,0
2000-11-24,0.9399999976158142,0.9399999976158142,0.9399999976158142,0.9399999976158142,-0.006711418274790049,0
2000-11-27,0.9399999976158142,0.9399999976158142,0.9399999976158142,0.9399999976158142,-0.006711418274790049,0
2000-11-28,0.9399999976158142,0.9399999976158142,0.9399999976158142,0.9399999976158142,-0.006711418274790049,0
2000-11-29,0.9399999976158142,0.9399999976158142,0.9399999976158142,0.9399999976158142,-0.006711418274790049,0
2000-11-30,0.9399999976158142,0.9399999976158142,0.9399999976158142,0.9399999976158142,-0.006711418274790049,0
2000-12-01,0.9399999976158142,0.9399999976158142,0.9399999976158142,0.9399999976158142,-0.006711418274790049,0
2000-12-04,0.9399999976158142,0.9399999976158142,0.9399999976158142,0.9399999976158142,-0.006711418274790049,0
2000-12-05,0.9399999976158142,0.9399999976158142,0.9399999976158142,0.9399999976158142,-0.006711418274790049,0
2000-12-06,0.9399999976158142,0.9399999976158142,0.9399999976158142,0.9399999976158142,-0.006711418274790049,0
2000-12-07,0.9399999976158142,0.9399999976158142,0.9399999976158142,0.9399999976158142,-0.006711418274790049,0
2000-12-08,0.9399999976158142,0.9399999976158142,0.9399999976158142,0.9399999976158142,-0.006711418274790049,0
2000-12-11,0.9399999976158142,0.9399999976158142,0.9399999976158142,0.9399999976158142,-0.006711418274790049,0
2000-12-12,0.9399999976158142,0.9399999976158142,0.9399999976158142,0.9399999976158142,-0.006711418274790049,0
2000-12-13,0.9399999976158142,0.9399999976158142,0.9399999976158142,0.9399999976158142,-0.006711418274790049,0
2000-12-14,0.9399999976158142,0.9399999976158142,0.9399999976158142,0.9399999976158142,-0.006711418274790049,0
2000-12-15,0.9399999976158142,0.9399999976158142,0.9399999976158142,0.9399999976158142,-0.006711418274790049,0
2000-12-18,0.9399999976158142,0.9399999976158142,0.9399999976158142,0.9399999976158142,-0.006711418274790049,0
2000-12-19,0.9399999976158142,0.9399999976158142,0.9399999976158142,0.9399999976158142,-0.006711418274790049,0
2000-12-20,0.9399999976158142,0.9399999976158142,0.9399999976158142,0.9399999976158142,-0.006711418274790049,0
2000-12-21,0.9399999976158142,0.9399999976158142,0.9399999976158142,0.9399999976158142,-0.006711418274790049,0
2000-12-22,0.9399999976158142,0.9399999976158142,0.9399999976158142,0.9399999976158142,-0.006711418274790049,0
2000-12-25,0.9399999976158142,0.9399999976158142,0.9399999976158142,0.9399999976158142,-0.006711418274790049,0
2000-12-26,0.9399999976158142,0.9399999976158142,0.9399999976158142,0.9399999976158142,-0.006711418274790049,0
2000-12-27,0.9399999976158142,0.9399999976158142,0.9399999976158142,0.9399999976158142,-0.006711418274790049,0
2000-12-28,0.9399999976158142,0.9399999976158142,0.9399999976158142,0.9399999976158142,-0.006711418274790049,0
2000-12-29,0.9399999976158142,0.9399999976158142,0.9399999976158142,0.9399999976158142,-0.006711418274790049,0
2001-01-01,0.9399999976158142,0.9399999976158142,0.9399999976158142,0.9399999976158142,-0.006711418274790049,0
2001-01-02,0.9399999976158142,0.9399999976158142,0.9399999976158142,0.9399999976158142,-0.006711418274790049,0
2001-01-03,0.9399999976158142,0.9399999976158142,0.9399999976158142,0.9399999976158142,-0.006711418274790049,0
2001-01-04,0.9399999976158142,0.9399999976158142,0.9399999976158142,0.9399999976158142,-0.006711418274790049,0
2001-01-05,0.9399999976158142,0.9399999976158142,0.9399999976158142,0.9399999976158142,-0.006711418274790049,0
2001-01-08,0.9399999976158142,0.9399999976158142,0.9399999976158142,0.9399999976158142,-0.006711418274790049,0
2001-01-09,0.9399999976158142,0.9399999976158142,0.9399999976158142,0.9399999976158142,-0.006711418274790049,0
2001-01-10,0.9399999976158142,0.9399999976158142,0.9399999976158142,0.9399999976158142,-0.006711418274790049,0
2001-01-11,0.9399999976158142,0.9399999976158142,0.9399999976158142,0.9399999976158142,-0.006711418274790049,0
2001-01-12,0.9399999976158142,0.9399999976158142,0.9399999976158142,0.9399999976158142,-0.006711418274790049,0
2001-01-15,0.9399999976158142,0.9399999976158142,0.9399999976158142,0.9399999976158142,-0.006711418274790049,0
2001-01-16,0.9399999976158142,0.9399999976158142,0.9399999976158142,0.9399999976158142,-0.006711418274790049,0
2001-01-17,0.9399999976158142,0.9399999976158142,0.9399999976158142,0.9399999976158142,-0.006711418274790049,0
2001-01-18,0.9399999976158142,0.9399999976158142,0.9399999976158142,0.9399999976158142,-0.006711418274790049,0
2001-01-19,0.9399999976158142,0.9399999976158142,0.9399999976158142,0.9399999976158142,-0.006711418274790049,0
2001-01-22,0.9399999976158142,0.9399999976158142,0.9399999976158142,0.9399999976158142,-0.006711418274790049,0
2001-01-23,0.9399999976158142,0.9399999976158142,0.9399999976158142,0.9399999976158142,-0.006711418274790049,0
2001-01-24,0.9399999976158142,0.9399999976158142,0.9399999976158142,0.9399999976158142,-0.006711418274790049,0
2001-01-25,0.9399999976158142,0.9399999976158142,0.9399999976158142,0.9399999976158142,-0.006711418274790049,0
2001-01-26,0.9399999976158142,0.9399999976158142,0.9399999976158142,0.9399999976158142,-0.006711418274790049,0
2001-01-29,0.9399999976158142,0.9399999976158142,0.9399999976158142,0.9399999976158142,-0.006711418274790049,0
2001-01-30,0.9399999976158142,0.9399999976158142,0.9399999976158142,0.9399999976158142,-0.006711418274790049,0
2001-01-31,0.9399999976158142,0.9399999976158142,0.9399999976158142,0.9399999976158142,-0.006711418274790049,0
2001-02-01,0.9399999976158142,0.9399999976158142,0.9399999976158142,0.9399999976158142,-0.006711418274790049,0
2001-02-02,0.9399999976158142,0.9399999976158142,0.9399999976158142,0.9399999976158142,-0.006711418274790049,0
2001-02-05,0.9399999976158142,0.9399999976158142,0.9399999976158142,0.9399999976158142,-0.006711418274790049,0
2001-02-06,0.9399999976158142,0.9399999976158142,0.9399999976158142,0.9399999976158142,-0.006711418274790049,0
2001-02-07,0.9399999976158142,0.9399999976158142,0.9399999976158142,0.9399999976158142,-0.006711418274790049,0
2001-02-08,0.9399999976158142,0.9399999976158142,0.9399999976158142,0.9399999976158142,-0.006711418274790049,0
2001-02-09,0.9399999976158142,0.9399999976158142,0.9399999976158142,0.9399999976158142,-0.006711418274790049,0
2001-02-12,0.9399999976158142,0.9399999976158142,0.9399999976158142,0.9399999976158142,-0.006711418274790049,0
2001-02-13,0.9399999976158142,0.9399999976158142,0.9399999976158142,0.9399999976158142,-0.006711418274790049,0
2001-02-14,0.9399999976158142,0.9399999976158142,0.9399999976158142,0.9399999976158142,-0.006711418274790049,0
2001-02-15,0.9399999976158142,0.9399999976158142,0.9399999976158142,0.9399999976158142,-0.006711418274790049,0
2001-02-16,0.9399999976158142,0.9399999976158142,0.9399999976158142,0.9399999976158142,-0.006711418274790049,0
2001-02-19,0.9399999976158142,0.9399999976158142,0.9399999976158142,0.9399999976158142,-0.006711418274790049,0
2001-02-20,0.9399999976158142,0.9399999976158142,0.9399999976158142,0.9399999976158142,-0.006711418274790049,0
2001-02-21,0.9399999976158142,0.9399999976158142,0.9399999976158142,0.9399999976158142,-0.006711418274790049,0
2001-02-22,0.9399999976158142,0.9399999976158142,0.9399999976158142,0.9399999976158142,-0.006711418274790049,0
2001-02-23,0.9399999976158142,0.9399999976158142,0.9399999976158142,0.9399999976158142,-0.006711418274790049,0
2001-02-26,0.9399999976158142,0.9399999976158142,0.9399999976158142,0.9399999976158142,-0.006711418274790049,0
2001-02-27,0.9399999976158142,0.9399999976158142,0.9399999976158142,0.9399999976158142,-0.006711418274790049,0
2001-02-28,0.9399999976158142,0.9399999976158142,0.9399999976158142,0.9399999976158142,-0.006711418274790049,0
2001-03-01,0.9399999976158142,0.9399999976158142,0.9399999976158142,0.9399999976158142,-0.006711418274790049,0
2001-03-02,0.9399999976158142,0.9399999976158142,0.9399999976158142,0.9399999976158142,-0.006711418274790049,0
2001-03-05,0.9399999976158142,0.9399999976158142,0.9399999976158142,0.9399999976158142,-0.006711418274790049,0
2001-03-06,0.9399999976158142,0.9399999976158142,0.9399999976158142,0.9399999976158142,-0.006711418274790049,0
2001-03-07,0.9399999976158142,0.9399999976158142,0.9399999976158142,0.9399999976158142,-0.006711418274790049,0
2001-03-08,0.9399999976158142,0.9399999976158142,0.9399999976158142,0.9399999976158142,-0.006711418274790049,0
2001-03-09,0.9399999976158142,0.9399999976158142,0.9399999976158142,0.9399999976158142,-0.006711418274790049,0
2001-03-12,0.9399999976158142,0.9399999976158142,0.9399999976158142,0.9399999976158142,-0.006711418274790049,0
2001-03-13,0.9399999976158142,0.9399999976158142,0.9399999976158142,0.9399999976158142,-0.006711418274790049,0
2001-03-14,0.9399999976158142,0.9399999976158142,0.9399999976158142,0.9399999976158142,-0.006711418274790049,0
2001-03-15,0.9399999976158142,0.9399999976158142,0.9399999976158142,0.9399999976158142,-0.006711418274790049,0
2001-03-16,0.9399999976158142,0.9399999976158142,0.9399999976158142,0.9399999976158142,-0.006711418274790049,0
2001-03-19,0.9399999976158142,0.9399999976158142,0.9399999976158142,0.9399999976158142,-0.006711418274790049,0
2001-03-20,0.9399999976158142,0.9399999976158142,0.9399999976158142,0.9399999976158142,-0.006711418274790049,0
2001-03-21,0.9399999976158142,0.9399999976158142,0.9399999976158142,0.9399999976158142,-0.006711418274790049,0
2001-03-22,0.9399999976158142,0.9399999976158142,0.9399999976158142,0.9399999976158142,-0.006711418274790049,0
2001-03-23,0.9399999976158142,0.9399999976158142,0.9399999976158142,0.9399999976158142,-0.006711418274790049,0
2001-03-26,0.9399999976158142,0.9399999976158142,0.9399999976158142,0.9399999976158142,-0.006711418274790049,0
2001-03-27,0.9399999976158142,0.9399999976158142,0.9399999976158142,0.9399999976158142,-0.006711418274790049,0
2001-03-28,0.9399999976158142,0.9399999976158142,0.9399999976158142,0.9399999976158142,-0.006711418274790049,0
2001-03-29,0.9399999976158142,0.9399999976158142,0.9399999976158142,0.9399999976158142,-0.006711418274790049,0
2001-03-30,0.9399999976158142,0.9399999976158142,0.9399999976158142,0.9399999976158142,-0.006711418274790049,0
2001-04-02,0.9399999976158142,0.9399999976158142,0.9399999976158142,0.9399999976158142,-0.006711418274790049,0
2001-04-03,0.9399999976158142,0.9399999976158142,0.9399999976158142,0.9399999976158142,-0.006711418274790049,0
2001-04-04,0.9399999976158142,0.9399999976158142,0.9399999976158142,0.9399999976158142,-0.006711418274790049,0
2001-04-05,0.9399999976158142,0.9399999976158142,0.9399999976158142,0.9399999976158142,-0.006711418274790049,0
2001-04-06,0.9399999976158142,0.9399999976158142,0.9399999976158142,0.9399999976158142,-0.006711418274790049,0
2001-04-09,0.9399999976158142,0.9399999976158142,0.9399999976158142,0.9399999976158142,-0.006711418274790049,0
2001-04-10,0.9399999976158142,0.9399999976158142,0.9399999976158142,0.9399999976158142,-0.006711418274790049,0
2001-04-11,0.9399999976158142,0.9399999976158142,0.9399999976158142,0.9399999976158142,-0.006711418274790049,0
2001-04-12,0.9399999976158142,0.9399999976158142,0.9399999976158142,0.9399999976158142,-0.006711418274790049,0
2001-04-13,0.9399999976158142,0.9399999976158142,0.9399999976158142,0.9399999976158142,-0.006711418274790049,0
2001-04-16,0.9399999976158142,0.9399999976158142,0.9399999976158142,0.9399999976158142,-0.006711418274790049,0
2001-04-17,0.9399999976158142,0.9399999976158142,0.9399999976158142,0.9399999976158142,-0.006711418274790049,0
2001-04-18,0.9399999976158142,0.9399999976158142,0.9399999976158142,0.9399999976158142,-0.006711418274790049,0
2001-04-19,0.9399999976158142,0.9399999976158142,0.9399999976158142,0.9399999976158142,-0.006711418274790049,0
2001-04-20,0.9399999976158142,0.9399999976158142,0.9399999976158142,0.9399999976158142,-0.006711418274790049,0
2001-04-23,0.9399999976158142,0.9399999976158142,0.9399999976158142,0.9399999976158142,-0.006711418274790049,0
2001-04-24,0.9399999976158142,0.9399999976158142,0.9399999976158142,0.9399999976158142,-0.006711418274790049,0
2001-04-25,0.9399999976158142,0.9399999976158142,0.9399999976158142,0.9399999976158142,-0.006711418274790049,0
2001-04-26,0.9399999976158142,0.9399999976158142,0.9399999976158142,0.9399999976158142,-0.006711418274790049,0
2001-04-27,0.9399999976158142,0.9399999976158142,0.9399999976158142,0.9399999976158142,-0.006711418274790049,0
2001-04-30,0.9399999976158142,0.9399999976158142,0.9399999976158142,0.9399999976158142,-0.006711418274790049,0
2001-05-01,0.9399999976158142,0.9399999976158142,0.9399999976158142,0.9399999976158142,-0.006711418274790049,0
2001-05-02,0.9399999976158142,0.9399999976158142,0.9399999976158142,0.9399999976158142,-0.006711418274790049,0
2001-05-03,0.9399999976158142,0.9399999976158142,0.9399999976158142,0.9399999976158142,-0.006711418274790049,0
2001-05-04,0.9399999976158142,0.9399999976158142,0.9399999976158142,0.9399999976158142,-0.006711418274790049,0
2001-05-07,0.9399999976158142,0.9399999976158142,0.9399999976158142,0.9399999976158142,-0.006711418274790049,0
2001-05-08,0.9399999976158142,0.9399999976158142,0.9399999976158142,0.9399999976158142,-0.006711418274790049,0
2001-05-09,0.9399999976158142,0.9399999976158142,0.9399999976158142,0.9399999976158142,-0.006711418274790049,0
2001-05-10,0.9399999976158142,0.9399999976158142,0.9399999976158142,0.9399999976158142,-0.006711418274790049,0
2001-05-11,0.9399999976158142,0.9399999976158142,0.9399999976158142,0.9399999976158142,-0.006711418274790049,0
2001-05-14,0.9399999976158142,0.9399999976158142,0.9399999976158142,0.9399999976158142,-0.006711418274790049,0
2001-05-15,0.9399999976158142,0.9399999976158142,0.9399999976158142,0.9399999976158142,-0.006711418274790049,0
2001-05-16,0.9399999976158142,0.9399999976158142,0.9399999976158142,0.9399999976158142,-0.006711418274790049,0
2001-05-17,0.9399999976158142,0.9399999976158142,0.9399999976158142,0.9399999976158142,-0.006711418274790049,0
2001-05-18,0.9399999976158142,0.9399999976158142,0.9399999976158142,0.9399999976158142,-0.006711418274790049,0
2001-05-21,0.9399999976158142,0.9399999976158142,0.9399999976158142,0.9399999976158142,-0.006711418274790049,0
2001-05-22,0.9399999976158142,0.9399999976158142,0.9399999976158142,0.9399999976158142,-0.006711418274790049,0
2001-05-23,0.9399999976158142,0.9399999976158142,0.9399999976158142,0.9399999976158142,-0.006711418274790049,0
2001-05-24,0.9399999976158142,0.9399999976158142,0.9399999976158142,0.9399999976158142,-0.006711418274790049,0
2001-05-25,0.9399999976158142,0.9399999976158142,0.9399999976158142,0.9399999976158142,-0.006711418274790049,0
2001-05-28,0.9399999976158142,0.9399999976158142,0.9399999976158142,0.9399999976158142,-0.006711418274790049,0
2001-05-29,0.9399999976158142,0.9399999976158142,0.9399999976158142,0.9399999976158142,-0.006711418274790049,0
2001-05-30,0.9399999976158142,0.9399999976158142,0.9399999976158142,0.9399999976158142,-0.006711418274790049,0
2001-05-31,0.9399999976158142,0.9399999976158142,0.9399999976158142,0.9399999976158142,-0.006711418274790049,0
2001-06-01,0.9399999976158142,0.9399999976158142,0.9399999976158142,0.9399999976158142,-0.006711418274790049,0
2001-06-04,0.9399999976158142,0.9399999976158142,0.9399999976158142,0.9399999976158142,-0.006711418274790049,0
2001-06-05,0.9399999976158142,0.9399999976158142,0.9399999976158142,0.9399999976158142,-0.006711418274790049,0
2001-06-06,0.9399999976158142,0.9399999976158142,0.9399999976158142,0.9399999976158142,-0.006711418274790049,0
2001-06-07,0.9399999976158142,0.9399999976158142,0.9399999976158142,0.9399999976158142,-0.006711418274790049,0
2001-06-08,0.9399999976158142,0.9399999976158142,0.9399999976158142,0.9399999976158142,-0.006711418274790049,0
2001-06-11,0.9399999976158142,0.9399999976158142,0.9399999976158142,0.9399999976158142,-0.006711418274790049,0
2001-06-12,0.9399999976158142,0.9399999976158142,0.9399999976158142,0.9399999976158142,-0.006711418274790049,0
2001-06-13,0.9399999976158142,0.9399999976158142,0.9399999976158142,0.9399999976158142,-0.006711418274790049,0
2001-06-14,0.9399999976158142,0.9399999976158142,0.9399999976158142,0.9399999976158142,-0.006711418274790049,0
2001-06-15,0.9399999976158142,0.9399999976158142,0.9399999976158142,0.9399999976158142,-0.006711418274790049,0
2001-06-18,0.9399999976158142,0.9399999976158142,0.9399999976158142,0.9399999976158142,-0.006711418274790049,0
2001-06-19,0.9399999976158142,0.9399999976158142,0.9399999976158142,0.9399999976158142,-0.006711418274790049,0
2001-06-20,0.9399999976158142,0.9399999976158142,0.9399999976158142,0.9399999976158142,-0.006711418274790049,0
2001-06-21,0.9399999976158142,0.9399999976158142,0.9399999976158142,0.9399999976158142,-0.006711418274790049,0
2001-06-22,0.9399999976158142,0.9399999976158142,0.9399999976158142,0.9399999976158142,-0.006711418274790049,0
2001-06-25,0.9399999976158142,0.9399999976158142,0.9399999976158142,0.9399999976158142,-0.006711418274790049,0
2001-06-26,0.9399999976158142,0.9399999976158142,0.9399999976158142,0.9399999976158142,-0.006711418274790049,0
2001-06-27,0.9399999976158142,0.9399999976158142,0.9399999976158142,0.9399999976158142,-0.006711418274790049,0
2001-06-28,0.9399999976158142,0.9399999976158142,0.9399999976158142,0.9399999976158142,-0.006711418274790049,0
2001-06-29,0.9399999976158142,0.9399999976158142,0.9399999976158142,0.9399999976158142,-0.006711418274790049,0
2001-07-02,0.9399999976158142,0.9399999976158142,0.9399999976158142,0.9399999976158142,-0.006711418274790049,0
2001-07-03,0.9399999976158142,0.9399999976158142,0.9399999976158142,0.9399999976158142,-0.006711418274790049,0
2001-07-04,0.9399999976158142,0.9399999976158142,0.9399999976158142,0.9399999976158142,-0.006711418274790049,0
2001-07-05,0.9399999976158142,0.9399999976158142,0.9399999976158142,0.9399999976158142,-0.006711418274790049,0
2001-07-06,0.9399999976158142,0.9399999976158142,0.9399999976158142,0.9399999976158142,-0.006711418274790049,0
2001-07-09,0.9399999976158142,0.9399999976158142,0.9399999976158142,0.9399999976158142,-0.006711418274790049,0
2001-07-10,0.9399999976158142,0.9399999976158142,0.9399999976158142,0.9399999976158142,-0.006711418274790049,0
2001-07-11,0.9399999976158142,0.9399999976158142,0.9399999976158142,0.9399999976158142,-0.006711418274790049,0
2001-07-12,0.9399999976158142,0.9399999976158142,0.9399999976158142,0.9399999976158142,-0.006711418274790049,0
2001-07-13,0.9399999976158142,0.9399999976158142,0.9399999976158142,0.9399999976158142,-0.006711418274790049,0
2001-07-16,0.9399999976158142,0.9399999976158142,0.9399999976158142,0.9399999976158142,-0.006711418274790049,0
2001-07-17,0.9399999976158142,0.9399999976158142,0.9399999976158142,0.9399999976158142,-0.006711418274790049,0
2001-07-18,0.9399999976158142,0.9399999976158142,0.9399999976158142,0.9399999976158142,-0.006711418274790049,0
2001-07-19,0.9399999976158142,0.9399999976158142,0.9399999976158142,0.9399999976158142,-0.006711418274790049,0
2001-07-20,0.9399999976158142,0.9399999976158142,0.9399999976158142,0.9399999976158142,-0.006711418274790049,0
2001-07-23,0.9399999976158142,0.9399999976158142,0.9399999976158142,0.9399999976158142,-0.006711418274790049,0
2001-07-24,0.9399999976158142,0.9399999976158142,0.9399999976158142,0.9399999976158142,-0.006711418274790049,0
2001-07-25,0.9399999976158142,0.9399999976158142,0.9399999976158142,0.9399999976158142,-0.006711418274790049,0
2001-07-26,0.9399999976158142,0.9399999976158142,0.9399999976158142,0.9399999976158142,-0.006711418274790049,0
2001-07-27,0.9399999976158142,0.9399999976158142,0.9399999976158142,0.9399999976158142,-0.006711418274790049,0
2001-07-30,0.9399999976158142,0.9399999976158142,0.9399999976158142,0.9399999976158142,-0.006711418274790049,0
2001-07-31,0.9399999976158142,0.9399999976158142,0.9399999976158142,0.9399999976158142,-0.006711418274790049,0
2001-08-01,0.9399999976158142,0.9399999976158142,0.9399999976158142,0.9399999976158142,-0.006711418274790049,0
2001-08-02,0.9399999976158142,0.9399999976158142,0.9399999976158142,0.9399999976158142,-0.006711418274790049,0
2001-08-03,0.9399999976158142,0.9399999976158142,0.9399999976158142,0.9399999976158142,-0.006711418274790049,0
2001-08-06,0.9399999976158142,0.9399999976158142,0.9399999976158142,0.9399999976158142,-0.006711418274790049,0
2001-08-07,0.9399999976158142,0.9399999976158142,0.9399999976158142,0.9399999976158142,-0.006711418274790049,0
2001-08-08,0.9399999976158142,0.9399999976158142,0.9399999976158142,0.9399999976158142,-0.006711418274790049,0
2001-08-09,0.9399999976158142,0.9399999976158142,0.9399999976158142,0.9399999976158142,-0.006711418274790049,0
2001-08-10,0.9399999976158142,0.9399999976158142,0.9399999976158142,0.9399999976158142,-0.006711418274790049,0
2001-08-13,0.9399999976158142,0.9399999976158142,0.9399999976158142,0.9399999976158142,-0.006711418274790049,0
2001-08-14,0.9399999976158142,0.9399999976158142,0.9399999976158142,0.9399999976158142,-0.006711418274790049,0
2001-08-15,0.9399999976158142,0.9399999976158142,0.9399999976158142,0.9399999976158142,-0.006711418274790049,0
2001-08-16,0.9399999976158142,0.9399999976158142,0.9399999976158142,0.9399999976158142,-0.006711418274790049,0
2001-08-17,0.9399999976158142,0.9399999976158142,0.9399999976158142,0.9399999976158142,-0.006711418274790049,0
2001-08-20,0.9399999976158142,0.9399999976158142,0.9399999976158142,0.9399999976158142,-0.006711418274790049,0
2001-08-21,0.9399999976158142,0.9399999976158142,0.9399999976158142,0.9399999976158142,-0.006711418274790049,0
2001-08-22,0.9399999976158142,0.9399999976158142,0.9399999976158142,0.9399999976158142,-0.006711418274790049,0
2001-08-23,0.9399999976158142,0.9399999976158142,0.9399999976158142,0.9399999976158142,-0.006711418274790049,0
2001-08-24,0.9399999976158142,0.9399999976158142,0.9399999976158142,0.9399999976158142,-0.006711418274790049,0
2001-08-27,0.9399999976158142,0.9399999976158142,0.9399999976158142,0.9399999976158142,-0.006711418274790049,0
2001-08-28,0.9399999976158142,0.9399999976158142,0.9399999976158142,0.9399999976158142,-0.006711418274790049,0
2001-08-29,0.9399999976158142,0.9399999976158142,0.9399999976158142,0.9399999976158142,-0.006711418274790049,0
2001-08-30,0.9399999976158142,0.9399999976158142,0.9399999976158142,0.9399999976158142,-0.006711418274790049,0
2001-08-31,0.9399999976158142,0.9399999976158142,0.9399999976158142,0.9399999976158142,-0.006711418274790049,0
2001-09-03,0.9399999976158142,0.9399999976158142,0.9399999976158142,0.9399999976158142,-0.006711418274790049,0
2001-09-04,0.9399999976158142,0.9399999976158142,0.9399999976158142,0.9399999976158142,-0.006711418274790049,0
2001-09-05,0.9399999976158142,0.9399999976158142,0.9399999976158142,0.9399999976158142,-0.006711418274790049,0
2001-09-06,0.9399999976158142,0.9399999976158142,0.9399999976158142,0.9399999976158142,-0.006711418274790049,0
2001-09-07,0.9399999976158142,0.9399999976158142,0.9399999976158142,0.9399999976158142,-0.006711418274790049,0
2001-09-10,0.9399999976158142,0.9399999976158142,0.9399999976158142,0.9399999976158142,-0.006711418274790049,0
2001-09-11,0.9399999976158142,0.9399999976158142,0.9399999976158142,0.9399999976158142,-0.006711418274790049,0
2001-09-12,0.9399999976158142,0.9399999976158142,0.9399999976158142,0.9399999976158142,-0.006711418274790049,0
2001-09-13,0.9399999976158142,0.9399999976158142,0.9399999976158142,0.9399999976158142,-0.006711418274790049,0
2001-09-14,0.9399999976158142,0.9399999976158142,0.9399999976158142,0.9399999976158142,-0.006711418274790049,0
2001-09-17,0.9399999976158142,0.9399999976158142,0.9399999976158142,0.9399999976158142,-0.006711418274790049,0
2001-09-18,0.9399999976158142,0.9399999976158142,0.9399999976158142,0.9399999976158142,-0.006711418274790049,0
2001-09-19,0.9399999976158142,0.9399999976158142,0.9399999976158142,0.9399999976158142,-0.006711418274790049,0
2001-09-20,0.9399999976158142,0.9399999976158142,0.9399999976158142,0.9399999976158142,-0.006711418274790049,0
2001-09-21,0.9399999976158142,0.9399999976158142,0.9399999976158142,0.9399999976158142,-0.006711418274790049,0
2001-09-24,0.9399999976158142,0.9399999976158142,0.9399999976158142,0.9399999976158142,-0.006711418274790049,0
2001-09-25,0.9399999976158142,0.9399999976158142,0.9399999976158142,0.9399999976158142,-0.006711418274790049,0
2001-09-26,0.9399999976158142,0.9399999976158142,0.9399999976158142,0.9399999976158142,-0.006711418274790049,0
2001-09-27,0.9399999976158142,0.9399999976158142,0.9399999976158142,0.9399999976158142,-0.006711418274790049,0
2001-09-28,0.9399999976158142,0.9399999976158142,0.9399999976158142,0.9399999976158142,-0.006711418274790049,0
2001-10-01,0.9399999976158142,0.9399999976158142,0.9399999976158142,0.9399999976158142,-0.006711418274790049,0
2001-10-02,0.9399999976158142,0.9399999976158142,0.9399999976158142,0.9399999976158142,-0.006711418274790049,0
2001-10-03,0.9399999976158142,0.9399999976158142,0.9399999976158142,0.9399999976158142,-0.006711418274790049,0
2001-10-04,0.9399999976158142,0.9399999976158142,0.9399999976158142,0.9399999976158142,-0.006711418274790049,0
2001-10-05,0.9399999976158142,0.9399999976158142,0.9399999976158142,0.9399999976158142,-0.006711418274790049,0
2001-10-08,0.9399999976158142,0.9399999976158142,0.9399999976158142,0.9399999976158142,-0.006711418274790049,0
2001-10-09,0.9399999976158142,0.9399999976158142,0.9399999976158142,0.9399999976158142,-0.006711418274790049,0
2001-10-10,0.9399999976158142,0.9399999976158142,0.9399999976158142,0.9399999976158142,-0.006711418274790049,0
2001-10-11,0.9399999976158142,0.9399999976158142,0.9399999976158142,0.9399999976158142,-0.006711418274790049,0
2001-10-12,0.9399999976158142,0.9399999976158142,0.9399999976158142,0.9399999976158142,-0.006711418274790049,0
2001-10-15,0.9399999976158142,0.9399999976158142,0.9399999976158142,0.9399999976158142,-0.006711418274790049,0
2001-10-16,0.9399999976158142,0.9399999976158142,0.9399999976158142,0.9399999976158142,-0.006711418274790049,0
2001-10-17,0.9399999976158142,0.9399999976158142,0.9399999976158142,0.9399999976158142,-0.006711418274790049,0
2001-10-18,0.9399999976158142,0.9399999976158142,0.9399999976158142,0.9399999976158142,-0.006711418274790049,0
2001-10-19,0.9399999976158142,0.9399999976158142,0.9399999976158142,0.9399999976158142,-0.006711418274790049,0
2001-10-22,0.9399999976158142,0.9399999976158142,0.9399999976158142,0.9399999976158142,-0.006711418274790049,0
2001-10-23,0.9399999976158142,0.9399999976158142,0.9399999976158142,0.9399999976158142,-0.006711418274790049,0
2001-10-24,0.9399999976158142,0.9399999976158142,0.9399999976158142,0.9399999976158142,-0.006711418274790049,0
2001-10-25,0.9399999976158142,0.9399999976158142,0.9399999976158142,0.9399999976158142,-0.006711418274790049,0
2001-10-26,0.9399999976158142,0.9399999976158142,0.9399999976158142,0.9399999976158142,-0.006711418274790049,0
2001-10-29,0.9399999976158142,0.9399999976158142,0.9399999976158142,0.9399999976158142,-0.006711418274790049,0
2001-10-30,0.9399999976158142,0.9399999976158142,0.9399999976158142,0.9399999976158142,-0.006711418274790049,0
2001-10-31,0.9399999976158142,0.9399999976158142,0.9399999976158142,0.9399999976158142,-0.006711418274790049,0
2001-11-01,0.9399999976158142,0.9399999976158142,0.9399999976158142,0.9399999976158142,-0.006711418274790049,0
2001-11-02,0.9399999976158142,0.9399999976158142,0.9399999976158142,0.9399999976158142,-0.006711418274790049,0
2001-11-05,0.9399999976158142,0.9399999976158142,0.9399999976158142,0.9399999976158142,-0.006711418274790049,0
2001-11-06,0.9399999976158142,0.9399999976158142,0.9399999976158142,0.9399999976158142,-0.006711418274790049,0
2001-11-07,0.9399999976158142,0.9399999976158142,0.9399999976158142,0.9399999976158142,-0.006711418274790049,0
2001-11-08,0.9399999976158142,0.9399999976158142,0.9399999976158142,0.9399999976158142,-0.006711418274790049,0
2001-11-09,0.9399999976158142,0.9399999976158142,0.9399999976158142,0.9399999976158142,-0.006711418274790049,0
2001-11-12,0.9399999976158142,0.9399999976158142,0.9399999976158142,0.9399999976158142,-0.006711418274790049,0
2001-11-13,0.9399999976158142,0.9399999976158142,0.9399999976158142,0.9399999976158142,-0.006711418274790049,0
2001-11-14,0.9399999976158142,0.9399999976158142,0.9399999976158142,0.9399999976158142,-0.006711418274790049,0
2001-11-15,0.9399999976158142,0.9399999976158142,0.9399999976158142,0.9399999976158142,-0.006711418274790049,0
2001-11-16,0.9399999976158142,0.9399999976158142,0.9399999976158142,0.9399999976158142,-0.006711418274790049,0
2001-11-19,0.9399999976158142,0.9399999976158142,0.9399999976158142,0.9399999976158142,-0.006711418274790049,0
2001-11-20,0.9399999976158142,0.9399999976158142,0.9399999976158142,0.9399999976158142,-0.006711418274790049,0
2001-11-21,0.9399999976158142,0.9399999976158142,0.9399999976158142,0.9399999976158142,-0.006711418274790049,0
2001-11-22,0.9399999976158142,0.9399999976158142,0.9399999976158142,0.9399999976158142,-0.006711418274790049,0
2001-11-23,0.9399999976158142,0.9399999976158142,0.9399999976158142,0.9399999976158142,-0.006711418274790049,0
2001-11-26,0.9399999976158142,0.9399999976158142,0.9399999976158142,0.9399999976158142,-0.006711418274790049,0
2001-11-27,0.9399999976158142,0.9399999976158142,0.9399999976158142,0.9399999976158142,-0.006711418274790049,0
2001-11-28,0.9399999976158142,0.9399999976158142,0.9399999976158142,0.9399999976158142,-0.006711418274790049,0
2001-11-29,0.9399999976158142,0.9399999976158142,0.9399999976158142,0.9399999976158142,-0.006711418274790049,0
2001-11-30,0.9399999976158142,0.9399999976158142,0.9399999976158142,0.9399999976158142,-0.006711418274790049,0
2001-12-03,0.9399999976158142,0.9399999976158142,0.9399999976158142,0.9399999976158142,-0.006711418274790049,0
2001-12-04,0.9399999976158142,0.9399999976158142,0.9399999976158142,0.9399999976158142,-0.006711418274790049,0
2001-12-05,0.9399999976158142,0.9399999976158142,0.9399999976158142,0.9399999976158142,-0.006711418274790049,0
2001-12-06,0.9399999976158142,0.9399999976158142,0.9399999976158142,0.9399999976158142,-0.006711418274790049,0
2001-12-07,0.9399999976158142,0.9399999976158142,0.9399999976158142,0.9399999976158142,-0.006711418274790049,0
2001-12-10,0.9399999976158142,0.9399999976158142,0.9399999976158142,0.9399999976158142,-0.006711418274790049,0
2001-12-11,0.9399999976158142,0.9399999976158142,0.9399999976158142,0.9399999976158142,-0.006711418274790049,0
2001-12-12,0.9399999976158142,0.9399999976158142,0.9399999976158142,0.9399999976158142,-0.006711418274790049,0
2001-12-13,0.9399999976158142,0.9399999976158142,0.9399999976158142,0.9399999976158142,-0.006711418274790049,0
2001-12-14,0.9399999976158142,0.9399999976158142,0.9399999976158142,0.9399999976158142,-0.006711418274790049,0
2001-12-17,0.9399999976158142,0.9399999976158142,0.9399999976158142,0.9399999976158142,-0.006711418274790049,0
2001-12-18,0.9399999976158142,0.9399999976158142,0.9399999976158142,0.9399999976158142,-0.006711418274790049,0
2001-12-19,0.9399999976158142,0.9399999976158142,0.9399999976158142,0.9399999976158142,-0.006711418274790049,0
2001-12-20,0.9399999976158142,0.9399999976158142,0.9399999976158142,0.9399999976158142,-0.006711418274790049,0
2001-12-21,0.9399999976158142,0.9399999976158142,0.9399999976158142,0.9399999976158142,-0.006711418274790049,0
2001-12-24,0.9399999976158142,0.9399999976158142,0.9399999976158142,0.9399999976158142,-0.006711418274790049,0
2001-12-25,0.9399999976158142,0.9399999976158142,0.9399999976158142,0.9399999976158142,-0.006711418274790049,0
2001-12-26,0.9399999976158142,0.9399999976158142,0.9399999976158142,0.9399999976158142,-0.006711418274790049,0
2001-12-27,0.9399999976158142,0.9399999976158142,0.9399999976158142,0.9399999976158142,-0.006711418274790049,0
2001-12-28,0.9399999976158142,0.9399999976158142,0.9399999976158142,0.9399999976158142,-0.006711418274790049,0
2001-12-31,0.9399999976158142,0.9399999976158142,0.9399999976158142,0.9399999976158142,-0.006711418274790049,0
2002-01-01,0.9399999976158142,0.9399999976158142,0.9399999976158142,0.9399999976158142,-0.006711418274790049,0
2002-01-02,0.9399999976158142,0.9399999976158142,0.9399999976158142,0.9399999976158142,-0.006711418274790049,0
2002-01-03,0.9399999976158142,0.9399999976158142,0.9399999976158142,0.9399999976158142,-0.006711418274790049,0
2002-01-04,0.9399999976158142,0.9399999976158142,0.9399999976158142,0.9399999976158142,-0.006711418274790049,0
2002-01-07,0.9399999976158142,0.9399999976158142,0.9399999976158142,0.9399999976158142,-0.006711418274790049,0
2002-01-08,0.9399999976158142,0.9399999976158142,0.9399999976158142,0.9399999976158142,-0.006711418274790049,0
2002-01-09,0.9399999976158142,0.9399999976158142,0.9399999976158142,0.9399999976158142,-0.006711418274790049,0
2002-01-10,0.9399999976158142,0.9399999976158142,0.9399999976158142,0.9399999976158142,-0.006711418274790049,0
2002-01-11,0.9399999976158142,0.9399999976158142,0.9399999976158142,0.9399999976158142,-0.006711418274790049,0
2002-01-14,0.9399999976158142,0.9399999976158142,0.9399999976158142,0.9399999976158142,-0.006711418274790049,0
2002-01-15,0.9399999976158142,0.9399999976158142,0.9399999976158142,0.9399999976158142,-0.006711418274790049,0
2002-01-16,0.9399999976158142,0.9399999976158142,0.9399999976158142,0.9399999976158142,-0.006711418274790049,0
2002-01-17,0.9399999976158142,0.9399999976158142,0.9399999976158142,0.9399999976158142,-0.006711418274790049,0
2002-01-18,0.9399999976158142,0.9399999976158142,0.9399999976158142,0.9399999976158142,-0.006711418274790049,0
2002-01-21,0.9399999976158142,0.9399999976158142,0.9399999976158142,0.9399999976158142,-0.006711418274790049,0
2002-01-22,0.9399999976158142,0.9399999976158142,0.9399999976158142,0.9399999976158142,-0.006711418274790049,0
2002-01-23,0.9399999976158142,0.9399999976158142,0.9399999976158142,0.9399999976158142,-0.006711418274790049,0
2002-01-24,0.9399999976158142,0.9399999976158142,0.9399999976158142,0.9399999976158142,-0.006711418274790049,0
2002-01-25,0.9399999976158142,0.9399999976158142,0.9399999976158142,0.9399999976158142,-0.006711418274790049,0
2002-01-28,0.9399999976158142,0.9399999976158142,0.9399999976158142,0.9399999976158142,-0.006711418274790049,0
2002-01-29,0.9399999976158142,0.9399999976158142,0.9399999976158142,0.9399999976158142,-0.006711418274790049,0
2002-01-30,0.9399999976158142,0.9399999976158142,0.9399999976158142,0.9399999976158142,-0.006711418274790049,0
2002-01-31,0.9399999976158142,0.9399999976158142,0.9399999976158142,0.9399999976158142,-0.006711418274790049,0
2002-02-01,0.9399999976158142,0.9399999976158142,0.9399999976158142,0.9399999976158142,-0.006711418274790049,0
2002-02-04,0.9399999976158142,0.9399999976158142,0.9399999976158142,0.9399999976158142,-0.006711418274790049,0
2002-02-05,0.9399999976158142,0.9399999976158142,0.9399999976158142,0.9399999976158142,-0.006711418274790049,0
2002-02-06,0.9399999976158142,0.9399999976158142,0.9399999976158142,0.9399999976158142,-0.006711418274790049,0
2002-02-07,0.9399999976158142,0.9399999976158142,0.9399999976158142,0.9399999976158142,-0.006711418274790049,0
2002-02-08,0.9399999976158142,0.9399999976158142,0.9399999976158142,0.9399999976158142,-0.006711418274790049,0
2002-02-11,0.9399999976158142,0.9399999976158142,0.9399999976158142,0.9399999976158142,-0.006711418274790049,0
2002-02-12,0.9399999976158142,0.9399999976158142,0.9399999976158142,0.9399999976158142,-0.006711418274790049,0
2002-02-13,0.9399999976158142,0.9399999976158142,0.9399999976158142,0.9399999976158142,-0.006711418274790049,0
2002-02-14,0.9399999976158142,0.9399999976158142,0.9399999976158142,0.9399999976158142,-0.006711418274790049,0
2002-02-15,0.9399999976158142,0.9399999976158142,0.9399999976158142,0.9399999976158142,-0.006711418274790049,0
2002-02-18,0.9399999976158142,0.9399999976158142,0.9399999976158142,0.9399999976158142,-0.006711418274790049,0
2002-02-19,0.9399999976158142,0.9399999976158142,0.9399999976158142,0.9399999976158142,-0.006711418274790049,0
2002-02-20,0.9399999976158142,0.9399999976158142,0.9399999976158142,0.9399999976158142,-0.006711418274790049,0
2002-02-21,0.9399999976158142,0.9399999976158142,0.9399999976158142,0.9399999976158142,-0.006711418274790049,0
2002-02-22,0.9399999976158142,0.9399999976158142,0.9399999976158142,0.9399999976158142,-0.006711418274790049,0
2002-02-25,0.9399999976158142,0.9399999976158142,0.9399999976158142,0.9399999976158142,-0.006711418274790049,0
2002-02-26,0.9399999976158142,0.9399999976158142,0.9399999976158142,0.9399999976158142,-0.006711418274790049,0
2002-02-27,0.9399999976158142,0.9399999976158142,0.9399999976158142,0.9399999976158142,-0.006711418274790049,0
2002-02-28,0.9399999976158142,0.9399999976158142,0.9399999976158142,0.9399999976158142,-0.006711418274790049,0
2002-03-01,0.9399999976158142,0.9399999976158142,0.9399999976158142,0.9399999976158142,-0.006711418274790049,0
2002-03-04,0.9399999976158142,0.9399999976158142,0.9399999976158142,0.9399999976158142,-0.006711418274790049,0
2002-03-05,0.9399999976158142,0.9399999976158142,0.9399999976158142,0.9399999976158142,-0.006711418274790049,0
2002-03-06,0.9399999976158142,0.9399999976158142,0.9399999976158142,0.9399999976158142,-0.006711418274790049,0
2002-03-07,0.9399999976158142,0.9399999976158142,0.9399999976158142,0.9399999976158142,-0.006711418274790049,0
2002-03-08,0.9399999976158142,0.9399999976158142,0.9399999976158142,0.9399999976158142,-0.006711418274790049,0
2002-03-11,0.9399999976158142,0.9399999976158142,0.9399999976158142,0.9399999976158142,-0.006711418274790049,0
2002-03-12,0.9399999976158142,0.9399999976158142,0.9399999976158142,0.9399999976158142,-0.006711418274790049,0
2002-03-13,0.9399999976158142,0.9399999976158142,0.9399999976158142,0.9399999976158142,-0.006711418274790049,0
2002-03-14,0.9399999976158142,0.9399999976158142,0.9399999976158142,0.9399999976158142,-0.006711418274790049,0
2002-03-15,0.9399999976158142,0.9399999976158142,0.9399999976158142,0.9399999976158142,-0.006711418274790049,0
2002-03-18,0.9399999976158142,0.9399999976158142,0.9399999976158142,0.9399999976158142,-0.006711418274790049,0
2002-03-19,0.9399999976158142,0.9399999976158142,0.9399999976158142,0.9399999976158142,-0.006711418274790049,0
2002-03-20,0.9399999976158142,0.9399999976158142,0.9399999976158142,0.9399999976158142,-0.006711418274790049,0
2002-03-21,0.9399999976158142,0.9399999976158142,0.9399999976158142,0.9399999976158142,-0.006711418274790049,0
2002-03-22,0.9399999976158142,0.9399999976158142,0.9399999976158142,0.9399999976158142,-0.006711418274790049,0
2002-03-25,0.9399999976158142,0.9399999976158142,0.9399999976158142,0.9399999976158142,-0.006711418274790049,0
2002-03-26,0.9399999976158142,0.9399999976158142,0.9399999976158142,0.9399999976158142,-0.006711418274790049,0
2002-03-27,0.9399999976158142,0.9399999976158142,0.9399999976158142,0.9399999976158142,-0.006711418274790049,0
2002-03-28,0.9399999976158142,0.9399999976158142,0.9399999976158142,0.9399999976158142,-0.006711418274790049,0
2002-03-29,0.9399999976158142,0.9399999976158142,0.9399999976158142,0.9399999976158142,-0.006711418274790049,0
2002-04-01,0.9399999976158142,0.9399999976158142,0.9399999976158142,0.9399999976158142,-0.006711418274790049,0
2002-04-02,0.9399999976158142,0.9399999976158142,0.9399999976158142,0.9399999976158142,-0.006711418274790049,0
2002-04-03,0.9399999976158142,0.9399999976158142,0.9399999976158142,0.9399999976158142,-0.006711418274790049,0
2002-04-04,0.9399999976158142,0.9399999976158142,0.9399999976158142,0.9399999976158142,-0.006711418274790049,0
2002-04-05,0.9399999976158142,0.9399999976158142,0.9399999976158142,0.9399999976158142,-0.006711418274790049,0
2002-04-08,0.9399999976158142,0.9399999976158142,0.9399999976158142,0.9399999976158142,-0.006711418274790049,0
2002-04-09,0.9399999976158142,0.9399999976158142,0.9399999976158142,0.9399999976158142,-0.006711418274790049,0
2002-04-10,0.9399999976158142,0.9399999976158142,0.9399999976158142,0.9399999976158142,-0.006711418274790049,0
2002-04-11,0.9399999976158142,0.9399999976158142,0.9399999976158142,0.9399999976158142,-0.006711418274790049,0
2002-04-12,0.9399999976158142,0.9399999976158142,0.9399999976158142,0.9399999976158142,-0.006711418274790049,0
2002-04-15,0.9399999976158142,0.9399999976158142,0.9399999976158142,0.9399999976158142,-0.006711418274790049,0
2002-04-16,0.9399999976158142,0.9399999976158142,0.9399999976158142,0.9399999976158142,-0.006711418274790049,0
2002-04-17,0.9399999976158142,0.9399999976158142,0.9399999976158142,0.9399999976158142,0.01104642078280449,0
2002-04-18,0.9399999976158142,0.9399999976158142,0.9399999976158142,0.9399999976158142,0.01104642078280449,0
2002-04-19,0.9399999976158142,0.9399999976158142,0.9399999976158142,0.9399999976158142,0.01104642078280449,0
2002-04-22,0.9399999976158142,0.9399999976158142,0.9399999976158142,0.9399999976158142,0.01104642078280449,0
2002-04-23,0.9399999976158142,0.9399999976158142,0.9399999976158142,0.9399999976158142,0.01104642078280449,0
2002-04-24,0.9399999976158142,0.9399999976158142,0.9399999976158142,0.9399999976158142,0.01104642078280449,0
2002-04-25,0.9399999976158142,0.9399999976158142,0.9399999976158142,0.9399999976158142,0.01104642078280449,0
2002-04-26,0.9399999976158142,0.9399999976158142,0.9399999976158142,0.9399999976158142,0.01104642078280449,0
2002-04-29,0.9399999976158142,0.9399999976158142,0.9399999976158142,0.9399999976158142,0.01104642078280449,0
2002-04-30,0.9399999976158142,0.9399999976158142,0.9399999976158142,0.9399999976158142,0.01104642078280449,0
2002-05-01,0.9399999976158142,0.9399999976158142,0.9399999976158142,0.9399999976158142,0.01104642078280449,0
2002-05-02,0.9399999976158142,0.9399999976158142,0.9399999976158142,0.9399999976158142,0.01104642078280449,0
2002-05-03,0.9399999976158142,0.9399999976158142,0.9399999976158142,0.9399999976158142,0.01104642078280449,0
2002-05-06,0.9399999976158142,0.9399999976158142,0.9399999976158142,0.9399999976158142,0.01104642078280449,0
2002-05-07,0.9399999976158142,0.9399999976158142,0.9399999976158142,0.9399999976158142,0.01104642078280449,0
2002-05-08,0.9399999976158142,0.9399999976158142,0.9399999976158142,0.9399999976158142,0.01104642078280449,0
2002-05-09,0.9399999976158142,0.9399999976158142,0.9399999976158142,0.9399999976158142,0.01104642078280449,0
2002-05-10,0.9399999976158142,0.9399999976158142,0.9399999976158142,0.9399999976158142,0.01104642078280449,0
2002-05-13,0.9399999976158142,0.9399999976158142,0.9399999976158142,0.9399999976158142,0.01104642078280449,0
2002-05-14,0.9399999976158142,0.9399999976158142,0.9399999976158142,0.9399999976158142,0.01104642078280449,0
2002-05-15,0.9399999976158142,0.9399999976158142,0.9399999976158142,0.9399999976158142,0.01104642078280449,0
2002-05-16,0.9399999976158142,0.9399999976158142,0.9399999976158142,0.9399999976158142,0.01104642078280449,0
2002-05-17,0.9399999976158142,0.9399999976158142,0.9399999976158142,0.9399999976158142,0.01104642078280449,0
2002-05-20,0.9399999976158142,0.9399999976158142,0.9399999976158142,0.9399999976158142,0.01104642078280449,0
2002-05-21,0.9399999976158142,0.9399999976158142,0.9399999976158142,0.9399999976158142,0.01104642078280449,0
2002-05-22,0.9399999976158142,0.9399999976158142,0.9399999976158142,0.9399999976158142,0.01104642078280449,0
2002-05-23,0.9399999976158142,0.9399999976158142,0.9399999976158142,0.9399999976158142,0.01104642078280449,0
2002-05-24,0.9399999976158142,0.9399999976158142,0.9399999976158142,0.9399999976158142,0.01104642078280449,0
2002-05-27,0.9399999976158142,0.9399999976158142,0.9399999976158142,0.9399999976158142,0.01104642078280449,0
2002-05-28,0.9399999976158142,0.9399999976158142,0.9399999976158142,0.9399999976158142,0.01104642078280449,0
2002-05-29,0.9399999976158142,0.9399999976158142,0.9399999976158142,0.9399999976158142,0.01104642078280449,0
2002-05-30,0.9399999976158142,0.9399999976158142,0.9399999976158142,0.9399999976158142,0.01104642078280449,0
2002-05-31,0.9399999976158142,0.9399999976158142,0.9399999976158142,0.9399999976158142,0.01104642078280449,0
2002-06-03,0.9399999976158142,0.9399999976158142,0.9399999976158142,0.9399999976158142,0.01104642078280449,0
2002-06-04,0.9399999976158142,0.9399999976158142,0.9399999976158142,0.9399999976158142,0.01104642078280449,0
2002-06-05,0.9399999976158142,0.9399999976158142,0.9399999976158142,0.9399999976158142,0.01104642078280449,0
2002-06-06,0.9399999976158142,0.9399999976158142,0.9399999976158142,0.9399999976158142,0.01104642078280449,0
2002-06-07,0.9399999976158142,0.9399999976158142,0.9399999976158142,0.9399999976158142,0.01104642078280449,0
2002-06-10,0.9399999976158142,0.9399999976158142,0.9399999976158142,0.9399999976158142,0.01104642078280449,0
2002-06-11,0.9399999976158142,0.9399999976158142,0.9399999976158142,0.9399999976158142,0.01104642078280449,0
2002-06-12,0.9399999976158142,0.9399999976158142,0.9399999976158142,0.9399999976158142,0.01104642078280449,0
2002-06-13,0.9399999976158142,0.9399999976158142,0.9399999976158142,0.9399999976158142,0.01104642078280449,0
2002-06-14,0.9399999976158142,0.9399999976158142,0.9399999976158142,0.9399999976158142,0.01104642078280449,0
2002-06-17,0.9399999976158142,0.9399999976158142,0.9399999976158142,0.9399999976158142,0.01104642078280449,0
2002-06-18,0.9399999976158142,0.9399999976158142,0.9399999976158142,0.9399999976158142,0.01104642078280449,0
2002-06-19,0.9399999976158142,0.9399999976158142,0.9399999976158142,0.9399999976158142,0.01104642078280449,0
2002-06-20,0.9399999976158142,0.9399999976158142,0.9399999976158142,0.9399999976158142,0.01104642078280449,0
2002-06-21,0.9399999976158142,0.9399999976158142,0.9399999976158142,0.9399999976158142,0.01104642078280449,0
2002-06-24,0.9399999976158142,0.9399999976158142,0.9399999976158142,0.9399999976158142,0.01104642078280449,0
2002-06-25,0.9399999976158142,0.9399999976158142,0.9399999976158142,0.9399999976158142,0.01104642078280449,0
2002-06-26,0.9399999976158142,0.9399999976158142,0.9399999976158142,0.9399999976158142,0.01104642078280449,0
2002-06-27,0.9399999976158142,0.9399999976158142,0.9399999976158142,0.9399999976158142,0.01104642078280449,0
2002-06-28,0.9399999976158142,0.9399999976158142,0.9399999976158142,0.9399999976158142,0.01104642078280449,0
2002-07-01,0.9399999976158142,0.9399999976158142,0.9399999976158142,0.9399999976158142,0.01104642078280449,0
2002-07-02,0.9399999976158142,0.9399999976158142,0.9399999976158142,0.9399999976158142,0.01104642078280449,0
2002-07-03,0.9399999976158142,0.9399999976158142,0.9399999976158142,0.9399999976158142,0.01104642078280449,0
2002-07-04,0.9399999976158142,0.9399999976158142,0.9399999976158142,0.9399999976158142,0.01104642078280449,0
2002-07-05,0.9399999976158142,0.9399999976158142,0.9399999976158142,0.9399999976158142,0.01104642078280449,0
2002-07-08,0.9399999976158142,0.9399999976158142,0.9399999976158142,0.9399999976158142,0.01104642078280449,0
2002-07-09,0.9399999976158142,0.9399999976158142,0.9399999976158142,0.9399999976158142,0.01104642078280449,0
2002-07-10,0.9399999976158142,0.9399999976158142,0.9399999976158142,0.9399999976158142,0.01104642078280449,0
2002-07-11,0.9399999976158142,0.9399999976158142,0.9399999976158142,0.9399999976158142,0.01104642078280449,0
2002-07-12,0.9399999976158142,0.9399999976158142,0.9399999976158142,0.9399999976158142,0.01104642078280449,0
2002-07-15,0.9399999976158142,0.9399999976158142,0.9399999976158142,0.9399999976158142,0.01104642078280449,0
2002-07-16,0.9399999976158142,0.9399999976158142,0.9399999976158142,0.9399999976158142,0.01104642078280449,0
2002-07-17,0.9399999976158142,0.9399999976158142,0.9399999976158142,0.9399999976158142,0.01104642078280449,0
2002-07-18,0.9399999976158142,0.9399999976158142,0.9399999976158142,0.9399999976158142,0.01104642078280449,0
2002-07-19,0.9399999976158142,0.9399999976158142,0.9399999976158142,0.9399999976158142,0.01104642078280449,0
2002-07-22,0.9399999976158142,0.9399999976158142,0.9399999976158142,0.9399999976158142,0.01104642078280449,0
2002-07-23,0.9399999976158142,0.9399999976158142,0.9399999976158142,0.9399999976158142,0.01104642078280449,0
2002-07-24,0.9399999976158142,0.9399999976158142,0.9399999976158142,0.9399999976158142,0.01104642078280449,0
2002-07-25,0.9399999976158142,0.9399999976158142,0.9399999976158142,0.9399999976158142,0.01104642078280449,0
2002-07-26,0.9399999976158142,0.9399999976158142,0.9399999976158142,0.9399999976158142,0.01104642078280449,0
2002-07-29,0.9399999976158142,0.9399999976158142,0.9399999976158142,0.9399999976158142,0.01104642078280449,0
2002-07-30,0.9399999976158142,0.9399999976158142,0.9399999976158142,0.9399999976158142,0.01104642078280449,0
2002-07-31,0.9399999976158142,0.9399999976158142,0.9399999976158142,0.9399999976158142,0.01104642078280449,0
2002-08-01,0.9399999976158142,0.9399999976158142,0.9399999976158142,0.9399999976158142,0.01104642078280449,0
2002-08-02,0.9399999976158142,0.9399999976158142,0.9399999976158142,0.9399999976158142,0.01104642078280449,0
2002-08-05,0.9399999976158142,0.9399999976158142,0.9399999976158142,0.9399999976158142,0.01104642078280449,0
2002-08-06,0.9399999976158142,0.9399999976158142,0.9399999976158142,0.9399999976158142,0.01104642078280449,0
2002-08-07,0.9399999976158142,0.9399999976158142,0.9399999976158142,0.9399999976158142,0.01104642078280449,0
2002-08-08,0.9399999976158142,0.9399999976158142,0.9399999976158142,0.9399999976158142,0.01104642078280449,0
2002-08-09,0.9399999976158142,0.9399999976158142,0.9399999976158142,0.9399999976158142,0.01104642078280449,0
2002-08-12,0.9399999976158142,0.9399999976158142,0.9399999976158142,0.9399999976158142,0.01104642078280449,0
2002-08-13,0.9399999976158142,0.9399999976158142,0.9399999976158142,0.9399999976158142,0.01104642078280449,0
2002-08-14,0.9399999976158142,0.9399999976158142,0.9399999976158142,0.9399999976158142,0.01104642078280449,0
2002-08-15,0.9399999976158142,0.9399999976158142,0.9399999976158142,0.9399999976158142,0.01104642078280449,0
2002-08-16,0.9399999976158142,0.9399999976158142,0.9399999976158142,0.9399999976158142,0.01104642078280449,0
2002-08-19,0.9399999976158142,0.9399999976158142,0.9399999976158142,0.9399999976158142,0.01104642078280449,0
2002-08-20,0.9399999976158142,0.9399999976158142,0.9399999976158142,0.9399999976158142,0.01104642078280449,0
2002-08-21,0.9399999976158142,0.9399999976158142,0.9399999976158142,0.9399999976158142,0.01104642078280449,0
2002-08-22,0.9399999976158142,0.9399999976158142,0.9399999976158142,0.9399999976158142,0.01104642078280449,0
2002-08-23,0.9399999976158142,0.9399999976158142,0.9399999976158142,0.9399999976158142,0.01104642078280449,0
2002-08-26,0.9399999976158142,0.9399999976158142,0.9399999976158142,0.9399999976158142,0.01104642078280449,0
2002-08-27,0.9399999976158142,0.9399999976158142,0.9399999976158142,0.9399999976158142,0.01104642078280449,0
2002-08-28,0.9399999976158142,0.9399999976158142,0.9399999976158142,0.9399999976158142,0.01104642078280449,0
2002-08-29,0.9399999976158142,0.9399999976158142,0.9399999976158142,0.9399999976158142,0.01104642078280449,0
2002-08-30,0.9399999976158142,0.9399999976158142,0.9399999976158142,0.9399999976158142,0.01104642078280449,0
2002-09-02,0.9399999976158142,0.9399999976158142,0.9399999976158142,0.9399999976158142,0.01104642078280449,0
2002-09-03,0.9399999976158142,0.9399999976158142,0.9399999976158142,0.9399999976158142,0.01104642078280449,0
2002-09-04,0.9399999976158142,0.9399999976158142,0.9399999976158142,0.9399999976158142,0.01104642078280449,0
2002-09-05,0.9399999976158142,0.9399999976158142,0.9399999976158142,0.9399999976158142,0.01104642078280449,0
2002-09-06,0.9399999976158142,0.9399999976158142,0.9399999976158142,0.9399999976158142,0.01104642078280449,0
2002-09-09,0.9399999976158142,0.9399999976158142,0.9399999976158142,0.9399999976158142,0.01104642078280449,0
2002-09-10,0.9399999976158142,0.9399999976158142,0.9399999976158142,0.9399999976158142,0.01104642078280449,0
2002-09-11,0.9399999976158142,0.9399999976158142,0.9399999976158142,0.9399999976158142,0.01104642078280449,0
2002-09-12,0.9399999976158142,0.9399999976158142,0.9399999976158142,0.9399999976158142,0.01104642078280449,0
2002-09-13,0.9399999976158142,0.9399999976158142,0.9399999976158142,0.9399999976158142,0.01104642078280449,0
2002-09-16,0.9399999976158142,0.9399999976158142,0.9399999976158142,0.9399999976158142,0.01104642078280449,0
2002-09-17,0.9399999976158142,0.9399999976158142,0.9399999976158142,0.9399999976158142,0.01104642078280449,0
2002-09-18,0.9399999976158142,0.9399999976158142,0.9399999976158142,0.9399999976158142,0.01104642078280449,0
2002-09-19,0.9399999976158142,0.9399999976158142,0.9399999976158142,0.9399999976158142,0.01104642078280449,0
2002-09-20,0.9399999976158142,0.9399999976158142,0.9399999976158142,0.9399999976158142,0.01104642078280449,0
2002-09-23,0.9399999976158142,0.9399999976158142,0.9399999976158142,0.9399999976158142,0.01104642078280449,0
2002-09-24,0.9399999976158142,0.9399999976158142,0.9399999976158142,0.9399999976158142,0.01104642078280449,0
2002-09-25,0.9399999976158142,0.9399999976158142,0.9399999976158142,0.9399999976158142,0.01104642078280449,0
2002-09-26,0.9399999976158142,0.9399999976158142,0.9399999976158142,0.9399999976158142,0.01104642078280449,0
2002-09-27,0.9399999976158142,0.9399999976158142,0.9399999976158142,0.9399999976158142,0.01104642078280449,0
2002-09-30,0.9399999976158142,0.9399999976158142,0.9399999976158142,0.9399999976158142,0.01104642078280449,0
2002-10-01,0.9399999976158142,0.9399999976158142,0.9399999976158142,0.9399999976158142,0.01104642078280449,0
2002-10-02,0.9399999976158142,0.9399999976158142,0.9399999976158142,0.9399999976158142,0.01104642078280449,0
2002-10-03,0.9399999976158142,0.9399999976158142,0.9399999976158142,0.9399999976158142,0.01104642078280449,0
2002-10-04,0.9399999976158142,0.9399999976158142,0.9399999976158142,0.9399999976158142,0.01104642078280449,0
2002-10-07,0.9399999976158142,0.9399999976158142,0.9399999976158142,0.9399999976158142,0.01104642078280449,0
2002-10-08,0.9399999976158142,0.9399999976158142,0.9399999976158142,0.9399999976158142,0.01104642078280449,0
2002-10-09,0.9399999976158142,0.9399999976158142,0.9399999976158142,0.9399999976158142,0.01104642078280449,0
2002-10-10,0.9399999976158142,0.9399999976158142,0.9399999976158142,0.9399999976158142,0.01104642078280449,0
2002-10-11,0.9399999976158142,0.9399999976158142,0.9399999976158142,0.9399999976158142,0.01104642078280449,0
2002-10-14,0.9399999976158142,0.9399999976158142,0.9399999976158142,0.9399999976158142,0.01104642078280449,0
2002-10-15,0.9399999976158142,0.9399999976158142,0.9399999976158142,0.9399999976158142,0.01104642078280449,0
2002-10-16,0.9399999976158142,0.9399999976158142,0.9399999976158142,0.9399999976158142,0.01104642078280449,0
2002-10-17,0.9399999976158142,0.9399999976158142,0.9399999976158142,0.9399999976158142,0.01104642078280449,0
2002-10-18,0.9399999976158142,0.9399999976158142,0.9399999976158142,0.9399999976158142,0.01104642078280449,0
2002-10-21,0.9399999976158142,0.9399999976158142,0.9399999976158142,0.9399999976158142,0.01104642078280449,0
2002-10-22,0.9399999976158142,0.9399999976158142,0.9399999976158142,0.9399999976158142,0.01104642078280449,0
2002-10-23,0.9399999976158142,0.9399999976158142,0.9399999976158142,0.9399999976158142,0.01104642078280449,0
2002-10-24,0.9399999976158142,0.9399999976158142,0.9399999976158142,0.9399999976158142,0.01104642078280449,0
2002-10-25,0.9399999976158142,0.9399999976158142,0.9399999976158142,0.9399999976158142,0.01104642078280449,0
2002-10-28,0.9399999976158142,0.9399999976158142,0.9399999976158142,0.9399999976158142,0.01104642078280449,0
2002-10-29,0.9399999976158142,0.9399999976158142,0.9399999976158142,0.9399999976158142,0.01104642078280449,0
2002-10-30,0.9399999976158142,0.9399999976158142,0.9399999976158142,0.9399999976158142,0.01104642078280449,0
2002-10-31,0.9399999976158142,0.9399999976158142,0.9399999976158142,0.9399999976158142,0.01104642078280449,0
2002-11-01,0.9399999976158142,0.9399999976158142,0.9399999976158142,0.9399999976158142,0.01104642078280449,0
2002-11-04,0.9399999976158142,0.9399999976158142,0.9399999976158142,0.9399999976158142,0.01104642078280449,0
2002-11-05,0.9399999976158142,0.9399999976158142,0.9399999976158142,0.9399999976158142,0.01104642078280449,0
2002-11-06,0.9399999976158142,0.9399999976158142,0.9399999976158142,0.9399999976158142,0.01104642078280449,0
2002-11-07,0.9399999976158142,0.9399999976158142,0.9399999976158142,0.9399999976158142,0.01104642078280449,0
2002-11-08,0.9399999976158142,0.9399999976158142,0.9399999976158142,0.9399999976158142,0.01104642078280449,0
2002-11-11,0.9399999976158142,0.9399999976158142,0.9399999976158142,0.9399999976158142,0.01104642078280449,0
2002-11-12,0.9399999976158142,0.9399999976158142,0.9399999976158142,0.9399999976158142,0.01104642078280449,0
2002-11-13,0.9399999976158142,0.9399999976158142,0.9399999976158142,0.9399999976158142,0.01104642078280449,0
2002-11-14,0.9399999976158142,0.9399999976158142,0.9399999976158142,0.9399999976158142,0.01104642078280449,0
2002-11-15,0.9399999976158142,0.9399999976158142,0.9399999976158142,0.9399999976158142,0.01104642078280449,0
2002-11-18,0.9399999976158142,0.9399999976158142,0.9399999976158142,0.9399999976158142,0.01104642078280449,0
2002-11-19,0.9399999976158142,0.9399999976158142,0.9399999976158142,0.9399999976158142,0.01104642078280449,0
2002-11-20,0.9399999976158142,0.9399999976158142,0.9399999976158142,0.9399999976158142,0.01104642078280449,0
2002-11-21,0.9399999976158142,0.9399999976158142,0.9399999976158142,0.9399999976158142,0.01104642078280449,0
2002-11-22,0.9399999976158142,0.9399999976158142,0.9399999976158142,0.9399999976158142,0.01104642078280449,0
2002-11-25,0.9399999976158142,0.9399999976158142,0.9399999976158142,0.9399999976158142,0.01104642078280449,0
2002-11-26,0.9399999976158142,0.9399999976158142,0.9399999976158142,0.9399999976158142,0.01104642078280449,0
2002-11-27,0.9399999976158142,0.9399999976158142,0.9399999976158142,0.9399999976158142,0.01104642078280449,0
2002-11-28,0.9399999976158142,0.9399999976158142,0.9399999976158142,0.9399999976158142,0.01104642078280449,0
2002-11-29,0.9399999976158142,0.9399999976158142,0.9399999976158142,0.9399999976158142,0.01104642078280449,0
2002-12-02,0.9399999976158142,0.9399999976158142,0.9399999976158142,0.9399999976158142,0.01104642078280449,0
2002-12-03,0.9399999976158142,0.9399999976158142,0.9399999976158142,0.9399999976158142,0.01104642078280449,0
2002-12-04,0.9399999976158142,0.9399999976158142,0.9399999976158142,0.9399999976158142,0.01104642078280449,0
2002-12-05,0.9399999976158142,0.9399999976158142,0.9399999976158142,0.9399999976158142,0.01104642078280449,0
2002-12-06,0.9399999976158142,0.9399999976158142,0.9399999976158142,0.9399999976158142,0.01104642078280449,0
2002-12-09,0.9399999976158142,0.9399999976158142,0.9399999976158142,0.9399999976158142,0.01104642078280449,0
2002-12-10,0.9399999976158142,0.9399999976158142,0.9399999976158142,0.9399999976158142,0.01104642078280449,0
2002-12-11,0.9399999976158142,0.9399999976158142,0.9399999976158142,0.9399999976158142,0.01104642078280449,0
2002-12-12,0.9399999976158142,0.9399999976158142,0.9399999976158142,0.9399999976158142,0.01104642078280449,0
2002-12-13,0.9399999976158142,0.9399999976158142,0.9399999976158142,0.9399999976158142,0.01104642078280449,0
2002-12-16,0.9399999976158142,0.9399999976158142,0.9399999976158142,0.9399999976158142,0.01104642078280449,0
2002-12-17,0.9399999976158142,0.9399999976158142,0.9399999976158142,0.9399999976158142,0.01104642078280449,0
2002-12-18,0.9399999976158142,0.9399999976158142,0.9399999976158142,0.9399999976158142,0.01104642078280449,0
2002-12-19,0.9399999976158142,0.9399999976158142,0.9399999976158142,0.9399999976158142,0.01104642078280449,0
2002-12-20,0.9399999976158142,0.9399999976158142,0.9399999976158142,0.9399999976158142,0.01104642078280449,0
2002-12-23,0.9399999976158142,0.9399999976158142,0.9399999976158142,0.9399999976158142,0.01104642078280449,0
2002-12-24,0.9399999976158142,0.9399999976158142,0.9399999976158142,0.9399999976158142,0.01104642078280449,0
2002-12-25,0.9399999976158142,0.9399999976158142,0.9399999976158142,0.9399999976158142,0.01104642078280449,0
2002-12-26,0.9399999976158142,0.9399999976158142,0.9399999976158142,0.9399999976158142,0.01104642078280449,0
2002-12-27,0.9399999976158142,0.9399999976158142,0.9399999976158142,0.9399999976158142,0.01104642078280449,0
2002-12-30,0.9399999976158142,0.9399999976158142,0.9399999976158142,0.9399999976158142,0.01104642078280449,0
2002-12-31,0.9399999976158142,0.9399999976158142,0.9399999976158142,0.9399999976158142,0.01104642078280449,0
2003-01-01,0.9399999976158142,0.9399999976158142,0.9399999976158142,0.9399999976158142,0.01104642078280449,0
2003-01-02,0.9399999976158142,0.9399999976158142,0.9399999976158142,0.9399999976158142,0.01104642078280449,0
2003-01-03,0.9399999976158142,0.9399999976158142,0.9399999976158142,0.9399999976158142,0.01104642078280449,0
2003-01-06,0.9399999976158142,0.9399999976158142,0.9399999976158142,0.9399999976158142,0.01104642078280449,0
2003-01-07,0.9399999976158142,0.9399999976158142,0.9399999976158142,0.9399999976158142,0.01104642078280449,0
2003-01-08,0.9399999976158142,0.9399999976158142,0.9399999976158142,0.9399999976158142,0.01104642078280449,0
2003-01-09,0.9399999976158142,0.9399999976158142,0.9399999976158142,0.9399999976158142,0.01104642078280449,0
2003-01-10,0.9399999976158142,0.9399999976158142,0.9399999976158142,0.9399999976158142,0.01104642078280449,0
2003-01-13,0.9399999976158142,0.9399999976158142,0.9399999976158142,0.9399999976158142,0.01104642078280449,0
2003-01-14,0.9399999976158142,0.9399999976158142,0.9399999976158142,0.9399999976158142,0.01104642078280449,0
2003-01-15,0.9399999976158142,0.9399999976158142,0.9399999976158142,0.9399999976158142,0.01104642078280449,0
2003-01-16,0.9399999976158142,0.9399999976158142,0.9399999976158142,0.9399999976158142,0.01104642078280449,0
2003-01-17,0.9399999976158142,0.9399999976158142,0.9399999976158142,0.9399999976158142,0.01104642078280449,0
2003-01-20,0.9399999976158142,0.9399999976158142,0.9399999976158142,0.9399999976158142,0.01104642078280449,0
2003-01-21,0.9399999976158142,0.9399999976158142,0.9399999976158142,0.9399999976158142,0.01104642078280449,0
2003-01-22,0.9399999976158142,0.9399999976158142,0.9399999976158142,0.9399999976158142,0.01104642078280449,0
2003-01-23,0.9399999976158142,0.9399999976158142,0.9399999976158142,0.9399999976158142,0.01104642078280449,0
2003-01-24,0.9399999976158142,0.9399999976158142,0.9399999976158142,0.9399999976158142,0.01104642078280449,0
2003-01-27,0.9399999976158142,0.9399999976158142,0.9399999976158142,0.9399999976158142,0.01104642078280449,0
2003-01-28,0.9399999976158142,0.9399999976158142,0.9399999976158142,0.9399999976158142,0.01104642078280449,0
2003-01-29,0.9399999976158142,0.9399999976158142,0.9399999976158142,0.9399999976158142,0.01104642078280449,0
2003-01-30,0.9399999976158142,0.9399999976158142,0.9399999976158142,0.9399999976158142,0.01104642078280449,0
2003-01-31,0.9399999976158142,0.9399999976158142,0.9399999976158142,0.9399999976158142,0.01104642078280449,0
2003-02-03,0.9399999976158142,0.9399999976158142,0.9399999976158142,0.9399999976158142,0.01104642078280449,0
2003-02-04,0.9399999976158142,0.9399999976158142,0.9399999976158142,0.9399999976158142,0.01104642078280449,0
2003-02-05,0.9399999976158142,0.9399999976158142,0.9399999976158142,0.9399999976158142,0.01104642078280449,0
2003-02-06,0.9399999976158142,0.9399999976158142,0.9399999976158142,0.9399999976158142,0.01104642078280449,0
2003-02-07,0.9399999976158142,0.9399999976158142,0.9399999976158142,0.9399999976158142,0.01104642078280449,0
2003-02-10,0.9399999976158142,0.9399999976158142,0.9399999976158142,0.9399999976158142,0.01104642078280449,0
2003-02-11,0.9399999976158142,0.9399999976158142,0.9399999976158142,0.9399999976158142,0.01104642078280449,0
2003-02-12,0.9399999976158142,0.9399999976158142,0.9399999976158142,0.9399999976158142,0.01104642078280449,0
2003-02-13,0.9399999976158142,0.9399999976158142,0.9399999976158142,0.9399999976158142,0.01104642078280449,0
2003-02-14,0.9399999976158142,0.9399999976158142,0.9399999976158142,0.9399999976158142,0.01104642078280449,0
2003-02-17,0.9399999976158142,0.9399999976158142,0.9399999976158142,0.9399999976158142,0.01104642078280449,0
2003-02-18,0.9399999976158142,0.9399999976158142,0.9399999976158142,0.9399999976158142,0.01104642078280449,0
2003-02-19,0.9399999976158142,0.9399999976158142,0.9399999976158142,0.9399999976158142,0.01104642078280449,0
2003-02-20,0.9399999976158142,0.9399999976158142,0.9399999976158142,0.9399999976158142,0.01104642078280449,0
2003-02-21,0.9399999976158142,0.9399999976158142,0.9399999976158142,0.9399999976158142,0.01104642078280449,0
2003-02-24,0.9399999976158142,0.9399999976158142,0.9399999976158142,0.9399999976158142,0.01104642078280449,0
2003-02-25,0.9399999976158142,0.9399999976158142,0.9399999976158142,0.9399999976158142,0.01104642078280449,0
2003-02-26,0.9399999976158142,0.9399999976158142,0.9399999976158142,0.9399999976158142,0.01104642078280449,0
2003-02-27,0.9399999976158142,0.9399999976158142,0.9399999976158142,0.9399999976158142,0.01104642078280449,0
2003-02-28,0.9399999976158142,0.9399999976158142,0.9399999976158142,0.9399999976158142,0.01104642078280449,0
2003-03-03,0.9399999976158142,0.9399999976158142,0.9399999976158142,0.9399999976158142,0.01104642078280449,0
2003-03-04,0.9399999976158142,0.9399999976158142,0.9399999976158142,0.9399999976158142,0.01104642078280449,0
2003-03-05,0.9399999976158142,0.9399999976158142,0.9399999976158142,0.9399999976158142,0.01104642078280449,0
2003-03-06,0.9399999976158142,0.9399999976158142,0.9399999976158142,0.9399999976158142,0.01104642078280449,0
2003-03-07,0.9399999976158142,0.9399999976158142,0.9399999976158142,0.9399999976158142,0.01104642078280449,0
2003-03-10,0.9399999976158142,0.9399999976158142,0.9399999976158142,0.9399999976158142,0.01104642078280449,0
2003-03-11,0.9399999976158142,0.9399999976158142,0.9399999976158142,0.9399999976158142,0.01104642078280449,0
2003-03-12,0.9399999976158142,0.9399999976158142,0.9399999976158142,0.9399999976158142,0.01104642078280449,0
2003-03-13,0.9399999976158142,0.9399999976158142,0.9399999976158142,0.9399999976158142,0.01104642078280449,0
2003-03-14,0.9399999976158142,0.9399999976158142,0.9399999976158142,0.9399999976158142,0.01104642078280449,0
2003-03-17,0.9399999976158142,0.9399999976158142,0.9399999976158142,0.9399999976158142,0.01104642078280449,0
2003-03-18,0.9399999976158142,0.9399999976158142,0.9399999976158142,0.9399999976158142,0.01104642078280449,0
2003-03-19,0.9399999976158142,0.9399999976158142,0.9399999976158142,0.9399999976158142,0.01104642078280449,0
2003-03-20,0.9399999976158142,0.9399999976158142,0.9399999976158142,0.9399999976158142,0.01104642078280449,0
2003-03-21,0.9399999976158142,0.9399999976158142,0.9399999976158142,0.9399999976158142,0.01104642078280449,0
2003-03-24,0.9399999976158142,0.9399999976158142,0.9399999976158142,0.9399999976158142,0.01104642078280449,0
2003-03-25,0.9399999976158142,0.9399999976158142,0.9399999976158142,0.9399999976158142,0.01104642078280449,0
2003-03-26,0.9399999976158142,0.9399999976158142,0.9399999976158142,0.9399999976158142,0.01104642078280449,0
2003-03-27,0.9399999976158142,0.9399999976158142,0.9399999976158142,0.9399999976158142,0.01104642078280449,0
2003-03-28,0.9399999976158142,0.9399999976158142,0.9399999976158142,0.9399999976158142,0.01104642078280449,0
2003-03-31,0.9399999976158142,0.9399999976158142,0.9399999976158142,0.9399999976158142,0.01104642078280449,0
2003-04-01,0.9399999976158142,0.9399999976158142,0.9399999976158142,0.9399999976158142,0.01104642078280449,0
2003-04-02,0.9399999976158142,0.9399999976158142,0.9399999976158142,0.9399999976158142,0.01104642078280449,0
2003-04-03,0.9399999976158142,0.9399999976158142,0.9399999976158142,0.9399999976158142,0.01104642078280449,0
2003-04-04,0.9399999976158142,0.9399999976158142,0.9399999976158142,0.9399999976158142,0.01104642078280449,0
2003-04-07,0.9399999976158142,0.9399999976158142,0.9399999976158142,0.9399999976158142,0.01104642078280449,0
2003-04-08,0.9399999976158142,0.9399999976158142,0.9399999976158142,0.9399999976158142,0.01104642078280449,0
2003-04-09,0.9399999976158142,0.9399999976158142,0.9399999976158142,0.9399999976158142,0.01104642078280449,0
2003-04-10,0.9399999976158142,0.9399999976158142,0.9399999976158142,0.9399999976158142,0.01104642078280449,0
2003-04-11,0.9399999976158142,0.9399999976158142,0.9399999976158142,0.9399999976158142,0.01104642078280449,0
2003-04-14,0.9399999976158142,0.9399999976158142,0.9399999976158142,0.9399999976158142,0.01104642078280449,0
2003-04-15,0.9399999976158142,0.9399999976158142,0.9399999976158142,0.9399999976158142,0.01104642078280449,0
2003-04-16,0.9399999976158142,0.9399999976158142,0.9399999976158142,0.9399999976158142,0.01104642078280449,0
2003-04-17,0.9399999976158142,0.9399999976158142,0.9399999976158142,0.9399999976158142,0.01104642078280449,0
2003-04-18,0.9399999976158142,0.9399999976158142,0.9399999976158142,0.9399999976158142,0.01104642078280449,0
2003-04-21,0.9399999976158142,0.9399999976158142,0.9399999976158142,0.9399999976158142,0.01104642078280449,0
2003-04-22,0.9399999976158142,0.9399999976158142,0.9399999976158142,0.9399999976158142,0.01104642078280449,0
2003-04-23,0.9399999976158142,0.9399999976158142,0.9399999976158142,0.9399999976158142,0.01104642078280449,0
2003-04-24,0.9399999976158142,0.9399999976158142,0.9399999976158142,0.9399999976158142,0.01104642078280449,0
2003-04-25,0.9399999976158142,0.9399999976158142,0.9399999976158142,0.9399999976158142,-0.018181467428803444,0
2003-04-28,0.9399999976158142,0.9399999976158142,0.9399999976158142,0.9399999976158142,-0.018181467428803444,0
2003-04-29,0.9399999976158142,0.9399999976158142,0.9399999976158142,0.9399999976158142,-0.018181467428803444,0
2003-04-30,0.9399999976158142,0.9399999976158142,0.9399999976158142,0.9399999976158142,-0.018181467428803444,0
2003-05-01,0.9399999976158142,0.9399999976158142,0.9399999976158142,0.9399999976158142,-0.018181467428803444,0
2003-05-02,0.9399999976158142,0.9399999976158142,0.9399999976158142,0.9399999976158142,-0.018181467428803444,0
2003-05-05,0.9399999976158142,0.9399999976158142,0.9399999976158142,0.9399999976158142,-0.018181467428803444,0
2003-05-06,0.9399999976158142,0.9399999976158142,0.9399999976158142,0.9399999976158142,-0.018181467428803444,0
2003-05-07,0.9399999976158142,0.9399999976158142,0.9399999976158142,0.9399999976158142,-0.018181467428803444,0
2003-05-08,0.9399999976158142,0.9399999976158142,0.9399999976158142,0.9399999976158142,-0.018181467428803444,0
2003-05-09,0.9399999976158142,0.9399999976158142,0.9399999976158142,0.9399999976158142,-0.018181467428803444,0
2003-05-12,0.9399999976158142,0.9399999976158142,0.9399999976158142,0.9399999976158142,-0.018181467428803444,0
2003-05-13,0.9399999976158142,0.9399999976158142,0.9399999976158142,0.9399999976158142,-0.018181467428803444,0
2003-05-14,0.9399999976158142,0.9399999976158142,0.9399999976158142,0.9399999976158142,-0.018181467428803444,0
2003-05-15,0.9399999976158142,0.9399999976158142,0.9399999976158142,0.9399999976158142,-0.018181467428803444,0
2003-05-16,0.9399999976158142,0.9399999976158142,0.9399999976158142,0.9399999976158142,-0.018181467428803444,0
2003-05-19,0.9399999976158142,0.9399999976158142,0.9399999976158142,0.9399999976158142,-0.018181467428803444,0
2003-05-20,0.9399999976158142,0.9399999976158142,0.9399999976158142,0.9399999976158142,-0.018181467428803444,0
2003-05-21,0.9399999976158142,0.9399999976158142,0.9399999976158142,0.9399999976158142,-0.018181467428803444,0
2003-05-22,0.9399999976158142,0.9399999976158142,0.9399999976158142,0.9399999976158142,-0.018181467428803444,0
2003-05-23,0.9399999976158142,0.9399999976158142,0.9399999976158142,0.9399999976158142,-0.018181467428803444,0
2003-05-26,0.9399999976158142,0.9399999976158142,0.9399999976158142,0.9399999976158142,-0.018181467428803444,0
2003-05-27,0.9399999976158142,0.9399999976158142,0.9399999976158142,0.9399999976158142,-0.018181467428803444,0
2003-05-28,0.9399999976158142,0.9399999976158142,0.9399999976158142,0.9399999976158142,-0.018181467428803444,0
2003-05-29,0.9399999976158142,0.9399999976158142,0.9399999976158142,0.9399999976158142,-0.018181467428803444,0
2003-05-30,0.9399999976158142,0.9399999976158142,0.9399999976158142,0.9399999976158142,-0.018181467428803444,0
2003-06-02,0.9399999976158142,0.9399999976158142,0.9399999976158142,0.9399999976158142,-0.018181467428803444,0
2003-06-03,0.9399999976158142,0.9399999976158142,0.9399999976158142,0.9399999976158142,-0.018181467428803444,0
2003-06-04,0.9399999976158142,0.9399999976158142,0.9399999976158142,0.9399999976158142,-0.018181467428803444,0
2003-06-05,0.9399999976158142,0.9399999976158142,0.9399999976158142,0.9399999976158142,-0.018181467428803444,0
2003-06-06,0.9399999976158142,0.9399999976158142,0.9399999976158142,0.9399999976158142,-0.018181467428803444,0
2003-06-09,0.9399999976158142,0.9399999976158142,0.9399999976158142,0.9399999976158142,-0.018181467428803444,0
2003-06-10,0.9399999976158142,0.9399999976158142,0.9399999976158142,0.9399999976158142,-0.018181467428803444,0
2003-06-11,0.9399999976158142,0.9399999976158142,0.9399999976158142,0.9399999976158142,-0.018181467428803444,0
2003-06-12,0.9399999976158142,0.9399999976158142,0.9399999976158142,0.9399999976158142,-0.018181467428803444,0
2003-06-13,0.9399999976158142,0.9399999976158142,0.9399999976158142,0.9399999976158142,-0.018181467428803444,0
2003-06-16,0.9399999976158142,0.9399999976158142,0.9399999976158142,0.9399999976158142,-0.018181467428803444,0
2003-06-17,0.9399999976158142,0.9399999976158142,0.9399999976158142,0.9399999976158142,-0.018181467428803444,0
2003-06-18,0.9399999976158142,0.9399999976158142,0.9399999976158142,0.9399999976158142,-0.018181467428803444,0
2003-06-19,0.9399999976158142,0.9399999976158142,0.9399999976158142,0.9399999976158142,-0.018181467428803444,0
2003-06-20,0.9399999976158142,0.9399999976158142,0.9399999976158142,0.9399999976158142,-0.018181467428803444,0
2003-06-23,0.9399999976158142,0.9399999976158142,0.9399999976158142,0.9399999976158142,-0.018181467428803444,0
2003-06-24,0.9399999976158142,0.9399999976158142,0.9399999976158142,0.9399999976158142,-0.018181467428803444,0
2003-06-25,0.9399999976158142,0.9399999976158142,0.9399999976158142,0.9399999976158142,-0.018181467428803444,0
2003-06-26,0.9399999976158142,0.9399999976158142,0.9399999976158142,0.9399999976158142,-0.018181467428803444,0
2003-06-27,0.9399999976158142,0.9399999976158142,0.9399999976158142,0.9399999976158142,-0.018181467428803444,0
2003-06-30,0.9399999976158142,0.9399999976158142,0.9399999976158142,0.9399999976158142,-0.018181467428803444,0
2003-07-01,0.9399999976158142,0.9399999976158142,0.9399999976158142,0.9399999976158142,-0.018181467428803444,0
2003-07-02,0.9399999976158142,0.9399999976158142,0.9399999976158142,0.9399999976158142,-0.018181467428803444,0
2003-07-03,0.9399999976158142,0.9399999976158142,0.9399999976158142,0.9399999976158142,-0.018181467428803444,0
2003-07-04,0.9399999976158142,0.9399999976158142,0.9399999976158142,0.9399999976158142,-0.018181467428803444,0
2003-07-07,0.9399999976158142,0.9399999976158142,0.9399999976158142,0.9399999976158142,-0.018181467428803444,0
2003-07-08,0.9399999976158142,0.9399999976158142,0.9399999976158142,0.9399999976158142,-0.018181467428803444,0
2003-07-09,0.9399999976158142,0.9399999976158142,0.9399999976158142,0.9399999976158142,-0.018181467428803444,0
2003-07-10,0.9399999976158142,0.9399999976158142,0.9399999976158142,0.9399999976158142,-0.018181467428803444,0
2003-07-11,0.9399999976158142,0.9399999976158142,0.9399999976158142,0.9399999976158142,-0.018181467428803444,0
2003-07-14,0.9399999976158142,0.9399999976158142,0.9399999976158142,0.9399999976158142,-0.018181467428803444,0
2003-07-15,0.9399999976158142,0.9399999976158142,0.9399999976158142,0.9399999976158142,-0.018181467428803444,0
2003-07-16,0.9399999976158142,0.9399999976158142,0.9399999976158142,0.9399999976158142,-0.018181467428803444,0
2003-07-17,0.9399999976158142,0.9399999976158142,0.9399999976158142,0.9399999976158142,-0.018181467428803444,0
2003-07-18,0.9399999976158142,0.9399999976158142,0.9399999976158142,0.9399999976158142,-0.018181467428803444,0
2003-07-21,0.9399999976158142,0.9399999976158142,0.9399999976158142,0.9399999976158142,-0.018181467428803444,0
2003-07-22,0.9399999976158142,0.9399999976158142,0.9399999976158142,0.9399999976158142,-0.018181467428803444,0
2003-07-23,0.9399999976158142,0.9399999976158142,0.9399999976158142,0.9399999976158142,-0.018181467428803444,0
2003-07-24,0.9399999976158142,0.9399999976158142,0.9399999976158142,0.9399999976158142,-0.018181467428803444,0
2003-07-25,0.9399999976158142,0.9399999976158142,0.9399999976158142,0.9399999976158142,-0.018181467428803444,0
2003-07-28,0.9399999976158142,0.9399999976158142,0.9399999976158142,0.9399999976158142,-0.018181467428803444,0
2003-07-29,0.9399999976158142,0.9399999976158142,0.9399999976158142,0.9399999976158142,-0.018181467428803444,0
2003-07-30,0.9399999976158142,0.9399999976158142,0.9399999976158142,0.9399999976158142,-0.018181467428803444,0
2003-07-31,0.9399999976158142,0.9399999976158142,0.9399999976158142,0.9399999976158142,-0.018181467428803444,0
2003-08-01,0.9399999976158142,0.9399999976158142,0.9399999976158142,0.9399999976158142,-0.018181467428803444,0
2003-08-04,0.9399999976158142,0.9399999976158142,0.9399999976158142,0.9399999976158142,-0.018181467428803444,0
2003-08-05,0.9399999976158142,0.9399999976158142,0.9399999976158142,0.9399999976158142,-0.018181467428803444,0
2003-08-06,0.9399999976158142,0.9399999976158142,0.9399999976158142,0.9399999976158142,-0.018181467428803444,0
2003-08-07,0.9399999976158142,0.9399999976158142,0.9399999976158142,0.9399999976158142,-0.018181467428803444,0
2003-08-08,0.9399999976158142,0.9399999976158142,0.9399999976158142,0.9399999976158142,-0.018181467428803444,0
2003-08-11,0.9399999976158142,0.9399999976158142,0.9399999976158142,0.9399999976158142,-0.018181467428803444,0
2003-08-12,0.9399999976158142,0.9399999976158142,0.9399999976158142,0.9399999976158142,-0.018181467428803444,0
2003-08-13,0.9399999976158142,0.9399999976158142,0.9399999976158142,0.9399999976158142,-0.018181467428803444,0
2003-08-14,0.9399999976158142,0.9399999976158142,0.9399999976158142,0.9399999976158142,-0.018181467428803444,0
2003-08-15,0.9399999976158142,0.9399999976158142,0.9399999976158142,0.9399999976158142,-0.018181467428803444,0
2003-08-18,0.9399999976158142,0.9399999976158142,0.9399999976158142,0.9399999976158142,-0.018181467428803444,0
2003-08-19,0.9399999976158142,0.9399999976158142,0.9399999976158142,0.9399999976158142,-0.018181467428803444,0
2003-08-20,0.9399999976158142,0.9399999976158142,0.9399999976158142,0.9399999976158142,-0.018181467428803444,0
2003-08-21,0.9399999976158142,0.9399999976158142,0.9399999976158142,0.9399999976158142,-0.018181467428803444,0
2003-08-22,0.9399999976158142,0.9399999976158142,0.9399999976158142,0.9399999976158142,-0.018181467428803444,0
2003-08-25,0.9399999976158142,0.9399999976158142,0.9399999976158142,0.9399999976158142,-0.018181467428803444,0
2003-08-26,0.9399999976158142,0.9399999976158142,0.9399999976158142,0.9399999976158142,-0.018181467428803444,0
2003-08-27,0.9399999976158142,0.9399999976158142,0.9399999976158142,0.9399999976158142,-0.018181467428803444,0
2003-08-28,0.9399999976158142,0.9399999976158142,0.9399999976158142,0.9399999976158142,-0.018181467428803444,0
2003-08-29,0.9399999976158142,0.9399999976158142,0.9399999976158142,0.9399999976158142,-0.018181467428803444,0
2003-09-01,0.9399999976158142,0.9399999976158142,0.9399999976158142,0.9399999976158142,-0.018181467428803444,0
2003-09-02,0.9399999976158142,0.9399999976158142,0.9399999976158142,0.9399999976158142,-0.018181467428803444,0
2003-09-03,0.9399999976158142,0.9399999976158142,0.9399999976158142,0.9399999976158142,-0.018181467428803444,0
2003-09-04,0.9399999976158142,0.9399999976158142,0.9399999976158142,0.9399999976158142,-0.018181467428803444,0
2003-09-05,0.9399999976158142,0.9399999976158142,0.9399999976158142,0.9399999976158142,-0.018181467428803444,0
2003-09-08,0.9399999976158142,0.9399999976158142,0.9399999976158142,0.9399999976158142,-0.018181467428803444,0
2003-09-09,0.9399999976158142,0.9399999976158142,0.9399999976158142,0.9399999976158142,-0.018181467428803444,0
2003-09-10,0.9399999976158142,0.9399999976158142,0.9399999976158142,0.9399999976158142,-0.018181467428803444,0
2003-09-11,0.9399999976158142,0.9399999976158142,0.9399999976158142,0.9399999976158142,-0.018181467428803444,0
2003-09-12,0.9399999976158142,0.9399999976158142,0.9399999976158142,0.9399999976158142,-0.018181467428803444,0
2003-09-15,0.9399999976158142,0.9399999976158142,0.9399999976158142,0.9399999976158142,-0.018181467428803444,0
2003-09-16,0.9399999976158142,0.9399999976158142,0.9399999976158142,0.9399999976158142,-0.018181467428803444,0
2003-09-17,0.9399999976158142,0.9399999976158142,0.9399999976158142,0.9399999976158142,-0.018181467428803444,0
2003-09-18,0.9399999976158142,0.9399999976158142,0.9399999976158142,0.9399999976158142,-0.018181467428803444,0
2003-09-19,0.9399999976158142,0.9399999976158142,0.9399999976158142,0.9399999976158142,-0.018181467428803444,0
2003-09-22,0.9399999976158142,0.9399999976158142,0.9399999976158142,0.9399999976158142,-0.018181467428803444,0
2003-09-23,0.9399999976158142,0.9399999976158142,0.9399999976158142,0.9399999976158142,-0.018181467428803444,0
2003-09-24,0.9399999976158142,0.9399999976158142,0.9399999976158142,0.9399999976158142,-0.018181467428803444,0
2003-09-25,0.9399999976158142,0.9399999976158142,0.9399999976158142,0.9399999976158142,-0.018181467428803444,0
2003-09-26,0.9399999976158142,0.9399999976158142,0.9399999976158142,0.9399999976158142,-0.018181467428803444,0
2003-09-29,0.9399999976158142,0.9399999976158142,0.9399999976158142,0.9399999976158142,-0.018181467428803444,0
2003-09-30,0.9399999976158142,0.9399999976158142,0.9399999976158142,0.9399999976158142,-0.018181467428803444,0
2003-10-01,0.9399999976158142,0.9399999976158142,0.9399999976158142,0.9399999976158142,-0.018181467428803444,0
2003-10-02,0.9399999976158142,0.9399999976158142,0.9399999976158142,0.9399999976158142,-0.018181467428803444,0
2003-10-03,0.9399999976158142,0.9399999976158142,0.9399999976158142,0.9399999976158142,-0.018181467428803444,0
2003-10-06,0.9399999976158142,0.9399999976158142,0.9399999976158142,0.9399999976158142,-0.018181467428803444,0
2003-10-07,0.9399999976158142,0.9399999976158142,0.9399999976158142,0.9399999976158142,-0.018181467428803444,0
2003-10-08,0.9399999976158142,0.9399999976158142,0.9399999976158142,0.9399999976158142,-0.018181467428803444,0
2003-10-09,0.9399999976158142,0.9399999976158142,0.9399999976158142,0.9399999976158142,-0.018181467428803444,0
2003-10-10,0.9399999976158142,0.9399999976158142,0.9399999976158142,0.9399999976158142,-0.018181467428803444,0
2003-10-13,0.9399999976158142,0.9399999976158142,0.9399999976158142,0.9399999976158142,-0.018181467428803444,0
2003-10-14,0.9399999976158142,0.9399999976158142,0.9399999976158142,0.9399999976158142,-0.018181467428803444,0
2003-10-15,0.9399999976158142,0.9399999976158142,0.9399999976158142,0.9399999976158142,-0.018181467428803444,0
2003-10-16,0.9399999976158142,0.9399999976158142,0.9399999976158142,0.9399999976158142,-0.018181467428803444,0
2003-10-17,0.9399999976158142,0.9399999976158142,0.9399999976158142,0.9399999976158142,-0.018181467428803444,0
2003-10-20,0.9399999976158142,0.9399999976158142,0.9399999976158142,0.9399999976158142,-0.018181467428803444,0
2003-10-21,0.9399999976158142,0.9399999976158142,0.9399999976158142,0.9399999976158142,-0.018181467428803444,0
2003-10-22,0.9399999976158142,0.9399999976158142,0.9399999976158142,0.9399999976158142,-0.018181467428803444,0
2003-10-23,0.9399999976158142,0.9399999976158142,0.9399999976158142,0.9399999976158142,-0.018181467428803444,0
2003-10-24,0.9399999976158142,0.9399999976158142,0.9399999976158142,0.9399999976158142,-0.018181467428803444,0
2003-10-27,0.9399999976158142,0.9399999976158142,0.9399999976158142,0.9399999976158142,-0.018181467428803444,0
2003-10-28,0.9399999976158142,0.9399999976158142,0.9399999976158142,0.9399999976158142,-0.018181467428803444,0
2003-10-29,0.9399999976158142,0.9399999976158142,0.9399999976158142,0.9399999976158142,-0.018181467428803444,0
2003-10-30,0.9399999976158142,0.9399999976158142,0.9399999976158142,0.9399999976158142,-0.018181467428803444,0
2003-10-31,0.9399999976158142,0.9399999976158142,0.9399999976158142,0.9399999976158142,-0.018181467428803444,0
2003-11-03,0.9399999976158142,0.9399999976158142,0.9399999976158142,0.9399999976158142,-0.018181467428803444,0
2003-11-04,0.9399999976158142,0.9399999976158142,0.9399999976158142,0.9399999976158142,-0.018181467428803444,0
2003-11-05,0.9399999976158142,0.9399999976158142,0.9399999976158142,0.9399999976158142,-0.018181467428803444,0
2003-11-06,0.9399999976158142,0.9399999976158142,0.9399999976158142,0.9399999976158142,-0.018181467428803444,0
2003-11-07,0.9399999976158142,0.9399999976158142,0.9399999976158142,0.9399999976158142,-0.018181467428803444,0
2003-11-10,0.9399999976158142,0.9399999976158142,0.9399999976158142,0.9399999976158142,-0.018181467428803444,0
2003-11-11,0.9399999976158142,0.9399999976158142,0.9399999976158142,0.9399999976158142,-0.018181467428803444,0
2003-11-12,0.9399999976158142,0.9399999976158142,0.9399999976158142,0.9399999976158142,-0.018181467428803444,0
2003-11-13,0.9399999976158142,0.9399999976158142,0.9399999976158142,0.9399999976158142,-0.018181467428803444,0
2003-11-14,0.9399999976158142,0.9399999976158142,0.9399999976158142,0.9399999976158142,-0.018181467428803444,0
2003-11-17,0.9399999976158142,0.9399999976158142,0.9399999976158142,0.9399999976158142,-0.018181467428803444,0
2003-11-18,0.9399999976158142,0.9399999976158142,0.9399999976158142,0.9399999976158142,-0.018181467428803444,0
2003-11-19,0.9399999976158142,0.9399999976158142,0.9399999976158142,0.9399999976158142,-0.018181467428803444,0
2003-11-20,0.9399999976158142,0.9399999976158142,0.9399999976158142,0.9399999976158142,-0.018181467428803444,0
2003-11-21,0.9399999976158142,0.9399999976158142,0.9399999976158142,0.9399999976158142,-0.018181467428803444,0
2003-11-24,0.9399999976158142,0.9399999976158142,0.9399999976158142,0.9399999976158142,-0.018181467428803444,0
2003-11-25,0.9399999976158142,0.9399999976158142,0.9399999976158142,0.9399999976158142,-0.018181467428803444,0
2003-11-26,0.9399999976158142,0.9399999976158142,0.9399999976158142,0.9399999976158142,-0.018181467428803444,0
2003-11-27,0.9399999976158142,0.9399999976158142,0.9399999976158142,0.9399999976158142,-0.018181467428803444,0
2003-11-28,0.9399999976158142,0.9399999976158142,0.9399999976158142,0.9399999976158142,-0.018181467428803444,0
2003-12-01,0.9399999976158142,0.9399999976158142,0.9399999976158142,0.9399999976158142,-0.018181467428803444,0
2003-12-02,0.9399999976158142,0.9399999976158142,0.9399999976158142,0.9399999976158142,-0.018181467428803444,0
2003-12-03,0.9399999976158142,0.9399999976158142,0.9399999976158142,0.9399999976158142,-0.018181467428803444,0
2003-12-04,0.9399999976158142,0.9399999976158142,0.9399999976158142,0.9399999976158142,-0.018181467428803444,0
2003-12-05,0.9399999976158142,0.9399999976158142,0.9399999976158142,0.9399999976158142,-0.018181467428803444,0
2003-12-08,0.9399999976158142,0.9399999976158142,0.9399999976158142,0.9399999976158142,-0.018181467428803444,0
2003-12-09,0.9399999976158142,0.9399999976158142,0.9399999976158142,0.9399999976158142,-0.018181467428803444,0
2003-12-10,0.9399999976158142,0.9399999976158142,0.9399999976158142,0.9399999976158142,-0.018181467428803444,0
2003-12-11,0.9399999976158142,0.9399999976158142,0.9399999976158142,0.9399999976158142,-0.018181467428803444,0
2003-12-12,0.9399999976158142,0.9399999976158142,0.9399999976158142,0.9399999976158142,-0.018181467428803444,0
2003-12-15,0.9399999976158142,0.9399999976158142,0.9399999976158142,0.9399999976158142,-0.018181467428803444,0
2003-12-16,0.9399999976158142,0.9399999976158142,0.9399999976158142,0.9399999976158142,-0.018181467428803444,0
2003-12-17,0.9399999976158142,0.9399999976158142,0.9399999976158142,0.9399999976158142,-0.018181467428803444,0
2003-12-18,0.9399999976158142,0.9399999976158142,0.9399999976158142,0.9399999976158142,-0.018181467428803444,0
2003-12-19,0.9399999976158142,0.9399999976158142,0.9399999976158142,0.9399999976158142,-0.018181467428803444,0
2003-12-22,0.9399999976158142,0.9399999976158142,0.9399999976158142,0.9399999976158142,-0.018181467428803444,0
2003-12-23,0.9399999976158142,0.9399999976158142,0.9399999976158142,0.9399999976158142,-0.018181467428803444,0
2003-12-24,0.9399999976158142,0.9399999976158142,0.9399999976158142,0.9399999976158142,-0.018181467428803444,0
2003-12-25,0.9399999976158142,0.9399999976158142,0.9399999976158142,0.9399999976158142,-0.018181467428803444,0
2003-12-26,0.9399999976158142,0.9399999976158142,0.9399999976158142,0.9399999976158142,-0.018181467428803444,0
2003-12-29,0.9399999976158142,0.9399999976158142,0.9399999976158142,0.9399999976158142,-0.018181467428803444,0
2003-12-30,0.9399999976158142,0.9399999976158142,0.9399999976158142,0.9399999976158142,-0.018181467428803444,0
2003-12-31,0.9399999976158142,0.9399999976158142,0.9399999976158142,0.9399999976158142,-0.018181467428803444,0
2004-01-01,0.9399999976158142,0.9399999976158142,0.9399999976158142,0.9399999976158142,-0.018181467428803444,0
2004-01-02,0.9399999976158142,0.9399999976158142,0.9399999976158142,0.9399999976158142,-0.018181467428803444,0
2004-01-05,0.9399999976158142,0.9399999976158142,0.9399999976158142,0.9399999976158142,-0.018181467428803444,0
2004-01-06,0.9399999976158142,0.9399999976158142,0.9399999976158142,0.9399999976158142,-0.018181467428803444,0
2004-01-07,0.9399999976158142,0.9399999976158142,0.9399999976158142,0.9399999976158142,-0.018181467428803444,0
2004-01-08,0.9399999976158142,0.9399999976158142,0.9399999976158142,0.9399999976158142,-0.018181467428803444,0
2004-01-09,0.9399999976158142,0.9399999976158142,0.9399999976158142,0.9399999976158142,-0.018181467428803444,0
2004-01-12,0.9399999976158142,0.9399999976158142,0.9399999976158142,0.9399999976158142,-0.018181467428803444,0
2004-01-13,0.9399999976158142,0.9399999976158142,0.9399999976158142,0.9399999976158142,-0.018181467428803444,0
2004-01-14,0.9399999976158142,0.9399999976158142,0.9399999976158142,0.9399999976158142,-0.018181467428803444,0
2004-01-15,0.9399999976158142,0.9399999976158142,0.9399999976158142,0.9399999976158142,-0.018181467428803444,0
2004-01-16,0.9399999976158142,0.9399999976158142,0.9399999976158142,0.9399999976158142,-0.018181467428803444,0
2004-01-19,0.9399999976158142,0.9399999976158142,0.9399999976158142,0.9399999976158142,-0.018181467428803444,0
2004-01-20,0.9399999976158142,0.9399999976158142,0.9399999976158142,0.9399999976158142,-0.018181467428803444,0
2004-01-21,0.9399999976158142,0.9399999976158142,0.9399999976158142,0.9399999976158142,-0.018181467428803444,0
2004-01-22,0.9399999976158142,0.9399999976158142,0.9399999976158142,0.9399999976158142,-0.018181467428803444,0
2004-01-23,0.9399999976158142,0.9399999976158142,0.9399999976158142,0.9399999976158142,-0.018181467428803444,0
2004-01-26,0.9399999976158142,0.9399999976158142,0.9399999976158142,0.9399999976158142,-0.018181467428803444,0
2004-01-27,0.9399999976158142,0.9399999976158142,0.9399999976158142,0.9399999976158142,-0.018181467428803444,0
2004-01-28,0.9399999976158142,0.9399999976158142,0.9399999976158142,0.9399999976158142,-0.018181467428803444,0
2004-01-29,0.9399999976158142,0.9399999976158142,0.9399999976158142,0.9399999976158142,-0.018181467428803444,0
2004-01-30,0.9399999976158142,0.9399999976158142,0.9399999976158142,0.9399999976158142,-0.018181467428803444,0
2004-02-02,0.9399999976158142,0.9399999976158142,0.9399999976158142,0.9399999976158142,-0.018181467428803444,0
2004-02-03,0.9399999976158142,0.9399999976158142,0.9399999976158142,0.9399999976158142,-0.018181467428803444,0
2004-02-04,0.9399999976158142,0.9399999976158142,0.9399999976158142,0.9399999976158142,-0.018181467428803444,0
2004-02-05,0.9399999976158142,0.9399999976158142,0.9399999976158142,0.9399999976158142,-0.018181467428803444,0
2004-02-06,0.9399999976158142,0.9399999976158142,0.9399999976158142,0.9399999976158142,-0.018181467428803444,0
2004-02-09,0.9399999976158142,0.9399999976158142,0.9399999976158142,0.9399999976158142,-0.018181467428803444,0
2004-02-10,0.9399999976158142,0.9399999976158142,0.9399999976158142,0.9399999976158142,-0.018181467428803444,0
2004-02-11,0.9399999976158142,0.9399999976158142,0.9399999976158142,0.9399999976158142,-0.018181467428803444,0
2004-02-12,0.9399999976158142,0.9399999976158142,0.9399999976158142,0.9399999976158142,-0.018181467428803444,0
2004-02-13,0.9399999976158142,0.9399999976158142,0.9399999976158142,0.9399999976158142,-0.018181467428803444,0
2004-02-16,0.9399999976158142,0.9399999976158142,0.9399999976158142,0.9399999976158142,-0.018181467428803444,0
2004-02-17,0.9399999976158142,0.9399999976158142,0.9399999976158142,0.9399999976158142,-0.018181467428803444,0
2004-02-18,0.9399999976158142,0.9399999976158142,0.9399999976158142,0.9399999976158142,-0.018181467428803444,0
2004-02-19,0.9399999976158142,0.9399999976158142,0.9399999976158142,0.9399999976158142,-0.018181467428803444,0
2004-02-20,0.9399999976158142,0.9399999976158142,0.9399999976158142,0.9399999976158142,-0.018181467428803444,0
2004-02-23,0.9399999976158142,0.9399999976158142,0.9399999976158142,0.9399999976158142,-0.018181467428803444,0
2004-02-24,0.9399999976158142,0.9399999976158142,0.9399999976158142,0.9399999976158142,-0.018181467428803444,0
2004-02-25,0.9399999976158142,0.9399999976158142,0.9399999976158142,0.9399999976158142,-0.018181467428803444,0
2004-02-26,0.9399999976158142,0.9399999976158142,0.9399999976158142,0.9399999976158142,-0.018181467428803444,0
2004-02-27,0.9399999976158142,0.9399999976158142,0.9399999976158142,0.9399999976158142,-0.018181467428803444,0
2004-03-01,0.9399999976158142,0.9399999976158142,0.9399999976158142,0.9399999976158142,-0.018181467428803444,0
2004-03-02,0.9399999976158142,0.9399999976158142,0.9399999976158142,0.9399999976158142,-0.018181467428803444,0
2004-03-03,0.9399999976158142,0.9399999976158142,0.9399999976158142,0.9399999976158142,-0.018181467428803444,0
2004-03-04,0.9399999976158142,0.9399999976158142,0.9399999976158142,0.9399999976158142,-0.018181467428803444,0
2004-03-05,0.9399999976158142,0.9399999976158142,0.9399999976158142,0.9399999976158142,-0.018181467428803444,0
2004-03-08,0.9399999976158142,0.9399999976158142,0.9399999976158142,0.9399999976158142,-0.018181467428803444,0
2004-03-09,0.9399999976158142,0.9399999976158142,0.9399999976158142,0.9399999976158142,-0.018181467428803444,0
2004-03-10,0.9399999976158142,0.9399999976158142,0.9399999976158142,0.9399999976158142,-0.018181467428803444,0
2004-03-11,0.9399999976158142,0.9399999976158142,0.9399999976158142,0.9399999976158142,-0.018181467428803444,0
2004-03-12,0.9399999976158142,0.9399999976158142,0.9399999976158142,0.9399999976158142,-0.018181467428803444,0
2004-03-15,0.9399999976158142,0.9399999976158142,0.9399999976158142,0.9399999976158142,-0.018181467428803444,0
2004-03-16,0.9399999976158142,0.9399999976158142,0.9399999976158142,0.9399999976158142,-0.018181467428803444,0
2004-03-17,0.9399999976158142,0.9399999976158142,0.9399999976158142,0.9399999976158142,-0.018181467428803444,0
2004-03-18,0.9399999976158142,0.9399999976158142,0.9399999976158142,0.9399999976158142,-0.018181467428803444,0
2004-03-19,0.9399999976158142,0.9399999976158142,0.9399999976158142,0.9399999976158142,-0.018181467428803444,0
2004-03-22,0.9399999976158142,0.9399999976158142,0.9399999976158142,0.9399999976158142,-0.018181467428803444,0
2004-03-23,0.9399999976158142,0.9399999976158142,0.9399999976158142,0.9399999976158142,-0.018181467428803444,0
2004-03-24,0.9399999976158142,0.9399999976158142,0.9399999976158142,0.9399999976158142,-0.018181467428803444,0
2004-03-25,0.9399999976158142,0.9399999976158142,0.9399999976158142,0.9399999976158142,-0.018181467428803444,0
2004-03-26,0.9399999976158142,0.9399999976158142,0.9399999976158142,0.9399999976158142,-0.018181467428803444,0
2004-03-29,0.9399999976158142,0.9399999976158142,0.9399999976158142,0.9399999976158142,-0.018181467428803444,0
2004-03-30,0.9399999976158142,0.9399999976158142,0.9399999976158142,0.9399999976158142,-0.018181467428803444,0
2004-03-31,0.9399999976158142,0.9399999976158142,0.9399999976158142,0.9399999976158142,-0.018181467428803444,0
2004-04-01,0.9399999976158142,0.9399999976158142,0.9399999976158142,0.9399999976158142,-0.018181467428803444,0
2004-04-02,0.9399999976158142,0.9399999976158142,0.9399999976158142,0.9399999976158142,-0.018181467428803444,0
2004-04-05,0.9399999976158142,0.9399999976158142,0.9399999976158142,0.9399999976158142,-0.018181467428803444,0
2004-04-06,0.9399999976158142,0.9399999976158142,0.9399999976158142,0.9399999976158142,-0.018181467428803444,0
2004-04-07,0.9399999976158142,0.9399999976158142,0.9399999976158142,0.9399999976158142,-0.018181467428803444,0
2004-04-08,0.9399999976158142,0.9399999976158142,0.9399999976158142,0.9399999976158142,-0.018181467428803444,0
2004-04-09,0.9399999976158142,0.9399999976158142,0.9399999976158142,0.9399999976158142,-0.018181467428803444,0
2004-04-12,0.9399999976158142,0.9399999976158142,0.9399999976158142,0.9399999976158142,-0.018181467428803444,0
2004-04-13,0.9399999976158142,0.9399999976158142,0.9399999976158142,0.9399999976158142,-0.018181467428803444,0
2004-04-14,0.9399999976158142,0.9399999976158142,0.9399999976158142,0.9399999976158142,-0.018181467428803444,0
2004-04-15,0.9399999976158142,0.9399999976158142,0.9399999976158142,0.9399999976158142,-0.018181467428803444,0
2004-04-16,0.9399999976158142,0.9399999976158142,0.9399999976158142,0.9399999976158142,-0.018181467428803444,0
2004-04-19,0.9399999976158142,0.9399999976158142,0.9399999976158142,0.9399999976158142,-0.018181467428803444,0
2004-04-20,0.9399999976158142,0.9399999976158142,0.9399999976158142,0.9399999976158142,-0.018181467428803444,0
2004-04-21,0.9399999976158142,0.9399999976158142,0.9399999976158142,0.9399999976158142,-0.018181467428803444,0
2004-04-22,0.9399999976158142,0.9399999976158142,0.9399999976158142,0.9399999976158142,-0.018181467428803444,0
2004-04-23,0.9399999976158142,0.9399999976158142,0.9399999976158142,0.9399999976158142,0.5163317322731018,0
2004-04-26,0.9399999976158142,0.9399999976158142,0.9399999976158142,0.9399999976158142,0.5163317322731018,0
2004-04-27,0.9399999976158142,0.9399999976158142,0.9399999976158142,0.9399999976158142,0.5163317322731018,0
2004-04-28,0.9399999976158142,0.9399999976158142,0.9399999976158142,0.9399999976158142,0.5163317322731018,0
2004-04-29,0.9399999976158142,0.9399999976158142,0.9399999976158142,0.9399999976158142,0.5163317322731018,0
2004-04-30,0.9399999976158142,0.9399999976158142,0.9399999976158142,0.9399999976158142,0.5163317322731018,0
2004-05-03,0.9399999976158142,0.9399999976158142,0.9399999976158142,0.9399999976158142,0.5163317322731018,0
2004-05-04,0.9399999976158142,0.9399999976158142,0.9399999976158142,0.9399999976158142,0.5163317322731018,0
2004-05-05,0.9399999976158142,0.9399999976158142,0.9399999976158142,0.9399999976158142,0.5163317322731018,0
2004-05-06,0.9399999976158142,0.9399999976158142,0.9399999976158142,0.9399999976158142,0.5163317322731018,0
2004-05-07,0.9399999976158142,0.9399999976158142,0.9399999976158142,0.9399999976158142,0.5163317322731018,0
2004-05-10,0.9399999976158142,0.9399999976158142,0.9399999976158142,0.9399999976158142,0.5163317322731018,0
2004-05-11,0.9399999976158142,0.9399999976158142,0.9399999976158142,0.9399999976158142,0.5163317322731018,0
2004-05-12,0.9399999976158142,0.9399999976158142,0.9399999976158142,0.9399999976158142,0.5163317322731018,0
2004-05-13,0.9399999976158142,0.9399999976158142,0.9399999976158142,0.9399999976158142,0.5163317322731018,0
2004-05-14,0.9399999976158142,0.9399999976158142,0.9399999976158142,0.9399999976158142,0.5163317322731018,0
2004-05-17,0.9399999976158142,0.9399999976158142,0.9399999976158142,0.9399999976158142,0.5163317322731018,0
2004-05-18,0.9399999976158142,0.9399999976158142,0.9399999976158142,0.9399999976158142,0.5163317322731018,0
2004-05-19,0.9399999976158142,0.9399999976158142,0.9399999976158142,0.9399999976158142,0.5163317322731018,0
2004-05-20,0.9399999976158142,0.9399999976158142,0.9399999976158142,0.9399999976158142,0.5163317322731018,0
2004-05-21,0.9399999976158142,0.9399999976158142,0.9399999976158142,0.9399999976158142,0.5163317322731018,0
2004-05-24,11.300000190734863,11.600000381469727,11.100000381469727,11.100000381469727,6.097111225128174,6235
2004-05-25,11.0,11.0,10.800000190734863,11.0,6.04218053817749,149500
2004-05-26,11.199999809265137,11.199999809265137,11.100000381469727,11.199999809265137,6.15203857421875,202800
2004-05-27,11.199999809265137,11.399999618530273,11.199999809265137,11.300000190734863,6.206967353820801,831200
2004-05-28,11.399999618530273,11.699999809265137,11.399999618530273,11.5,6.316823482513428,584200
2004-05-31,11.300000190734863,11.800000190734863,11.300000190734863,11.5,6.316823482513428,178500
2004-06-01,11.5,11.5,11.300000190734863,11.5,6.316823482513428,192700
2004-06-02,11.5,11.5,11.5,11.5,6.316823482513428,0
2004-06-03,11.600000381469727,11.600000381469727,11.399999618530273,11.399999618530273,6.261897087097168,173000
2004-06-04,11.399999618530273,11.5,11.399999618530273,11.5,6.316823482513428,207800
2004-06-07,11.5,11.800000190734863,11.5,11.600000381469727,6.3717546463012695,388600
2004-06-08,11.600000381469727,11.899999618530273,11.5,11.5,6.316823482513428,1076700
2004-06-09,11.699999809265137,11.699999809265137,11.5,11.5,6.316823482513428,1024500
2004-06-10,11.699999809265137,11.800000190734863,11.600000381469727,11.699999809265137,6.4266839027404785,721400
2004-06-11,11.600000381469727,11.800000190734863,11.600000381469727,11.600000381469727,6.3717546463012695,755200
2004-06-14,11.600000381469727,11.800000190734863,11.600000381469727,11.600000381469727,6.3717546463012695,460500
2004-06-15,11.699999809265137,11.699999809265137,11.600000381469727,11.600000381469727,6.3717546463012695,507000
2004-06-16,11.699999809265137,11.699999809265137,11.600000381469727,11.600000381469727,6.3717546463012695,1037400
2004-06-17,11.600000381469727,11.899999618530273,11.600000381469727,11.600000381469727,6.3717546463012695,2718200
2004-06-18,11.699999809265137,12.199999809265137,11.699999809265137,12.199999809265137,6.701328754425049,15072800
2004-06-21,12.399999618530273,13.199999809265137,12.100000381469727,13.0,7.1407599449157715,19077600
2004-06-22,12.899999618530273,13.0,12.199999809265137,12.300000190734863,6.756258010864258,7671000
2004-06-23,12.5,12.899999618530273,12.300000190734863,12.899999618530273,7.085831642150879,6629600
2004-06-24,13.0,13.0,12.600000381469727,12.800000190734863,7.0309014320373535,4887800
2004-06-25,12.800000190734863,13.399999618530273,12.800000190734863,13.0,7.1407599449157715,16785500
2004-06-28,13.100000381469727,13.300000190734863,12.800000190734863,13.199999809265137,7.250615119934082,3035800
2004-06-29,13.300000190734863,13.5,12.899999618530273,13.199999809265137,7.250615119934082,7133300
2004-06-30,13.300000190734863,13.600000381469727,13.199999809265137,13.199999809265137,7.250615119934082,6641900
2004-07-01,13.199999809265137,13.199999809265137,13.199999809265137,13.199999809265137,7.250615119934082,0
2004-07-02,13.100000381469727,13.199999809265137,13.0,13.100000381469727,7.195688724517822,773000
2004-07-05,13.100000381469727,13.100000381469727,13.100000381469727,13.100000381469727,7.195688724517822,0
2004-07-06,13.300000190734863,13.600000381469727,13.199999809265137,13.399999618530273,7.360474109649658,3185200
2004-07-07,13.399999618530273,13.699999809265137,13.399999618530273,13.699999809265137,7.5252604484558105,5069200
2004-07-08,13.699999809265137,13.699999809265137,13.199999809265137,13.199999809265137,7.250615119934082,2656500
2004-07-09,13.199999809265137,13.300000190734863,13.100000381469727,13.300000190734863,7.305544853210449,653100
2004-07-12,13.399999618530273,13.5,13.199999809265137,13.300000190734863,7.305544853210449,678600
2004-07-13,13.300000190734863,13.399999618530273,13.100000381469727,13.199999809265137,7.250615119934082,575800
2004-07-14,13.300000190734863,13.300000190734863,12.899999618530273,13.0,7.1407599449157715,656400
2004-07-15,13.0,13.199999809265137,13.0,13.0,7.1407599449157715,1270800
2004-07-16,13.100000381469727,13.100000381469727,12.899999618530273,12.899999618530273,7.085831642150879,764900
2004-07-19,12.899999618530273,13.199999809265137,12.899999618530273,13.100000381469727,7.195688724517822,438000
2004-07-20,13.0,13.100000381469727,12.899999618530273,13.0,7.1407599449157715,518200
2004-07-21,13.100000381469727,13.300000190734863,13.0,13.100000381469727,7.195688724517822,2180100
2004-07-22,13.199999809265137,13.5,13.199999809265137,13.5,7.415404796600342,5145700
2004-07-23,13.5,13.600000381469727,13.399999618530273,13.399999618530273,7.360474109649658,12809700
2004-07-26,13.600000381469727,13.600000381469727,12.699999809265137,12.699999809265137,6.975972652435303,4881000
2004-07-27,12.699999809265137,12.899999618530273,12.699999809265137,12.899999618530273,7.085831642150879,1264700
2004-07-28,13.100000381469727,13.100000381469727,12.800000190734863,13.0,7.1407599449157715,709800
2004-07-29,13.0,13.100000381469727,12.699999809265137,13.100000381469727,7.195688724517822,508900
2004-07-30,13.100000381469727,13.100000381469727,13.0,13.100000381469727,7.195688724517822,858900
2004-08-02,13.100000381469727,13.100000381469727,13.100000381469727,13.100000381469727,7.195688724517822,0
2004-08-03,13.199999809265137,13.199999809265137,12.800000190734863,12.800000190734863,7.0309014320373535,788800
2004-08-04,12.800000190734863,13.199999809265137,12.800000190734863,13.0,7.1407599449157715,1762700
2004-08-05,13.100000381469727,13.199999809265137,12.899999618530273,13.0,7.1407599449157715,3252400
2004-08-06,12.899999618530273,13.0,12.800000190734863,12.800000190734863,7.0309014320373535,1346100
2004-08-09,12.699999809265137,12.899999618530273,12.600000381469727,12.600000381469727,6.921045780181885,988400
2004-08-10,12.699999809265137,12.800000190734863,12.600000381469727,12.699999809265137,6.975972652435303,898200
2004-08-11,12.899999618530273,12.899999618530273,12.399999618530273,12.5,6.866114139556885,963400
2004-08-12,12.5,12.5,12.5,12.5,6.866114139556885,0
2004-08-13,12.5,12.5,12.199999809265137,12.300000190734863,6.756258010864258,857200
2004-08-16,12.300000190734863,12.600000381469727,12.100000381469727,12.5,6.866114139556885,673900
2004-08-17,12.600000381469727,12.699999809265137,12.399999618530273,12.5,6.866114139556885,721100
2004-08-18,12.399999618530273,12.899999618530273,12.399999618530273,12.600000381469727,6.921045780181885,1776200
2004-08-19,12.800000190734863,12.899999618530273,12.699999809265137,12.800000190734863,7.0309014320373535,886700
2004-08-20,13.0,13.300000190734863,12.800000190734863,13.199999809265137,7.250615119934082,3221700
2004-08-23,13.199999809265137,13.5,13.199999809265137,13.399999618530273,7.360474109649658,3339800
2004-08-24,13.399999618530273,13.399999618530273,13.199999809265137,13.199999809265137,7.250615119934082,2015900
2004-08-25,13.199999809265137,13.300000190734863,13.0,13.100000381469727,7.195688724517822,1764500
2004-08-26,13.100000381469727,13.399999618530273,13.100000381469727,13.300000190734863,7.305544853210449,3676100
2004-08-27,13.300000190734863,13.300000190734863,13.100000381469727,13.199999809265137,7.250615119934082,2490500
2004-08-30,13.199999809265137,13.399999618530273,13.100000381469727,13.300000190734863,7.305544853210449,6225000
2004-08-31,13.0,13.100000381469727,12.899999618530273,12.899999618530273,7.249349594116211,4303000
2004-09-01,13.0,13.100000381469727,13.0,13.0,7.305544376373291,936100
2004-09-02,13.0,13.100000381469727,12.899999618530273,12.899999618530273,7.249349594116211,1558400
2004-09-03,13.0,13.199999809265137,12.899999618530273,13.199999809265137,7.417938709259033,2097900
2004-09-06,13.100000381469727,13.199999809265137,13.0,13.0,7.305544376373291,1257800
2004-09-07,13.100000381469727,13.100000381469727,12.899999618530273,13.0,7.305544376373291,5698100
2004-09-08,13.0,13.0,12.899999618530273,13.0,7.305544376373291,378000
2004-09-09,12.899999618530273,13.0,12.899999618530273,13.0,7.305544376373291,1023600
2004-09-10,13.0,13.399999618530273,13.0,13.300000190734863,7.474135398864746,3112500
2004-09-13,13.300000190734863,14.0,13.300000190734863,13.899999618530273,7.81131649017334,8015500
2004-09-14,14.0,14.699999809265137,14.0,14.5,8.148493766784668,13978800
2004-09-15,14.699999809265137,16.5,14.699999809265137,16.100000381469727,9.047638893127441,24899500
2004-09-16,16.0,16.100000381469727,15.5,16.0,8.991439819335938,8453700
2004-09-17,16.100000381469727,16.200000762939453,15.600000381469727,16.0,8.991439819335938,3268000
2004-09-20,16.0,16.0,15.5,15.5,8.710455894470215,1701800
2004-09-21,15.399999618530273,15.399999618530273,15.0,15.100000381469727,8.485672950744629,5926500
2004-09-22,15.300000190734863,15.399999618530273,15.0,15.0,8.429478645324707,1431800
2004-09-23,15.0,15.800000190734863,15.0,15.600000381469727,8.766654014587402,5931400
2004-09-24,15.600000381469727,15.699999809265137,15.5,15.5,8.710455894470215,2890100
2004-09-27,15.5,15.5,15.100000381469727,15.300000190734863,8.598065376281738,838200
2004-09-28,15.300000190734863,15.899999618530273,15.300000190734863,15.800000190734863,8.879047393798828,4974500
2004-09-29,15.899999618530273,15.899999618530273,15.300000190734863,15.300000190734863,8.598065376281738,1688800
2004-09-30,15.399999618530273,15.5,15.300000190734863,15.300000190734863,8.598065376281738,1385700
2004-10-01,15.399999618530273,16.200000762939453,15.399999618530273,16.100000381469727,9.047638893127441,5311700
2004-10-04,16.0,17.5,16.0,17.5,9.834393501281738,13467900
2004-10-05,17.399999618530273,17.399999618530273,16.899999618530273,17.100000381469727,9.609601020812988,2466600
2004-10-06,17.399999618530273,17.799999237060547,16.899999618530273,16.899999618530273,9.497206687927246,10185100
2004-10-07,16.899999618530273,17.299999237060547,16.899999618530273,17.0,9.55340576171875,4524100
2004-10-08,17.0,17.600000381469727,16.899999618530273,17.100000381469727,9.609601020812988,5226000
2004-10-11,17.200000762939453,17.5,17.0,17.0,9.55340576171875,3712700
2004-10-12,17.100000381469727,17.399999618530273,16.700000762939453,16.700000762939453,9.384817123413086,6996600
2004-10-13,16.899999618530273,16.899999618530273,16.399999618530273,16.799999237060547,9.44101333618164,6304200
2004-10-14,16.600000381469727,16.700000762939453,16.5,16.600000381469727,9.328619003295898,2453300
2004-10-15,16.600000381469727,16.700000762939453,16.399999618530273,16.5,9.272422790527344,2438300
2004-10-18,16.5,16.5,16.200000762939453,16.399999618530273,9.216228485107422,1316100
2004-10-19,16.399999618530273,17.200000762939453,16.399999618530273,17.200000762939453,9.665800094604492,1820500
2004-10-20,17.100000381469727,17.200000762939453,16.700000762939453,16.700000762939453,9.384817123413086,3166800
2004-10-21,16.899999618530273,17.100000381469727,16.5,16.600000381469727,9.328619003295898,1854400
2004-10-22,16.700000762939453,16.799999237060547,16.600000381469727,16.799999237060547,9.44101333618164,639100
2004-10-25,16.799999237060547,16.799999237060547,16.799999237060547,16.799999237060547,9.44101333618164,0
2004-10-26,16.799999237060547,16.799999237060547,16.399999618530273,16.5,9.272422790527344,1219500
2004-10-27,16.5,16.5,15.899999618530273,15.899999618530273,8.935246467590332,3695800
2004-10-28,16.0,16.600000381469727,16.0,16.100000381469727,9.047638893127441,8950600
2004-10-29,16.299999237060547,16.299999237060547,16.0,16.299999237060547,9.160029411315918,3742800
2004-11-01,16.299999237060547,16.399999618530273,16.0,16.0,8.991439819335938,1135500
2004-11-02,16.200000762939453,16.299999237060547,16.0,16.200000762939453,9.103835105895996,2433100
2004-11-03,16.200000762939453,16.600000381469727,16.200000762939453,16.5,9.272422790527344,3265000
2004-11-04,16.700000762939453,16.899999618530273,16.299999237060547,16.799999237060547,9.44101333618164,3883600
2004-11-05,17.0,17.100000381469727,16.399999618530273,16.399999618530273,9.216228485107422,3303100
2004-11-08,16.600000381469727,16.899999618530273,16.5,16.799999237060547,9.44101333618164,1864000
2004-11-09,16.899999618530273,17.100000381469727,16.799999237060547,16.799999237060547,9.44101333618164,2557000
2004-11-10,16.899999618530273,16.899999618530273,16.5,16.5,9.272422790527344,734900
2004-11-11,16.600000381469727,16.600000381469727,16.299999237060547,16.5,9.272422790527344,552500
2004-11-12,16.5,16.600000381469727,16.5,16.600000381469727,9.328619003295898,255900
2004-11-15,16.700000762939453,16.700000762939453,16.299999237060547,16.299999237060547,9.160029411315918,1278800
2004-11-16,16.399999618530273,16.5,16.399999618530273,16.399999618530273,9.216228485107422,175800
2004-11-17,16.399999618530273,16.5,16.299999237060547,16.299999237060547,9.160029411315918,267000
2004-11-18,16.5,16.5,16.299999237060547,16.299999237060547,9.160029411315918,274500
2004-11-19,16.399999618530273,16.399999618530273,16.299999237060547,16.299999237060547,9.160029411315918,127300
2004-11-22,16.299999237060547,16.299999237060547,16.200000762939453,16.200000762939453,9.103835105895996,199500
2004-11-23,16.299999237060547,16.5,16.200000762939453,16.299999237060547,9.160029411315918,1310200
2004-11-24,16.299999237060547,16.600000381469727,16.299999237060547,16.399999618530273,9.216228485107422,1727000
2004-11-25,16.5,16.600000381469727,16.399999618530273,16.600000381469727,9.328619003295898,1065500
2004-11-26,16.600000381469727,16.799999237060547,16.299999237060547,16.5,9.272422790527344,1972900
2004-11-29,16.399999618530273,16.700000762939453,16.399999618530273,16.399999618530273,9.216228485107422,665000
2004-11-30,16.399999618530273,16.5,16.399999618530273,16.399999618530273,9.216228485107422,604600
2004-12-01,16.5,16.5,16.200000762939453,16.200000762939453,9.103835105895996,781500
2004-12-02,16.200000762939453,16.299999237060547,16.100000381469727,16.100000381469727,9.047638893127441,1407100
2004-12-03,16.100000381469727,16.200000762939453,16.100000381469727,16.100000381469727,9.047638893127441,627800
2004-12-06,16.100000381469727,16.100000381469727,16.100000381469727,16.100000381469727,9.047638893127441,0
2004-12-07,16.0,16.200000762939453,15.899999618530273,16.0,8.991439819335938,443400
2004-12-08,16.0,16.0,15.800000190734863,15.800000190734863,8.879047393798828,166300
2004-12-09,15.800000190734863,16.0,15.800000190734863,16.0,8.991439819335938,67200
2004-12-10,16.0,16.0,16.0,16.0,8.991439819335938,0
2004-12-13,15.899999618530273,15.899999618530273,15.800000190734863,15.800000190734863,8.879047393798828,437000
2004-12-14,15.899999618530273,15.899999618530273,15.800000190734863,15.800000190734863,8.879047393798828,420000
2004-12-15,15.899999618530273,15.899999618530273,15.800000190734863,15.800000190734863,8.879047393798828,366600
2004-12-16,15.899999618530273,15.899999618530273,15.5,15.800000190734863,8.879047393798828,2660500
2004-12-17,15.699999809265137,15.800000190734863,15.699999809265137,15.699999809265137,8.822850227355957,1665200
2004-12-20,15.800000190734863,15.800000190734863,15.600000381469727,15.600000381469727,8.766654014587402,553700
2004-12-21,15.600000381469727,15.600000381469727,14.899999618530273,15.300000190734863,8.598065376281738,3981900
2004-12-22,15.5,15.600000381469727,15.300000190734863,15.399999618530273,8.654261589050293,1268600
2004-12-23,15.399999618530273,15.5,15.399999618530273,15.399999618530273,8.654261589050293,692700
2004-12-24,15.600000381469727,15.699999809265137,15.399999618530273,15.600000381469727,8.766654014587402,391500
2004-12-27,15.199999809265137,15.699999809265137,15.199999809265137,15.600000381469727,8.766654014587402,532900
2004-12-28,15.5,15.600000381469727,15.5,15.5,8.710455894470215,975100
2004-12-29,15.5,15.5,15.199999809265137,15.399999618530273,8.654261589050293,1086300
2004-12-30,15.399999618530273,15.600000381469727,15.300000190734863,15.300000190734863,8.598065376281738,341100
2004-12-31,15.300000190734863,15.300000190734863,15.300000190734863,15.300000190734863,8.598065376281738,0
2005-01-04,15.300000190734863,15.300000190734863,15.199999809265137,15.300000190734863,8.598065376281738,1434100
2005-01-05,15.300000190734863,15.699999809265137,15.300000190734863,15.600000381469727,8.766654014587402,1675600
2005-01-06,15.600000381469727,15.699999809265137,15.5,15.600000381469727,8.766654014587402,1814300
2005-01-07,15.600000381469727,15.600000381469727,15.5,15.5,8.710455894470215,794600
2005-01-10,15.5,15.5,15.399999618530273,15.399999618530273,8.654261589050293,396200
2005-01-11,15.5,15.600000381469727,15.399999618530273,15.5,8.710455894470215,495300
2005-01-12,15.5,15.600000381469727,15.399999618530273,15.5,8.710455894470215,133000
2005-01-13,15.5,15.5,15.300000190734863,15.300000190734863,8.598065376281738,442500
2005-01-14,15.300000190734863,15.300000190734863,15.199999809265137,15.300000190734863,8.598065376281738,578800
2005-01-17,15.300000190734863,16.0,15.300000190734863,15.899999618530273,8.935246467590332,2699100
2005-01-18,15.899999618530273,16.0,15.699999809265137,15.699999809265137,8.822850227355957,174500
2005-01-19,15.699999809265137,15.699999809265137,15.5,15.5,8.710455894470215,1253100
2005-01-20,15.399999618530273,15.5,15.300000190734863,15.399999618530273,8.654261589050293,812900
2005-01-21,15.5,15.600000381469727,15.300000190734863,15.399999618530273,8.654261589050293,780300
2005-01-24,15.399999618530273,15.5,15.300000190734863,15.5,8.710455894470215,1394500
2005-01-25,15.5,16.399999618530273,15.5,16.399999618530273,9.216228485107422,3796400
2005-01-26,16.200000762939453,16.200000762939453,16.100000381469727,16.200000762939453,9.103835105895996,923800
2005-01-27,16.200000762939453,16.299999237060547,16.100000381469727,16.299999237060547,9.160029411315918,1413300
2005-01-28,16.299999237060547,16.899999618530273,16.299999237060547,16.799999237060547,9.44101333618164,6773600
2005-01-31,16.700000762939453,17.200000762939453,16.600000381469727,16.799999237060547,9.44101333618164,3151300
2005-02-01,16.799999237060547,17.0,16.700000762939453,16.700000762939453,9.384817123413086,215100
2005-02-02,16.700000762939453,17.100000381469727,16.700000762939453,16.799999237060547,9.44101333618164,3253000
2005-02-03,16.899999618530273,17.0,16.799999237060547,16.799999237060547,9.44101333618164,1014800
2005-02-04,16.799999237060547,16.899999618530273,16.799999237060547,16.799999237060547,9.44101333618164,155300
2005-02-07,16.799999237060547,17.0,16.799999237060547,16.799999237060547,9.44101333618164,172600
2005-02-08,16.899999618530273,16.899999618530273,16.799999237060547,16.899999618530273,9.497206687927246,220800
2005-02-09,16.899999618530273,17.5,16.899999618530273,17.100000381469727,9.609601020812988,2986200
2005-02-10,17.399999618530273,17.600000381469727,17.100000381469727,17.399999618530273,9.778190612792969,2322500
2005-02-11,17.399999618530273,17.399999618530273,17.0,17.0,9.55340576171875,1188200
2005-02-14,17.200000762939453,17.200000762939453,16.899999618530273,17.0,9.55340576171875,1889200
2005-02-15,17.200000762939453,17.299999237060547,17.0,17.299999237060547,9.721997261047363,2850300
2005-02-16,17.299999237060547,17.299999237060547,17.100000381469727,17.200000762939453,9.665800094604492,1661500
2005-02-17,17.200000762939453,17.200000762939453,16.899999618530273,16.899999618530273,9.497206687927246,1733700
2005-02-18,17.0,17.0,16.899999618530273,17.0,9.55340576171875,609200
2005-02-21,17.0,17.299999237060547,16.899999618530273,17.0,9.55340576171875,634500
2005-02-22,17.0,17.0,16.899999618530273,17.0,9.55340576171875,3611500
2005-02-24,16.899999618530273,17.100000381469727,16.899999618530273,17.0,9.55340576171875,2247900
2005-02-25,17.100000381469727,17.100000381469727,17.0,17.100000381469727,9.609601020812988,1726000
2005-02-28,17.100000381469727,17.100000381469727,17.0,17.0,9.55340576171875,417800
2005-03-01,17.0,17.299999237060547,17.0,17.0,9.55340576171875,1852800
2005-03-02,17.0,17.0,16.899999618530273,17.0,9.55340576171875,608700
2005-03-03,17.0,17.0,16.899999618530273,17.0,9.55340576171875,648300
2005-03-04,17.0,17.0,16.899999618530273,17.0,9.55340576171875,300600
2005-03-07,17.0,17.100000381469727,17.0,17.0,9.55340576171875,643500
2005-03-08,17.0,17.0,16.899999618530273,16.899999618530273,9.497206687927246,289700
2005-03-09,16.899999618530273,17.100000381469727,16.899999618530273,16.899999618530273,9.497206687927246,648600
2005-03-10,16.899999618530273,16.899999618530273,16.799999237060547,16.899999618530273,9.497206687927246,231600
2005-03-11,16.799999237060547,16.899999618530273,16.799999237060547,16.799999237060547,9.44101333618164,207500
2005-03-14,16.799999237060547,16.799999237060547,16.799999237060547,16.799999237060547,9.44101333618164,1037000
2005-03-15,16.899999618530273,17.100000381469727,16.899999618530273,17.0,9.55340576171875,1537800
2005-03-16,17.0,17.0,17.0,17.0,9.55340576171875,654800
2005-03-17,16.899999618530273,17.100000381469727,16.899999618530273,17.0,9.55340576171875,683900
2005-03-18,17.0,17.200000762939453,17.0,17.100000381469727,9.609601020812988,715500
2005-03-21,17.100000381469727,17.200000762939453,17.0,17.0,9.55340576171875,940500
2005-03-22,17.0,17.0,17.0,17.0,9.55340576171875,232500
2005-03-23,17.0,17.0,17.0,17.0,9.55340576171875,918500
2005-03-24,17.0,17.299999237060547,17.0,17.200000762939453,9.665800094604492,2065300
2005-03-25,17.200000762939453,17.200000762939453,17.0,17.0,9.55340576171875,1055000
2005-03-28,17.0,17.0,16.799999237060547,16.799999237060547,9.44101333618164,83400
2005-03-29,16.899999618530273,17.0,16.899999618530273,16.899999618530273,9.497206687927246,155600
2005-03-30,17.100000381469727,17.200000762939453,17.0,17.100000381469727,9.609601020812988,793400
2005-03-31,16.799999237060547,16.799999237060547,16.700000762939453,16.700000762939453,9.609602928161621,58700
2005-04-01,16.799999237060547,16.899999618530273,16.799999237060547,16.799999237060547,9.667144775390625,278100
2005-04-04,16.899999618530273,17.0,16.799999237060547,17.0,9.782231330871582,2006100
2005-04-05,17.100000381469727,17.200000762939453,17.100000381469727,17.100000381469727,9.83977222442627,203700
2005-04-07,17.0,17.100000381469727,17.0,17.100000381469727,9.83977222442627,671600
2005-04-08,17.0,17.100000381469727,17.0,17.0,9.782231330871582,260700
2005-04-11,17.100000381469727,17.100000381469727,17.0,17.0,9.782231330871582,35800
2005-04-12,17.100000381469727,17.200000762939453,17.100000381469727,17.100000381469727,9.83977222442627,76000
2005-04-18,17.0,17.100000381469727,17.0,17.0,9.782231330871582,353800
2005-04-19,17.0,17.100000381469727,17.0,17.0,9.782231330871582,435600
2005-04-20,17.100000381469727,17.100000381469727,17.100000381469727,17.100000381469727,9.83977222442627,391800
2005-04-21,17.100000381469727,17.100000381469727,17.100000381469727,17.100000381469727,9.83977222442627,193200
2005-04-22,17.100000381469727,17.200000762939453,17.100000381469727,17.200000762939453,10.666645050048828,360500
2005-04-25,17.100000381469727,17.200000762939453,17.0,17.100000381469727,10.604628562927246,483400
2005-04-26,17.200000762939453,17.399999618530273,17.200000762939453,17.200000762939453,10.666645050048828,2111700
2005-04-27,17.299999237060547,17.299999237060547,17.200000762939453,17.200000762939453,10.666645050048828,306000
2005-04-28,17.200000762939453,17.299999237060547,17.200000762939453,17.299999237060547,10.728659629821777,897800
2005-04-29,17.299999237060547,17.299999237060547,17.200000762939453,17.299999237060547,10.728659629821777,416800
2005-05-03,17.299999237060547,17.899999618530273,17.299999237060547,17.799999237060547,11.038738250732422,2920200
2005-05-04,17.799999237060547,18.5,17.799999237060547,18.299999237060547,11.348812103271484,3118900
2005-05-06,18.299999237060547,18.399999618530273,18.100000381469727,18.299999237060547,11.348812103271484,1075100
2005-05-09,18.299999237060547,18.299999237060547,18.100000381469727,18.100000381469727,11.224783897399902,737600
2005-05-10,18.200000762939453,18.700000762939453,18.200000762939453,18.5,11.472844123840332,3474200
2005-05-11,18.5,18.5,18.399999618530273,18.5,11.472844123840332,293300
2005-05-12,18.600000381469727,18.600000381469727,18.399999618530273,18.399999618530273,11.410829544067383,759700
2005-05-13,18.399999618530273,18.799999237060547,18.399999618530273,18.600000381469727,11.53486442565918,1229100
2005-05-16,18.600000381469727,18.600000381469727,18.299999237060547,18.299999237060547,11.348812103271484,401300
2005-05-17,18.299999237060547,18.399999618530273,18.100000381469727,18.100000381469727,11.224783897399902,375100
2005-05-18,18.200000762939453,18.200000762939453,18.100000381469727,18.200000762939453,11.286797523498535,273900
2005-05-19,18.200000762939453,18.200000762939453,18.0,18.100000381469727,11.224783897399902,1346900
2005-05-20,18.0,18.200000762939453,18.0,18.100000381469727,11.224783897399902,112100
2005-05-24,18.200000762939453,18.700000762939453,18.200000762939453,18.700000762939453,11.596875190734863,1636300
2005-05-25,18.899999618530273,19.0,18.5,18.600000381469727,11.53486442565918,680900
2005-05-26,18.5,18.600000381469727,18.399999618530273,18.600000381469727,11.53486442565918,368400
2005-05-27,18.600000381469727,18.600000381469727,18.5,18.600000381469727,11.53486442565918,606100
2005-05-30,18.600000381469727,19.200000762939453,18.600000381469727,19.0,11.782919883728027,2723000
2005-05-31,19.100000381469727,19.899999618530273,19.0,19.5,12.092994689941406,4751600
2005-06-01,19.600000381469727,19.600000381469727,19.200000762939453,19.399999618530273,12.030982971191406,866200
2005-06-02,19.399999618530273,19.5,19.399999618530273,19.399999618530273,12.030982971191406,1473000
2005-06-03,19.399999618530273,19.5,19.200000762939453,19.399999618530273,12.030982971191406,1123100
2005-06-06,19.399999618530273,19.399999618530273,18.799999237060547,18.799999237060547,11.658891677856445,1480200
2005-06-07,18.899999618530273,19.100000381469727,18.799999237060547,18.899999618530273,11.720907211303711,353000
2005-06-08,19.0,19.0,18.899999618530273,18.899999618530273,11.720907211303711,142400
2005-06-09,19.0,19.0,18.799999237060547,19.0,11.782919883728027,260300
2005-06-10,18.899999618530273,18.899999618530273,18.799999237060547,18.899999618530273,11.720907211303711,121800
2005-06-13,18.899999618530273,18.899999618530273,18.700000762939453,18.700000762939453,11.596875190734863,509300
2005-06-14,18.700000762939453,18.899999618530273,18.700000762939453,18.899999618530273,11.720907211303711,264600
2005-06-15,18.799999237060547,19.200000762939453,18.799999237060547,19.100000381469727,11.844937324523926,2213100
2005-06-16,19.100000381469727,19.100000381469727,18.799999237060547,18.899999618530273,11.720907211303711,173200
2005-06-17,19.200000762939453,19.200000762939453,18.899999618530273,18.899999618530273,11.720907211303711,160500
2005-06-20,18.899999618530273,18.899999618530273,18.899999618530273,18.899999618530273,11.720907211303711,296700
2005-06-21,18.899999618530273,19.200000762939453,18.899999618530273,18.899999618530273,11.720907211303711,516100
2005-06-22,19.0,19.0,18.899999618530273,19.0,11.782919883728027,514100
2005-06-23,19.0,19.100000381469727,19.0,19.100000381469727,11.844937324523926,436700
2005-06-24,19.0,19.100000381469727,18.899999618530273,18.899999618530273,11.720907211303711,306700
2005-06-27,18.899999618530273,19.0,18.899999618530273,18.899999618530273,11.720907211303711,47100
2005-06-28,18.899999618530273,19.0,18.899999618530273,19.0,11.782919883728027,19200
2005-06-29,19.0,19.100000381469727,19.0,19.100000381469727,11.844937324523926,391600
2005-06-30,19.0,19.100000381469727,18.899999618530273,19.0,11.782919883728027,836300
2005-07-04,19.0,19.0,18.899999618530273,19.0,11.782919883728027,318600
2005-07-05,18.799999237060547,18.899999618530273,18.799999237060547,18.799999237060547,11.658891677856445,99400
2005-07-06,18.799999237060547,18.799999237060547,18.700000762939453,18.700000762939453,11.596875190734863,43000
2005-07-07,18.700000762939453,18.700000762939453,17.5,18.0,11.162768363952637,1455600
2005-07-08,18.100000381469727,18.399999618530273,18.100000381469727,18.299999237060547,11.348812103271484,116300
2005-07-11,18.299999237060547,18.700000762939453,18.100000381469727,18.600000381469727,11.53486442565918,194900
2005-07-12,18.700000762939453,19.0,18.700000762939453,19.0,11.782919883728027,324000
2005-07-13,19.0,19.100000381469727,18.799999237060547,19.100000381469727,11.844937324523926,1381500
2005-07-14,19.200000762939453,19.200000762939453,18.899999618530273,19.100000381469727,11.844937324523926,1193200
2005-07-15,19.200000762939453,19.200000762939453,19.0,19.0,11.782919883728027,1496000
2005-07-18,19.0,19.100000381469727,19.0,19.0,11.782919883728027,358000
2005-07-19,19.0,19.0,19.0,19.0,11.782919883728027,694300
2005-07-20,19.0,19.0,19.0,19.0,11.782919883728027,0
2005-07-21,18.899999618530273,19.0,18.899999618530273,19.0,11.782919883728027,55200
2005-07-25,19.0,19.100000381469727,19.0,19.0,11.782919883728027,401200
2005-07-26,19.100000381469727,19.100000381469727,19.0,19.100000381469727,11.844937324523926,851400
2005-07-27,19.100000381469727,19.200000762939453,19.100000381469727,19.200000762939453,11.906952857971191,366800
2005-07-28,19.200000762939453,19.299999237060547,19.200000762939453,19.200000762939453,11.906952857971191,589600
2005-07-29,19.200000762939453,19.5,19.200000762939453,19.399999618530273,12.030982971191406,520300
2005-08-01,19.399999618530273,19.700000762939453,19.399999618530273,19.600000381469727,12.15501594543457,718400
2005-08-02,19.600000381469727,19.600000381469727,19.399999618530273,19.399999618530273,12.030982971191406,268000
2005-08-03,19.299999237060547,19.600000381469727,19.299999237060547,19.5,12.092994689941406,363700
2005-08-04,19.399999618530273,19.700000762939453,19.399999618530273,19.700000762939453,12.217029571533203,1604800
2005-08-05,19.700000762939453,20.5,19.600000381469727,20.399999618530273,12.651134490966797,3559500
2005-08-08,20.399999618530273,21.200000762939453,20.399999618530273,21.0,13.02323055267334,1382800
2005-08-09,21.0,21.299999237060547,21.0,21.100000381469727,13.085247993469238,771400
2005-08-10,21.200000762939453,22.0,21.200000762939453,21.700000762939453,13.45733642578125,1279500
2005-08-11,22.0,23.799999237060547,21.899999618530273,23.299999237060547,14.4495849609375,2552800
2005-08-15,23.200000762939453,23.200000762939453,21.799999237060547,21.799999237060547,13.5193510055542,1174900
2005-08-16,21.899999618530273,22.799999237060547,21.899999618530273,22.5,13.953460693359375,2240900
2005-08-17,22.5,22.5,22.0,22.100000381469727,13.705394744873047,607900
2005-08-18,22.299999237060547,22.399999618530273,22.100000381469727,22.100000381469727,13.705394744873047,737700
2005-08-19,22.100000381469727,22.100000381469727,21.299999237060547,21.299999237060547,13.209272384643555,5708500
2005-08-22,21.5,21.5,20.700000762939453,20.899999618530273,12.961212158203125,4192300
2005-08-23,20.899999618530273,21.5,20.899999618530273,21.399999618530273,13.271292686462402,2554100
2005-08-24,21.399999618530273,21.5,21.200000762939453,21.200000762939453,13.147259712219238,1019400
2005-08-25,21.100000381469727,21.5,21.100000381469727,21.5,13.333306312561035,1505000
2005-08-26,21.700000762939453,21.700000762939453,21.200000762939453,21.5,13.333306312561035,1622200
2005-08-29,21.5,21.5,20.899999618530273,20.899999618530273,12.961212158203125,2635600
2005-08-30,20.799999237060547,20.899999618530273,20.799999237060547,20.799999237060547,13.087052345275879,504100
2005-08-31,21.0,21.0,20.799999237060547,20.799999237060547,13.087052345275879,240700
2005-09-01,21.0,21.0,20.700000762939453,20.799999237060547,13.087052345275879,1179700
2005-09-02,20.799999237060547,20.799999237060547,20.600000381469727,20.600000381469727,12.961214065551758,1201900
2005-09-05,20.600000381469727,20.799999237060547,20.600000381469727,20.700000762939453,13.024133682250977,2644200
2005-09-06,20.899999618530273,21.0,20.799999237060547,21.0,13.212885856628418,3380000
2005-09-07,21.200000762939453,21.799999237060547,21.100000381469727,21.799999237060547,13.716232299804688,1574600
2005-09-08,21.899999618530273,23.0,21.899999618530273,22.799999237060547,14.345419883728027,3741100
2005-09-09,23.100000381469727,23.200000762939453,23.0,23.0,14.47125244140625,2121500
2005-09-12,23.0,23.0,22.299999237060547,22.5,14.156664848327637,522400
2005-09-13,22.399999618530273,22.5,22.299999237060547,22.5,14.156664848327637,76900
2005-09-14,22.5,23.100000381469727,22.5,22.899999618530273,14.408339500427246,611700
2005-09-15,23.0,23.299999237060547,22.799999237060547,23.299999237060547,14.660008430480957,694800
2005-09-16,23.399999618530273,23.399999618530273,23.299999237060547,23.299999237060547,14.660008430480957,236000
2005-09-19,23.799999237060547,24.0,23.600000381469727,23.600000381469727,14.84876537322998,561900
2005-09-20,23.600000381469727,23.700000762939453,23.299999237060547,23.700000762939453,14.911687850952148,245400
2005-09-21,23.799999237060547,26.25,23.700000762939453,25.25,15.886922836303711,4635300
2005-09-22,24.899999618530273,25.25,24.799999237060547,24.899999618530273,15.666711807250977,514800
2005-09-23,25.0,26.25,25.0,25.25,15.886922836303711,1133800
2005-09-26,25.75,26.25,25.25,25.5,16.044219970703125,1255000
2005-09-27,25.75,26.0,25.5,25.5,16.044219970703125,625800
2005-09-28,26.0,26.25,25.5,25.5,16.044219970703125,628600
2005-09-29,25.75,25.75,25.5,25.75,16.201513290405273,111000
2005-09-30,25.75,26.5,25.75,26.0,16.35881233215332,949700
2005-10-03,25.75,26.25,25.75,26.0,16.35881233215332,135400
2005-10-04,26.0,27.25,26.0,26.5,16.673410415649414,2837000
2005-10-05,26.75,27.0,26.25,26.25,16.5161075592041,722000
2005-10-06,26.5,26.75,26.25,26.25,16.5161075592041,181900
2005-10-07,26.25,27.0,26.25,27.0,16.98799705505371,913100
2005-10-10,26.75,27.75,26.5,26.5,16.673410415649414,1910400
2005-10-11,26.5,26.5,24.899999618530273,26.0,16.35881233215332,2061100
2005-10-12,26.0,26.25,25.75,26.0,16.35881233215332,587200
2005-10-13,26.0,26.0,25.5,25.5,16.044219970703125,1108100
2005-10-14,25.5,27.25,25.5,26.25,16.5161075592041,991600
2005-10-17,26.5,26.75,26.25,26.75,16.830699920654297,1097600
2005-10-18,27.0,28.0,27.0,27.0,16.98799705505371,2576900
2005-10-19,27.25,27.5,27.0,27.0,16.98799705505371,526500
2005-10-20,27.25,27.5,27.0,27.25,17.145294189453125,1453000
2005-10-21,27.5,27.75,27.0,27.25,17.145294189453125,278200
2005-10-25,27.0,27.0,26.0,26.5,16.673410415649414,721300
2005-10-26,26.5,27.0,26.5,27.0,16.98799705505371,405800
2005-10-27,26.75,27.0,26.5,26.75,16.830699920654297,1505900
2005-10-28,26.75,26.75,26.5,26.75,16.830699920654297,537600
2005-10-31,26.75,26.75,26.5,26.75,16.830699920654297,87100
2005-11-01,26.5,26.75,26.5,26.5,16.673410415649414,789200
2005-11-02,26.75,27.5,26.75,27.0,16.98799705505371,1994400
2005-11-03,27.5,27.5,27.0,27.25,17.145294189453125,303000
2005-11-04,27.25,28.0,27.25,27.5,17.302593231201172,694400
2005-11-07,27.75,27.75,27.5,27.5,17.302593231201172,136400
2005-11-08,27.5,27.5,27.25,27.25,17.145294189453125,442600
2005-11-09,27.0,27.25,27.0,27.25,17.145294189453125,321200
2005-11-10,27.0,27.0,27.0,27.0,16.98799705505371,45500
2005-11-11,26.75,26.75,26.25,26.5,16.673410415649414,442500
2005-11-14,26.5,26.5,26.5,26.5,16.673410415649414,104500
2005-11-15,26.5,26.75,26.25,26.5,16.673410415649414,695800
2005-11-16,26.25,26.25,25.75,25.75,16.201513290405273,923000
2005-11-17,25.75,26.25,25.5,25.5,16.044219970703125,328200
2005-11-18,25.5,25.75,25.25,25.5,16.044219970703125,796200
2005-11-21,26.0,26.0,24.899999618530273,25.0,15.72962760925293,342500
2005-11-22,25.0,25.25,24.899999618530273,25.25,15.886922836303711,776600
2005-11-23,25.0,25.0,24.899999618530273,25.0,15.72962760925293,902000
2005-11-24,25.25,25.25,25.25,25.25,15.886922836303711,1442900
2005-11-25,25.5,26.25,25.5,26.0,16.35881233215332,971100
2005-11-28,26.25,26.75,26.25,26.75,16.830699920654297,868300
2005-11-29,26.75,27.0,26.5,27.0,16.98799705505371,402100
2005-11-30,27.25,27.25,27.0,27.0,16.98799705505371,1233400
2005-12-01,27.0,27.25,26.75,26.75,16.830699920654297,181300
2005-12-02,26.75,26.75,26.5,26.5,16.673410415649414,256500
2005-12-06,26.75,27.5,26.5,27.5,17.302593231201172,915800
2005-12-07,27.5,29.0,27.5,28.75,18.089075088500977,1941600
2005-12-08,29.0,29.0,27.5,28.0,17.6171817779541,756000
2005-12-09,28.0,28.0,28.0,28.0,17.6171817779541,475600
2005-12-13,28.25,28.25,27.25,27.25,17.145294189453125,1044400
2005-12-14,27.5,27.75,27.5,27.75,17.459882736206055,361200
2005-12-15,27.75,27.75,27.25,27.5,17.302593231201172,229900
2005-12-16,27.5,27.5,27.25,27.5,17.302593231201172,53600
2005-12-19,27.5,27.5,27.0,27.25,17.145294189453125,65500
2005-12-20,27.5,28.75,27.5,28.75,18.089075088500977,626400
2005-12-21,28.5,28.5,28.25,28.5,17.931774139404297,110600
2005-12-22,28.0,28.0,27.75,27.75,17.459882736206055,191200
2005-12-23,28.0,28.0,28.0,28.0,17.6171817779541,72900
2005-12-26,28.0,28.75,28.0,28.75,18.089075088500977,279000
2005-12-27,29.0,29.25,28.0,28.0,17.6171817779541,646600
2005-12-28,28.25,29.0,28.25,29.0,18.24637222290039,439100
2005-12-29,29.25,30.0,29.0,29.5,18.560962677001953,772100
2005-12-30,30.0,30.0,29.5,29.5,18.560962677001953,1032700
2006-01-03,29.75,30.5,29.5,30.5,19.190149307250977,538400
2006-01-04,30.5,31.75,30.5,31.0,19.504732131958008,1729100
2006-01-05,31.5,33.5,31.25,32.0,20.133920669555664,2440400
2006-01-06,32.0,32.5,32.0,32.25,20.291221618652344,570200
2006-01-09,32.5,34.25,32.5,33.75,21.23499298095703,677500
2006-01-10,35.0,35.0,33.25,34.25,21.549591064453125,1407000
2006-01-11,34.0,34.5,33.75,34.25,21.549591064453125,425600
2006-01-12,34.0,34.25,33.5,34.0,21.392292022705078,479900
2006-01-13,34.0,34.25,33.5,33.75,21.23499298095703,605700
2006-01-16,33.0,34.0,32.5,33.75,21.23499298095703,639300
2006-01-17,33.75,34.25,33.5,33.75,21.23499298095703,386200
2006-01-18,33.5,34.0,33.0,33.5,21.07770538330078,477500
2006-01-19,33.5,33.75,33.5,33.5,21.07770538330078,224600
2006-01-20,33.5,33.5,31.0,31.0,19.504732131958008,1370400
2006-01-23,31.0,31.0,29.0,30.0,18.875553131103516,3947900
2006-01-24,30.0,30.75,30.0,30.5,19.190149307250977,624800
2006-01-25,30.75,32.0,30.75,32.0,20.133920669555664,1927100
2006-01-26,32.5,32.5,31.75,32.0,20.133920669555664,404000
2006-01-27,32.25,32.5,32.25,32.5,20.448518753051758,235900
2006-01-30,32.5,32.75,32.0,32.5,20.448518753051758,367700
2006-01-31,32.25,32.5,32.0,32.25,20.291221618652344,166700
2006-02-01,32.25,32.25,31.75,32.0,20.133920669555664,1176800
2006-02-02,32.0,32.0,31.25,32.0,20.133920669555664,678800
2006-02-03,32.0,32.0,31.75,32.0,20.133920669555664,393000
2006-02-06,32.5,35.0,32.25,34.25,21.549591064453125,2348000
2006-02-07,34.25,34.75,34.0,34.0,21.392292022705078,1309900
2006-02-08,34.25,34.5,33.5,34.5,21.706884384155273,207400
2006-02-09,34.25,34.75,34.0,34.25,21.549591064453125,626300
2006-02-10,34.5,34.75,34.25,34.25,21.549591064453125,190000
2006-02-13,34.25,34.25,34.25,34.25,21.549591064453125,0
2006-02-14,34.25,34.25,33.0,33.75,21.23499298095703,632800
2006-02-15,33.5,33.75,33.5,33.75,21.23499298095703,136500
2006-02-16,33.75,34.0,33.5,33.75,21.23499298095703,111900
2006-02-17,34.0,34.5,33.5,33.5,21.07770538330078,459500
2006-02-20,34.0,34.0,33.5,33.75,21.23499298095703,152300
2006-02-21,34.0,34.0,33.5,33.5,21.07770538330078,155100
2006-02-22,33.5,33.5,33.0,33.25,20.92040252685547,607500
2006-02-23,33.5,34.0,33.5,33.5,21.07770538330078,816800
2006-02-24,33.25,33.75,33.25,33.75,21.23499298095703,493000
2006-02-27,33.5,33.75,33.5,33.75,21.23499298095703,366700
2006-02-28,33.75,33.75,33.5,33.5,21.07770538330078,388300
2006-03-01,33.5,34.75,33.25,34.25,21.549591064453125,1533000
2006-03-02,34.25,34.25,33.75,33.75,21.23499298095703,976800
2006-03-03,33.75,34.0,33.5,33.75,21.23499298095703,595200
2006-03-06,33.75,33.75,32.5,32.75,20.605812072753906,905700
2006-03-07,32.75,32.75,31.25,31.75,19.97662925720215,985100
2006-03-08,31.0,31.5,30.5,31.0,19.504732131958008,1523500
2006-03-09,30.5,31.25,30.5,31.0,19.504732131958008,432600
2006-03-10,31.0,31.25,30.75,30.75,19.347440719604492,130900
2006-03-13,30.75,31.0,30.5,30.75,19.347440719604492,160700
2006-03-14,30.75,31.25,30.75,31.25,19.66204261779785,444900
2006-03-15,31.5,31.5,31.0,31.25,19.66204261779785,283000
2006-03-16,31.25,31.5,31.0,31.25,19.66204261779785,214500
2006-03-17,31.25,31.25,30.75,31.0,19.504732131958008,171100
2006-03-20,31.0,31.25,31.0,31.0,19.504732131958008,55000
2006-03-21,31.0,31.5,31.0,31.25,19.66204261779785,232500
2006-03-22,31.25,31.25,30.5,31.0,19.504732131958008,1245800
2006-03-23,31.0,31.25,31.0,31.0,19.504732131958008,229300
2006-03-24,31.0,31.5,31.0,31.25,19.66204261779785,172300
2006-03-27,31.25,31.75,31.25,31.75,19.97662925720215,104700
2006-03-28,31.75,31.75,31.5,31.5,19.819326400756836,459700
2006-03-29,31.5,31.75,31.25,31.75,19.97662925720215,361000
2006-03-30,31.5,32.0,31.25,32.0,20.133920669555664,307400
2006-03-31,31.25,31.75,31.0,31.25,19.942472457885742,120300
2006-04-03,31.5,32.5,31.5,32.5,20.740169525146484,248000
2006-04-04,32.25,33.75,32.0,33.25,21.218788146972656,1033200
2006-04-05,34.25,35.0,34.0,34.25,21.85695457458496,2020100
2006-04-06,34.25,34.25,34.25,34.25,21.85695457458496,0
2006-04-07,34.5,34.75,34.0,34.75,22.176029205322266,1401600
2006-04-10,34.0,34.25,34.0,34.25,21.85695457458496,141800
2006-04-11,33.75,34.0,33.25,34.0,21.69741439819336,403500
2006-04-12,34.0,35.5,34.0,35.5,22.65464973449707,1442200
2006-04-13,35.5,35.5,35.5,35.5,22.65464973449707,0
2006-04-14,35.5,35.5,35.5,35.5,22.65464973449707,0
2006-04-17,35.5,36.0,35.5,35.75,22.814186096191406,464500
2006-04-18,35.75,36.25,35.5,36.0,22.973730087280273,467300
2006-04-19,36.0,36.0,36.0,36.0,22.973730087280273,0
2006-04-20,36.25,36.5,36.0,36.25,23.133272171020508,307200
2006-04-21,36.25,36.5,36.0,36.25,23.133272171020508,846600
2006-04-24,36.25,36.25,36.0,36.0,22.973730087280273,192700
2006-04-25,36.0,36.0,35.75,35.75,22.814186096191406,289000
2006-04-26,35.75,36.0,35.5,36.0,22.973730087280273,627900
2006-04-27,35.75,36.5,35.75,36.25,23.133272171020508,580400
2006-04-28,36.0,37.0,36.0,36.75,23.452342987060547,349200
2006-05-01,36.75,36.75,36.75,36.75,23.452342987060547,0
2006-05-02,36.75,37.25,36.75,37.0,23.61188316345215,344500
2006-05-03,37.0,37.25,36.25,36.5,23.292804718017578,1489900
2006-05-04,36.5,36.5,36.25,36.5,24.18358612060547,163900
2006-05-05,36.5,36.5,36.5,36.5,24.18358612060547,0
2006-05-08,36.5,36.5,36.0,36.0,23.85230827331543,273300
2006-05-09,36.0,36.25,35.75,35.75,23.686664581298828,321900
2006-05-10,36.25,36.25,35.75,36.0,23.85230827331543,169100
2006-05-11,36.0,36.25,35.5,36.25,24.017955780029297,416600
2006-05-12,36.25,36.25,36.25,36.25,24.017955780029297,0
2006-05-15,36.0,36.25,35.75,36.0,23.85230827331543,166300
2006-05-16,36.25,36.25,34.5,36.0,23.85230827331543,630900
2006-05-17,35.75,35.75,35.5,35.5,23.521026611328125,179200
2006-05-18,35.5,35.5,35.0,35.5,23.521026611328125,403900
2006-05-19,34.5,35.5,34.5,35.5,23.521026611328125,359800
2006-05-22,35.25,35.25,32.75,33.75,22.361536026000977,898100
2006-05-23,33.75,35.0,33.5,35.0,23.189748764038086,277300
2006-05-24,35.0,35.0,33.5,34.25,22.69281768798828,267300
2006-05-25,34.5,34.5,32.0,32.0,21.20205307006836,585000
2006-05-26,32.0,33.5,31.75,33.0,21.864620208740234,301800
2006-05-29,32.5,33.0,32.25,32.75,21.698972702026367,419400
2006-05-30,32.5,32.75,32.5,32.5,21.533334732055664,545600
2006-05-31,32.5,32.75,32.0,32.0,21.20205307006836,930700
2006-06-01,32.25,32.5,32.0,32.5,21.533334732055664,369200
2006-06-02,32.75,33.5,32.5,33.25,22.03025245666504,721100
2006-06-05,33.0,33.25,32.75,33.0,21.864620208740234,92000
2006-06-06,32.75,32.75,32.0,32.5,21.533334732055664,833600
2006-06-07,32.5,32.5,31.25,32.5,21.533334732055664,741400
2006-06-08,32.0,32.25,31.5,31.75,21.03641128540039,354100
2006-06-09,32.0,32.25,32.0,32.0,21.20205307006836,149900
2006-06-12,32.0,32.0,32.0,32.0,21.20205307006836,0
2006-06-13,32.0,32.0,32.0,32.0,21.20205307006836,0
2006-06-14,32.0,32.0,31.5,32.0,21.20205307006836,441000
2006-06-15,32.0,32.5,31.5,32.25,21.367694854736328,597400
2006-06-16,32.75,32.75,32.25,32.75,21.698972702026367,258000
2006-06-19,32.75,32.75,32.25,32.5,21.533334732055664,637000
2006-06-20,32.5,32.5,32.0,32.25,21.367694854736328,176400
2006-06-21,32.0,32.25,31.75,32.25,21.367694854736328,103900
2006-06-22,32.25,32.25,32.0,32.0,21.20205307006836,439100
2006-06-23,32.0,32.0,31.75,31.75,21.03641128540039,258500
2006-06-26,31.75,32.0,31.75,32.0,21.20205307006836,230100
2006-06-27,32.0,32.5,32.0,32.5,21.533334732055664,272400
2006-06-28,32.25,32.75,32.25,32.75,21.698972702026367,443600
2006-06-29,32.75,33.25,32.75,33.0,21.864620208740234,910700
2006-06-30,33.25,33.5,32.75,32.75,21.698972702026367,719300
2006-07-03,33.0,33.25,32.75,33.25,22.03025245666504,741000
2006-07-04,33.25,34.0,33.25,34.0,22.52718734741211,1437700
2006-07-05,33.75,33.75,33.5,33.5,22.19590187072754,286900
2006-07-06,33.75,33.75,33.5,33.75,22.361536026000977,477100
2006-07-07,33.75,34.5,33.25,33.25,22.03025245666504,1026300
2006-07-10,33.5,33.75,33.5,33.75,22.361536026000977,130600
2006-07-11,33.75,33.75,33.75,33.75,22.361536026000977,0
2006-07-12,33.5,33.75,33.25,33.25,22.03025245666504,367100
2006-07-13,33.25,33.25,32.75,33.25,22.03025245666504,1868500
2006-07-14,32.75,33.0,32.5,32.75,21.698972702026367,315400
2006-07-17,32.5,33.0,32.5,33.0,21.864620208740234,597600
2006-07-18,33.25,33.5,33.0,33.5,22.19590187072754,748600
2006-07-19,33.75,33.75,33.25,33.5,22.19590187072754,307100
2006-07-20,34.0,34.25,33.75,34.0,22.52718734741211,802500
2006-07-21,34.25,35.25,34.25,35.0,23.189748764038086,2150200
2006-07-24,34.5,34.75,34.25,34.25,22.69281768798828,88700
2006-07-25,34.75,35.25,34.75,34.75,23.024106979370117,472300
2006-07-26,35.0,35.5,35.0,35.5,23.521026611328125,639200
2006-07-27,35.75,37.0,35.75,36.5,24.18358612060547,2306600
2006-07-28,36.5,36.5,36.0,36.25,24.017955780029297,220000
2006-07-31,36.25,36.25,35.25,35.5,23.521026611328125,405800
2006-08-01,36.0,36.0,34.25,34.5,22.858457565307617,524000
2006-08-02,35.0,35.0,34.75,35.0,23.189748764038086,107400
2006-08-03,35.0,35.5,35.0,35.0,23.189748764038086,34700
2006-08-04,35.0,35.75,35.0,35.5,23.521026611328125,304600
2006-08-07,35.25,36.0,34.75,35.75,23.686664581298828,231600
2006-08-08,35.75,36.0,35.25,35.25,23.35538101196289,1381900
2006-08-09,35.25,35.25,35.0,35.0,23.189748764038086,68500
2006-08-10,35.25,35.25,34.75,35.0,23.189748764038086,1111700
2006-08-11,35.5,35.75,35.5,35.75,23.686664581298828,48700
2006-08-14,35.75,35.75,35.75,35.75,23.686664581298828,0
2006-08-15,35.75,36.75,35.75,36.5,24.18358612060547,288400
2006-08-16,36.75,38.0,36.5,37.75,25.011795043945312,1193200
2006-08-17,38.0,38.0,37.5,38.0,25.177431106567383,543900
2006-08-18,38.0,38.0,37.5,37.5,24.84615135192871,336300
2006-08-21,37.5,37.75,37.5,37.5,24.84615135192871,48500
2006-08-22,37.5,37.75,37.5,37.75,25.011795043945312,200800
2006-08-23,37.5,37.75,37.5,37.75,25.011795043945312,158700
2006-08-24,37.0,37.25,36.25,36.75,24.349224090576172,618800
2006-08-25,36.5,36.5,36.5,36.5,24.18358612060547,70500
2006-08-28,36.5,36.5,36.0,36.25,24.017955780029297,186400
2006-08-29,36.0,36.0,35.75,35.75,23.884328842163086,162000
2006-08-30,36.0,36.25,35.75,36.25,24.2183837890625,258100
2006-08-31,36.0,36.25,36.0,36.25,24.2183837890625,311700
2006-09-01,36.25,36.25,35.75,35.75,23.884328842163086,713000
2006-09-04,35.75,37.0,35.75,37.0,24.719446182250977,393800
2006-09-05,36.25,36.5,36.25,36.25,24.2183837890625,124900
2006-09-06,36.5,37.0,36.25,37.0,24.719446182250977,159500
2006-09-07,37.0,37.25,36.25,37.0,24.719446182250977,298700
2006-09-08,37.5,37.5,37.0,37.5,25.053491592407227,122200
2006-09-11,37.5,37.5,37.0,37.0,24.719446182250977,110100
2006-09-12,37.25,37.25,37.0,37.25,24.886474609375,81500
2006-09-13,37.5,39.0,37.5,38.5,25.72158432006836,744700
2006-09-14,38.5,38.5,37.75,37.75,25.220516204833984,456900
2006-09-15,38.0,38.25,38.0,38.0,25.387537002563477,325900
2006-09-18,37.5,39.0,37.25,39.0,26.05563735961914,356200
2006-09-19,38.75,39.0,38.0,38.0,25.387537002563477,224300
2006-09-20,38.0,38.0,38.0,38.0,25.387537002563477,0
2006-09-21,36.25,38.75,36.25,38.5,25.72158432006836,887000
2006-09-22,38.75,38.75,38.0,38.0,25.387537002563477,666400
2006-09-25,38.25,38.5,38.25,38.5,25.72158432006836,69300
2006-09-26,38.25,39.5,38.25,39.0,26.05563735961914,556800
2006-09-27,39.0,39.0,38.75,38.75,25.88861083984375,134000
2006-09-28,38.75,39.0,38.75,38.75,25.88861083984375,60700
2006-09-29,38.5,38.5,37.25,37.25,24.886474609375,731700
2006-10-02,37.75,37.75,37.0,37.0,24.719446182250977,314200
2006-10-03,37.0,37.0,36.25,37.0,24.719446182250977,1225600
2006-10-04,37.0,37.25,37.0,37.25,24.886474609375,178800
2006-10-05,37.5,38.5,37.5,38.25,25.554561614990234,538700
2006-10-06,38.5,38.75,38.0,38.0,25.387537002563477,504000
2006-10-09,38.0,38.75,38.0,38.25,25.554561614990234,406100
2006-10-10,38.5,38.75,38.0,38.25,25.554561614990234,293400
2006-10-11,38.0,38.0,37.25,37.25,24.886474609375,1016300
2006-10-12,37.5,37.5,37.0,37.5,25.053491592407227,722600
2006-10-13,37.5,37.5,36.75,37.0,24.719446182250977,589400
2006-10-16,37.25,37.75,37.0,37.75,25.220516204833984,801800
2006-10-17,37.25,37.75,37.25,37.5,25.053491592407227,397200
2006-10-18,37.5,37.75,37.25,37.75,25.220516204833984,451200
2006-10-19,37.5,38.0,37.0,37.0,24.719446182250977,245500
2006-10-20,37.0,37.25,36.5,36.75,24.55241584777832,3934700
2006-10-23,36.75,36.75,36.75,36.75,24.55241584777832,0
2006-10-24,37.25,37.25,37.0,37.25,24.886474609375,2189100
2006-10-25,37.25,37.5,37.25,37.25,24.886474609375,689600
2006-10-26,37.25,37.5,37.25,37.25,24.886474609375,232100
2006-10-27,37.75,37.75,37.0,37.0,24.719446182250977,324900
2006-10-30,37.0,37.0,36.5,36.75,24.55241584777832,3655100
2006-10-31,36.75,37.0,36.75,36.75,24.55241584777832,1215500
2006-11-01,37.0,38.0,37.0,38.0,25.387537002563477,749100
2006-11-02,38.0,38.0,37.25,37.25,24.886474609375,854600
2006-11-03,37.25,37.5,37.25,37.5,25.053491592407227,177900
2006-11-06,37.25,37.25,37.0,37.0,24.719446182250977,2281600
2006-11-07,37.5,37.5,36.75,36.75,24.55241584777832,4622200
2006-11-08,37.0,37.25,37.0,37.0,24.719446182250977,226000
2006-11-09,37.0,37.0,36.25,36.25,24.2183837890625,1192900
2006-11-10,36.5,37.0,36.0,36.25,24.2183837890625,2715700
2006-11-13,36.5,36.5,36.25,36.5,24.38539695739746,316200
2006-11-14,36.5,36.75,36.25,36.25,24.2183837890625,458100
2006-11-15,36.5,36.5,36.25,36.5,24.38539695739746,447900
2006-11-16,36.5,36.5,35.5,36.25,24.2183837890625,22098400
2006-11-17,36.25,36.75,36.25,36.5,24.38539695739746,352400
2006-11-20,36.5,36.5,36.5,36.5,24.38539695739746,714200
2006-11-21,36.5,36.5,35.75,35.75,23.884328842163086,1444
2006-11-22,36.0,36.5,36.0,36.25,24.2183837890625,207
2006-11-23,36.25,36.75,36.25,36.5,24.38539695739746,136
2006-11-24,36.5,36.5,36.5,36.5,24.38539695739746,265100
2006-11-27,36.5,36.75,36.5,36.75,24.55241584777832,442
2006-11-28,36.0,36.5,36.0,36.25,24.2183837890625,134
2006-11-29,36.25,36.5,36.25,36.5,24.38539695739746,289
2006-11-30,36.75,36.75,36.5,36.5,24.38539695739746,263
2006-12-01,36.5,37.0,36.5,36.75,24.55241584777832,330
2006-12-04,37.0,37.5,36.75,37.5,25.053491592407227,1125
2006-12-05,37.5,37.5,37.5,37.5,25.053491592407227,0
2006-12-06,37.75,38.25,37.75,38.25,25.554561614990234,2489
2006-12-07,38.0,39.75,37.75,39.75,26.55670928955078,1887
2006-12-08,39.75,39.75,38.75,39.5,26.38967514038086,964
2006-12-11,39.5,39.5,39.5,39.5,26.38967514038086,0
2006-12-12,39.0,39.0,38.0,39.0,26.05563735961914,497500
2006-12-13,39.0,39.5,38.75,39.5,26.38967514038086,442
2006-12-14,38.75,39.5,38.0,38.5,25.72158432006836,358
2006-12-15,38.25,39.25,38.25,39.25,26.222658157348633,192
2006-12-18,39.25,39.25,38.5,38.5,25.72158432006836,306
2006-12-19,35.5,36.75,34.75,36.5,24.38539695739746,3669
2006-12-20,37.5,38.25,36.5,37.5,25.053491592407227,2035600
2006-12-21,37.5,38.0,36.0,37.75,25.220516204833984,912
2006-12-22,38.0,38.0,36.5,37.5,25.053491592407227,148
2006-12-25,36.75,37.25,36.5,36.75,24.55241584777832,165600
2006-12-26,37.5,37.75,37.5,37.75,25.220516204833984,203
2006-12-27,37.75,37.75,37.5,37.75,25.220516204833984,244300
2006-12-28,37.5,38.0,37.0,37.5,25.053491592407227,335400
2006-12-29,37.25,37.25,36.75,37.0,24.719446182250977,474
2007-01-03,36.0,36.75,36.0,36.5,24.38539695739746,982900
2007-01-04,36.5,36.5,36.0,36.0,24.051353454589844,132200
2007-01-05,36.5,36.5,34.5,35.25,23.55027961730957,3223500
2007-01-08,34.5,35.75,34.5,35.0,23.383264541625977,513400
2007-01-09,35.5,35.5,34.25,34.25,22.882186889648438,405200
2007-01-10,33.25,34.5,33.25,34.0,22.71517562866211,920300
2007-01-11,34.0,35.0,34.0,34.75,23.21624183654785,450200
2007-01-12,34.5,34.75,34.25,34.5,23.049211502075195,343500
2007-01-15,34.75,36.25,34.75,36.0,24.051353454589844,947500
2007-01-16,36.25,36.25,35.5,35.75,23.884328842163086,331300
2007-01-17,36.0,36.0,35.75,35.75,23.884328842163086,479900
2007-01-18,35.75,36.0,35.75,35.75,23.884328842163086,545800
2007-01-19,35.75,36.0,35.5,35.75,23.884328842163086,168200
2007-01-22,35.75,36.0,35.75,35.75,23.884328842163086,407600
2007-01-23,35.5,36.25,35.5,36.25,24.2183837890625,834100
2007-01-24,36.25,36.25,35.75,35.75,23.884328842163086,147500
2007-01-25,36.0,36.25,35.75,36.0,24.051353454589844,327700
2007-01-26,36.0,36.25,36.0,36.25,24.2183837890625,95200
2007-01-29,36.25,36.25,36.0,36.0,24.051353454589844,156800
2007-01-30,36.0,36.25,36.0,36.25,24.2183837890625,127700
2007-01-31,36.0,36.0,36.0,36.0,24.051353454589844,87900
2007-02-01,36.25,36.25,36.25,36.25,24.2183837890625,80000
2007-02-02,36.5,37.75,36.5,37.0,24.719446182250977,807100
2007-02-05,36.75,37.25,36.75,37.0,24.719446182250977,264500
2007-02-06,37.25,37.25,37.0,37.0,24.719446182250977,287000
2007-02-07,37.25,37.5,37.25,37.25,24.886474609375,435400
2007-02-08,37.25,37.5,37.0,37.0,24.719446182250977,201400
2007-02-09,37.25,37.25,36.75,36.75,24.55241584777832,270200
2007-02-12,36.75,37.5,36.75,37.5,25.053491592407227,230200
2007-02-13,37.5,37.5,37.0,37.0,24.719446182250977,334400
2007-02-14,37.25,37.75,37.25,37.5,25.053491592407227,660400
2007-02-15,37.75,37.75,37.0,37.0,24.719446182250977,243500
2007-02-16,37.0,37.5,37.0,37.25,24.886474609375,410700
2007-02-19,37.25,37.25,37.0,37.0,24.719446182250977,53300
2007-02-20,37.5,37.5,37.25,37.5,25.053491592407227,244000
2007-02-21,37.25,37.5,37.0,37.0,24.719446182250977,762600
2007-02-22,37.0,37.25,36.75,36.75,24.55241584777832,285300
2007-02-23,37.0,37.5,37.0,37.0,24.719446182250977,493800
2007-02-26,37.5,37.5,37.0,37.25,24.886474609375,163900
2007-02-27,37.25,37.25,36.75,36.75,24.55241584777832,279800
2007-02-28,36.5,37.25,36.0,37.25,24.886474609375,481200
2007-03-01,37.5,37.5,37.0,37.0,24.719446182250977,391700
2007-03-02,37.0,37.25,36.75,36.75,24.55241584777832,1093300
2007-03-06,36.75,37.25,36.25,37.25,24.886474609375,358000
2007-03-07,37.0,37.0,36.75,36.75,24.55241584777832,35300
2007-03-08,37.0,37.0,36.75,36.75,24.55241584777832,11800
2007-03-09,36.75,37.0,36.75,36.75,24.55241584777832,18600
2007-03-12,36.75,37.0,36.75,37.0,24.719446182250977,245300
2007-03-13,36.75,37.0,36.75,36.75,24.55241584777832,293000
2007-03-14,37.0,37.5,37.0,37.5,25.053491592407227,262500
2007-03-15,37.75,39.0,37.75,38.5,25.72158432006836,1250300
2007-03-16,38.5,38.5,38.25,38.25,25.554561614990234,31900
2007-03-19,38.0,38.0,37.75,37.75,25.220516204833984,112400
2007-03-20,37.75,39.0,37.75,38.5,25.72158432006836,368600
2007-03-21,38.5,39.25,38.25,39.0,26.05563735961914,441800
2007-03-22,39.25,39.5,39.0,39.25,26.222658157348633,361000
2007-03-23,39.25,39.25,39.0,39.25,26.222658157348633,214100
2007-03-26,39.25,39.5,39.0,39.25,26.222658157348633,63100
2007-03-27,39.25,40.25,39.25,40.0,26.723730087280273,798900
2007-03-28,40.0,41.0,40.0,40.75,27.22478675842285,735700
2007-03-29,41.0,41.0,40.25,40.75,27.22478675842285,356300
2007-03-30,40.0,40.0,39.75,39.75,26.853248596191406,887100
2007-04-02,39.75,40.0,39.75,39.75,26.853248596191406,206700
2007-04-03,40.0,41.0,40.0,40.75,27.528785705566406,569600
2007-04-04,40.75,41.25,40.75,41.0,27.697683334350586,373700
2007-04-05,41.25,41.25,41.0,41.0,27.697683334350586,403000
2007-04-09,41.0,42.0,41.0,41.75,28.20435905456543,419200
2007-04-10,41.25,41.75,41.25,41.75,28.20435905456543,186800
2007-04-11,41.25,41.5,40.5,41.0,27.697683334350586,252800
2007-04-12,41.0,41.75,41.0,41.0,27.697683334350586,235700
2007-04-17,41.0,41.5,41.0,41.5,28.03546142578125,343500
2007-04-18,41.25,41.75,41.25,41.25,27.86656951904297,155800
2007-04-19,41.5,41.5,41.0,41.25,27.86656951904297,168900
2007-04-20,41.75,42.75,41.5,42.25,29.586097717285156,268200
2007-04-23,42.25,42.25,42.0,42.0,29.411029815673828,40400
2007-04-24,42.25,44.5,42.25,44.25,30.98662567138672,804300
2007-04-25,46.0,46.5,45.75,45.75,32.037025451660156,1328400
2007-04-26,45.75,46.75,45.25,46.0,32.212093353271484,248200
2007-04-27,46.0,46.25,45.75,46.25,32.38716506958008,384600
2007-04-30,46.5,51.0,46.5,48.5,33.9627571105957,914000
2007-05-02,49.0,49.5,49.0,49.5,34.66300582885742,1038300
2007-05-03,49.75,50.5,49.5,50.0,35.01314163208008,1336300
2007-05-04,49.75,50.0,49.75,49.75,34.83807373046875,665600
2007-05-08,50.0,52.0,50.0,50.5,35.3632698059082,702300
2007-05-09,51.0,51.0,49.75,50.0,35.01314163208008,210300
2007-05-10,50.0,50.0,48.5,49.25,34.48794937133789,442000
2007-05-11,49.0,49.0,46.75,47.5,33.26249694824219,899900
2007-05-14,48.25,48.5,47.75,48.25,33.78767776489258,574300
2007-05-15,48.25,48.25,47.5,47.5,33.26249694824219,216000
2007-05-16,47.75,48.25,47.5,48.25,33.78767776489258,126200
2007-05-17,48.25,49.0,48.25,48.75,34.137813568115234,148400
2007-05-18,49.0,50.0,49.0,50.0,35.01314163208008,439900
2007-05-21,49.0,49.5,48.75,48.75,34.137813568115234,196100
2007-05-22,49.0,49.0,48.5,48.5,33.9627571105957,172400
2007-05-23,48.5,48.5,47.25,47.25,33.08742904663086,730500
2007-05-24,47.25,47.5,47.0,47.25,33.08742904663086,536000
2007-05-25,47.25,47.5,47.0,47.25,33.08742904663086,150100
2007-05-28,47.0,47.25,47.0,47.0,32.912357330322266,307500
2007-05-29,47.0,47.25,45.75,46.75,32.73729705810547,710300
2007-05-30,46.0,46.75,46.0,46.5,32.562225341796875,337200
2007-06-01,46.5,46.5,46.25,46.5,32.562225341796875,820300
2007-06-04,46.5,46.5,46.25,46.5,32.562225341796875,947900
2007-06-05,46.25,46.25,45.75,46.0,32.212093353271484,955600
2007-06-06,46.0,46.0,46.0,46.0,32.212093353271484,79200
2007-06-07,46.0,46.25,45.75,46.25,32.38716506958008,23300
2007-06-08,46.5,48.5,46.25,48.0,33.612613677978516,1476700
2007-06-11,48.5,49.5,48.5,49.25,34.48794937133789,863700
2007-06-12,49.75,49.75,48.75,48.75,34.137813568115234,738900
2007-06-13,48.75,48.75,47.0,47.0,32.912357330322266,226900
2007-06-14,48.0,48.25,47.5,47.75,33.437564849853516,103100
2007-06-15,48.0,48.0,47.25,48.0,33.612613677978516,209000
2007-06-18,48.25,49.0,48.25,48.5,33.9627571105957,480700
2007-06-19,48.5,48.75,48.0,48.0,33.612613677978516,272000
2007-06-20,48.0,48.5,48.0,48.25,33.78767776489258,197300
2007-06-21,48.5,49.25,48.5,48.75,34.137813568115234,885600
2007-06-22,49.0,50.0,49.0,49.25,34.48794937133789,535400
2007-06-25,49.25,49.75,49.0,49.0,34.31288146972656,216800
2007-06-26,49.0,49.5,48.0,48.0,33.612613677978516,728700
2007-06-27,48.5,48.5,48.0,48.25,33.78767776489258,575700
2007-06-28,48.5,48.5,47.5,48.25,33.78767776489258,979500
2007-06-29,48.25,48.75,47.75,47.75,33.437564849853516,1025100
2007-07-02,48.0,48.5,47.75,48.0,33.612613677978516,1966400
2007-07-03,48.25,48.5,48.0,48.0,33.612613677978516,1925600
2007-07-04,48.25,48.75,48.0,48.5,33.9627571105957,1978500
2007-07-05,49.0,49.0,48.0,48.0,33.612613677978516,1450700
2007-07-06,48.25,48.5,48.0,48.5,33.9627571105957,1050300
2007-07-09,48.5,48.5,48.25,48.5,33.9627571105957,1409700
2007-07-10,48.5,48.5,48.25,48.5,33.9627571105957,1666400
2007-07-11,48.5,48.5,48.0,48.0,33.612613677978516,1253100
2007-07-12,48.0,48.5,48.0,48.5,33.9627571105957,522700
2007-07-13,48.5,48.5,48.0,48.0,33.612613677978516,1804100
2007-07-16,48.5,48.5,48.25,48.5,33.9627571105957,750400
2007-07-17,48.5,48.5,48.25,48.5,33.9627571105957,761400
2007-07-18,48.25,48.5,48.25,48.25,33.78767776489258,411700
2007-07-19,48.0,48.25,48.0,48.25,33.78767776489258,677800
2007-07-20,48.25,48.5,48.0,48.0,33.612613677978516,481800
2007-07-23,47.75,48.25,47.75,48.25,33.78767776489258,567800
2007-07-24,48.0,48.25,48.0,48.25,33.78767776489258,543200
2007-07-25,48.25,48.5,47.75,48.0,33.612613677978516,1234500
2007-07-26,48.0,48.25,47.75,48.25,33.78767776489258,584700
2007-07-27,48.0,48.0,47.5,48.0,33.612613677978516,385200
2007-07-31,48.0,48.0,47.5,47.75,33.437564849853516,201200
2007-08-01,47.5,47.5,46.5,46.5,32.562225341796875,598400
2007-08-02,47.25,47.25,46.0,46.5,32.562225341796875,303000
2007-08-03,46.5,46.75,46.25,46.5,32.562225341796875,283500
2007-08-06,46.25,46.25,45.75,46.0,32.212093353271484,217700
2007-08-07,46.0,46.25,46.0,46.25,32.38716506958008,203900
2007-08-08,46.0,46.0,45.5,46.0,32.212093353271484,499300
2007-08-09,46.0,46.0,45.75,45.75,32.037025451660156,519000
2007-08-10,45.0,45.5,44.5,45.25,31.686893463134766,441100
2007-08-14,45.25,45.25,43.25,43.5,30.46143341064453,486900
2007-08-15,42.25,42.5,41.0,41.0,28.710773468017578,765400
2007-08-16,39.75,39.75,37.5,39.5,27.660381317138672,4096700
2007-08-17,39.25,42.0,38.25,42.0,29.711912155151367,1505200
2007-08-20,43.0,43.0,42.5,43.0,30.41934585571289,688100
2007-08-21,42.75,43.5,41.0,41.0,29.004493713378906,1280600
2007-08-22,41.5,41.75,41.25,41.75,29.53507423400879,470700
2007-08-23,42.75,43.75,42.25,43.5,30.773059844970703,1180100
2007-08-24,43.5,43.75,43.0,43.5,30.773059844970703,114900
2007-08-27,43.75,43.75,43.25,43.5,30.773059844970703,321700
2007-08-28,43.75,44.0,43.0,43.75,30.94992446899414,181900
2007-08-29,43.25,43.75,42.75,43.75,30.94992446899414,413400
2007-08-30,43.5,43.5,43.25,43.25,30.596195220947266,70900
2007-08-31,43.5,44.0,43.25,43.75,30.94992446899414,311200
2007-09-03,43.5,43.75,43.0,43.5,30.773059844970703,142000
2007-09-04,44.0,44.25,43.75,44.0,31.126773834228516,122200
2007-09-05,44.0,44.75,44.0,44.5,31.480487823486328,241200
2007-09-06,44.5,44.75,43.75,44.25,31.303625106811523,273900
2007-09-07,44.5,44.5,43.75,44.0,31.126773834228516,206700
2007-09-10,43.5,43.5,42.75,43.0,30.41934585571289,280800
2007-09-11,42.75,43.0,42.75,43.0,30.41934585571289,265300
2007-09-12,43.0,43.25,43.0,43.0,30.41934585571289,168000
2007-09-13,43.25,43.75,43.25,43.25,30.596195220947266,42700
2007-09-14,43.25,43.25,43.0,43.0,30.41934585571289,147200
2007-09-17,43.25,43.25,43.0,43.0,30.41934585571289,120600
2007-09-18,43.0,43.25,42.75,43.25,30.596195220947266,321300
2007-09-19,43.0,43.0,43.0,43.0,30.41934585571289,159700
2007-09-20,43.0,43.0,42.0,42.0,29.711912155151367,330000
2007-09-21,42.0,43.0,42.0,42.75,30.242494583129883,254600
2007-09-24,42.75,43.0,42.75,42.75,30.242494583129883,413300
2007-09-25,43.0,43.5,42.75,43.25,30.596195220947266,878300
2007-09-26,43.5,45.5,43.25,45.5,32.187923431396484,795200
2007-09-27,45.5,46.0,45.25,45.5,32.187923431396484,799300
2007-09-28,45.25,45.5,44.75,44.75,31.6573543548584,474900
2007-10-01,44.75,45.5,44.75,45.25,32.01105499267578,64300
2007-10-02,45.5,46.25,45.5,46.0,32.541629791259766,330900
2007-10-03,46.0,46.25,45.25,45.25,32.01105499267578,351700
2007-10-04,45.0,45.5,45.0,45.5,32.187923431396484,222200
2007-10-05,45.5,45.75,45.5,45.5,32.187923431396484,320600
2007-10-08,45.5,45.75,45.5,45.75,32.364768981933594,265300
2007-10-09,45.5,46.0,45.5,45.5,32.187923431396484,861900
2007-10-10,46.0,46.0,45.75,46.0,32.541629791259766,258200
2007-10-11,46.0,46.75,45.75,46.25,32.71849060058594,308400
2007-10-12,46.25,46.5,46.0,46.25,32.71849060058594,521400
2007-10-15,46.5,46.5,45.75,46.0,32.541629791259766,566200
2007-10-16,45.5,45.5,45.0,45.25,32.01105499267578,366700
2007-10-17,45.5,45.75,44.25,44.25,31.303625106811523,382000
2007-10-18,44.25,44.75,44.0,44.75,31.6573543548584,238200
2007-10-19,45.25,45.5,45.0,45.5,32.187923431396484,878300
2007-10-22,44.75,45.0,44.5,44.75,31.6573543548584,517300
2007-10-24,45.0,45.0,44.75,45.0,31.834209442138672,1052700
2007-10-25,44.75,45.0,44.25,44.75,31.6573543548584,943000
2007-10-26,45.0,45.0,44.5,44.5,31.480487823486328,254800
2007-10-29,46.0,46.25,45.25,45.5,32.187923431396484,1468200
2007-10-30,45.5,45.5,44.75,44.75,31.6573543548584,612400
2007-10-31,45.0,45.0,44.25,44.25,31.303625106811523,502200
2007-11-01,44.75,44.75,43.75,44.25,31.303625106811523,655400
2007-11-02,44.0,44.0,43.25,43.75,30.94992446899414,549900
2007-11-05,43.5,43.5,42.75,43.25,30.596195220947266,735400
2007-11-06,43.5,44.0,43.5,44.0,31.126773834228516,270800
2007-11-07,44.0,44.25,43.25,43.75,30.94992446899414,772900
2007-11-08,43.0,43.5,43.0,43.25,30.596195220947266,319300
2007-11-09,43.0,43.5,43.0,43.5,30.773059844970703,158000
2007-11-12,42.5,44.75,42.5,44.75,31.6573543548584,298400
2007-11-13,44.0,44.0,43.5,44.0,31.126773834228516,347300
2007-11-14,43.0,44.25,43.0,44.25,31.303625106811523,690000
2007-11-15,44.25,44.25,43.25,43.25,30.596195220947266,155600
2007-11-16,43.25,43.25,42.75,43.0,30.41934585571289,126100
2007-11-19,43.0,43.0,42.25,42.5,30.06563377380371,210000
2007-11-20,42.25,42.5,41.5,42.5,30.06563377380371,382600
2007-11-21,42.0,42.0,40.0,40.25,28.473920822143555,655200
2007-11-22,39.5,39.75,39.5,39.75,28.12021827697754,816600
2007-11-23,39.75,40.75,39.5,40.75,28.8276309967041,228100
2007-11-26,40.75,41.25,40.5,41.0,29.004493713378906,431400
2007-11-27,40.75,40.75,40.75,40.75,28.8276309967041,1230700
2007-11-28,40.75,41.0,40.75,40.75,28.8276309967041,283500
2007-11-29,41.0,41.25,40.75,41.0,29.004493713378906,171100
2007-11-30,41.0,41.0,39.75,40.0,28.297073364257812,753600
2007-12-03,40.0,40.0,39.0,39.25,27.766502380371094,860200
2007-12-04,39.0,39.75,38.75,39.75,28.12021827697754,184000
2007-12-06,39.75,40.0,39.0,39.5,27.94335174560547,488300
2007-12-07,39.5,39.75,39.0,39.5,27.94335174560547,480500
2007-12-11,39.5,39.5,38.75,39.0,27.589641571044922,575900
2007-12-12,39.0,39.0,38.5,38.75,27.412784576416016,215400
2007-12-13,38.75,38.75,38.25,38.25,27.059072494506836,318500
2007-12-14,37.75,39.25,37.75,38.5,27.235925674438477,259300
2007-12-17,38.5,38.75,38.0,38.25,27.059072494506836,175900
2007-12-18,38.25,39.25,38.25,39.25,27.766502380371094,359200
2007-12-19,39.25,39.5,39.25,39.25,27.766502380371094,1531300
2007-12-20,39.5,39.5,38.25,38.25,27.059072494506836,932000
2007-12-21,39.0,39.0,38.5,39.0,27.589641571044922,257500
2007-12-24,39.0,39.0,39.0,39.0,27.589641571044922,0
2007-12-25,39.0,40.5,39.0,40.5,28.65078353881836,946500
2007-12-26,40.5,40.5,39.5,40.5,28.65078353881836,469800
2007-12-27,40.5,41.0,40.25,41.0,29.004493713378906,489300
2007-12-28,41.0,41.0,40.0,40.5,28.65078353881836,567000
2008-01-02,41.0,41.0,39.75,39.75,28.12021827697754,99100
2008-01-03,39.5,40.25,39.5,40.25,28.473920822143555,427100
2008-01-04,40.0,40.25,39.5,39.75,28.12021827697754,799700
2008-01-07,39.75,40.0,39.75,40.0,28.297073364257812,185700
2008-01-08,39.75,40.0,39.5,40.0,28.297073364257812,323200
2008-01-09,40.0,40.0,39.5,40.0,28.297073364257812,503300
2008-01-10,40.0,41.0,39.75,40.0,28.297073364257812,978700
2008-01-11,40.0,40.25,39.75,40.0,28.297073364257812,176400
2008-01-14,39.75,40.5,39.75,40.5,28.65078353881836,292900
2008-01-15,40.5,40.75,40.25,40.75,28.8276309967041,238700
2008-01-16,39.75,40.0,39.25,39.75,28.12021827697754,1725200
2008-01-17,39.25,39.5,39.25,39.5,27.94335174560547,598800
2008-01-18,39.5,39.5,38.5,39.0,27.589641571044922,1223000
2008-01-21,39.0,39.0,37.0,37.0,26.17478370666504,673400
2008-01-22,36.25,36.25,34.75,35.0,24.759937286376953,1009300
2008-01-23,35.5,35.75,35.0,35.75,25.290502548217773,539500
2008-01-24,35.0,35.0,33.25,33.25,23.521934509277344,1115000
2008-01-25,34.0,34.75,33.75,34.75,24.583078384399414,839700
2008-01-28,34.5,35.0,34.25,35.0,24.759937286376953,450300
2008-01-29,35.0,35.5,34.75,35.0,24.759937286376953,1034500
2008-01-30,35.25,36.0,35.0,36.0,25.467363357543945,1682200
2008-01-31,36.0,36.75,35.75,36.75,25.9979248046875,948500
2008-02-01,37.0,38.0,37.0,37.0,26.17478370666504,1425700
2008-02-04,37.25,37.75,37.0,37.75,26.70535659790039,1245000
2008-02-05,38.0,38.25,37.75,38.25,27.059072494506836,310900
2008-02-06,37.25,37.75,37.25,37.75,26.70535659790039,336100
2008-02-07,38.25,38.25,38.0,38.0,26.882213592529297,49100
2008-02-08,38.0,38.5,38.0,38.5,27.235925674438477,571200
2008-02-11,39.0,39.75,38.75,39.0,27.589641571044922,458000
2008-02-12,39.25,39.75,39.25,39.25,27.766502380371094,203300
2008-02-13,40.0,40.0,39.75,39.75,28.12021827697754,67200
2008-02-14,40.0,40.25,39.75,40.0,28.297073364257812,718100
2008-02-15,39.75,40.0,39.75,40.0,28.297073364257812,376600
2008-02-18,40.0,40.0,39.5,39.75,28.12021827697754,359300
2008-02-19,39.25,39.75,38.75,39.75,28.12021827697754,1148100
2008-02-20,39.75,39.75,39.25,39.75,28.12021827697754,463800
2008-02-22,39.5,39.5,39.25,39.25,27.766502380371094,619700
2008-02-25,39.25,39.5,39.0,39.0,27.589641571044922,219800
2008-02-26,39.5,39.5,39.0,39.0,27.589641571044922,391000
2008-02-27,39.0,39.0,38.5,38.75,27.412784576416016,746700
2008-02-28,38.75,38.75,38.75,38.75,27.412784576416016,781700
2008-02-29,38.75,38.75,37.0,37.0,26.17478370666504,1657700
2008-03-03,37.75,37.75,35.25,35.75,25.290502548217773,1397100
2008-03-04,36.25,36.75,36.0,36.0,25.467363357543945,931100
2008-03-05,36.5,36.5,35.75,36.0,25.467363357543945,513700
2008-03-06,35.75,35.75,35.0,35.5,25.113651275634766,808200
2008-03-07,35.5,35.5,34.5,35.0,24.759937286376953,1265800
2008-03-10,35.0,35.25,34.5,34.75,24.583078384399414,804100
2008-03-11,34.75,35.25,34.25,34.75,24.583078384399414,463300
2008-03-12,35.25,35.25,34.75,35.0,24.759937286376953,427600
2008-03-13,35.0,35.25,34.5,35.0,24.759937286376953,1366600
2008-03-14,34.75,35.0,34.5,34.75,24.583078384399414,708100
2008-03-17,34.75,34.75,34.0,34.5,24.406217575073242,424400
2008-03-18,34.5,34.5,33.5,34.25,24.2293643951416,1384200
2008-03-19,34.5,34.5,34.0,34.25,24.2293643951416,891700
2008-03-20,34.25,34.25,33.5,33.75,23.875648498535156,474300
2008-03-21,34.0,34.25,34.0,34.25,24.2293643951416,117100
2008-03-24,34.0,34.25,34.0,34.25,24.2293643951416,27300
2008-03-25,34.25,34.25,33.5,33.5,23.69879913330078,682200
2008-03-26,33.5,34.25,33.5,34.25,24.2293643951416,433400
2008-03-27,34.5,34.75,34.5,34.5,24.406217575073242,264400
2008-03-28,34.5,34.75,34.25,34.75,24.583078384399414,618600
2008-03-31,34.75,34.75,34.0,34.0,24.052515029907227,674100
2008-04-01,34.5,34.5,33.5,33.75,23.875648498535156,1030600
2008-04-02,34.25,34.25,32.25,32.75,23.168222427368164,4093100
2008-04-03,32.75,33.25,32.75,33.0,23.345088958740234,1241900
2008-04-04,33.25,33.25,33.0,33.0,23.345088958740234,743500
2008-04-08,33.25,33.5,33.25,33.25,23.521934509277344,287000
2008-04-09,33.25,33.25,32.5,32.75,23.168222427368164,547300
2008-04-10,33.0,33.25,32.75,33.25,23.521934509277344,532300
2008-04-11,33.25,33.25,32.75,32.75,23.168222427368164,146300
2008-04-16,33.0,33.25,31.5,31.5,22.283939361572266,1652400
2008-04-17,31.5,31.75,30.75,31.0,21.930225372314453,1925500
2008-04-18,31.5,31.5,31.0,31.25,22.107084274291992,1536200
2008-04-21,31.25,32.0,31.25,31.75,22.460796356201172,3431100
2008-04-22,32.0,33.0,32.0,32.25,22.814512252807617,1468100
2008-04-23,32.5,32.5,32.0,32.25,22.814512252807617,554600
2008-04-24,32.5,32.5,32.25,32.25,22.814512252807617,345000
2008-04-25,32.5,32.75,32.0,32.5,22.99136734008789,420100
2008-04-28,32.75,32.75,32.5,32.5,22.99136734008789,752100
2008-04-29,32.0,32.25,31.75,32.0,22.91974449157715,514900
2008-04-30,32.0,32.75,32.0,32.25,23.098804473876953,377700
2008-05-02,32.5,33.25,32.25,33.0,23.63599395751953,604300
2008-05-06,33.75,35.0,33.75,35.0,25.068471908569336,2031100
2008-05-07,35.5,35.5,34.25,35.0,25.068471908569336,1263800
2008-05-08,34.75,35.75,34.75,35.0,25.068471908569336,911200
2008-05-09,35.25,35.5,35.0,35.25,25.247528076171875,1276200
2008-05-12,35.5,36.25,35.5,36.0,25.784713745117188,1974200
2008-05-13,36.0,36.25,35.25,35.5,25.42659568786621,1726100
2008-05-14,35.5,35.75,35.0,35.0,25.068471908569336,260700
2008-05-15,35.0,35.5,34.75,35.25,25.247528076171875,2758800
2008-05-16,35.0,35.5,34.75,35.0,25.068471908569336,2469300
2008-05-20,35.0,35.25,34.25,34.25,24.531288146972656,1714200
2008-05-21,34.25,35.0,34.0,34.5,24.710344314575195,453100
2008-05-22,34.5,34.75,34.25,34.75,24.8894100189209,924100
2008-05-23,34.75,36.5,34.75,36.0,25.784713745117188,1358200
2008-05-26,35.75,36.0,35.0,35.5,25.42659568786621,554600
2008-05-27,35.5,37.0,35.5,36.5,26.1428279876709,801400
2008-05-28,36.5,38.0,36.5,37.75,27.038135528564453,1945600
2008-05-29,38.0,38.25,37.0,37.25,26.680017471313477,1117500
2008-05-30,37.25,38.25,37.25,37.5,26.859071731567383,638200
2008-06-02,37.0,37.0,34.75,35.0,25.068471908569336,1286800
2008-06-03,34.5,35.25,34.5,35.25,25.247528076171875,1147900
2008-06-04,35.25,36.25,35.25,36.0,25.784713745117188,1318900
2008-06-05,36.5,36.75,35.75,36.75,26.32188606262207,936300
2008-06-06,36.75,37.75,36.75,37.75,27.038135528564453,937900
2008-06-09,37.5,37.5,36.75,37.25,26.680017471313477,638800
2008-06-10,37.5,37.75,36.5,37.25,26.680017471313477,566900
2008-06-11,37.0,37.0,36.5,36.5,26.1428279876709,299500
2008-06-12,36.25,36.25,34.75,35.0,25.068471908569336,1688000
2008-06-13,35.25,35.25,34.75,34.75,24.8894100189209,876600
2008-06-16,34.75,36.5,34.75,36.0,25.784713745117188,2149500
2008-06-17,36.0,36.0,35.75,36.0,25.784713745117188,621000
2008-06-18,36.0,37.0,35.75,35.75,25.605648040771484,1673700
2008-06-19,36.0,36.0,35.25,36.0,25.784713745117188,1732000
2008-06-20,35.25,35.75,35.0,35.75,25.605648040771484,895900
2008-06-23,35.75,35.75,34.75,35.0,25.068471908569336,347800
2008-06-24,35.0,35.0,34.75,34.75,24.8894100189209,298000
2008-06-25,35.0,35.5,35.0,35.25,25.247528076171875,267700
2008-06-26,35.0,35.25,34.0,34.5,24.710344314575195,909300
2008-06-27,34.5,36.0,34.0,35.5,25.42659568786621,967700
2008-06-30,35.5,35.5,35.25,35.25,25.247528076171875,157000
2008-07-02,35.25,36.0,35.25,36.0,25.784713745117188,1256100
2008-07-03,36.0,36.0,35.0,36.0,25.784713745117188,765600
2008-07-04,35.5,36.0,35.5,35.75,25.605648040771484,11000
2008-07-07,35.75,35.75,35.5,35.5,25.42659568786621,312800
2008-07-08,35.75,35.75,35.25,35.5,25.42659568786621,240700
2008-07-09,35.75,36.0,35.75,36.0,25.784713745117188,1522500
2008-07-10,35.75,37.0,35.75,36.5,26.1428279876709,1110000
2008-07-11,36.5,36.75,35.75,35.75,25.605648040771484,1243400
2008-07-14,36.0,36.75,35.75,36.0,25.784713745117188,519300
2008-07-15,36.5,36.5,35.0,35.0,25.068471908569336,188400
2008-07-16,35.0,36.0,34.75,35.5,25.42659568786621,366000
2008-07-18,36.0,36.0,35.0,36.0,25.784713745117188,521900
2008-07-21,36.0,37.0,35.5,37.0,26.50094985961914,305600
2008-07-22,37.0,37.0,36.0,36.75,26.32188606262207,380500
2008-07-23,37.25,38.0,36.5,36.75,26.32188606262207,368800
2008-07-24,37.25,37.25,36.75,36.75,26.32188606262207,325900
2008-07-25,36.25,37.0,36.25,36.75,26.32188606262207,399700
2008-07-28,36.75,37.0,36.25,36.5,26.1428279876709,847300
2008-07-29,36.5,36.5,35.75,35.75,25.605648040771484,98300
2008-07-30,36.25,36.5,35.75,36.5,26.1428279876709,183800
2008-07-31,37.0,37.0,36.5,36.75,26.32188606262207,436100
2008-08-01,36.75,36.75,36.0,36.5,26.1428279876709,420300
2008-08-04,36.75,37.0,36.75,37.0,26.50094985961914,276600
2008-08-05,37.0,37.0,36.25,36.5,26.1428279876709,281700
2008-08-06,36.75,37.0,36.5,36.75,26.32188606262207,296500
2008-08-07,37.0,37.75,36.75,36.75,26.32188606262207,1746500
2008-08-08,37.25,37.75,37.0,37.75,27.038135528564453,911500
2008-08-11,38.0,38.5,37.75,37.75,27.038135528564453,1358000
2008-08-13,37.75,39.0,37.75,38.5,27.575315475463867,1526300
2008-08-14,39.0,39.0,38.25,38.25,27.396257400512695,1447000
2008-08-15,38.75,39.0,38.25,39.0,27.93343734741211,796200
2008-08-18,39.25,39.5,39.0,39.5,28.291555404663086,606200
2008-08-19,39.0,39.25,38.5,39.0,28.21920394897461,336700
2008-08-20,38.75,39.0,38.25,38.5,27.8574161529541,304700
2008-08-21,38.5,38.75,38.0,38.0,27.495630264282227,272400
2008-08-22,38.0,38.0,37.75,38.0,27.495630264282227,580300
2008-08-25,38.0,38.0,36.75,36.75,26.591167449951172,223700
2008-08-26,36.75,37.0,36.25,37.0,26.77206039428711,328900
2008-08-27,37.0,37.5,36.75,37.25,26.952960968017578,436000
2008-08-28,37.5,37.75,37.25,37.25,26.952960968017578,106800
2008-08-29,37.5,37.5,37.0,37.5,27.133846282958984,166400
2008-09-01,37.0,37.5,37.0,37.0,26.77206039428711,62000
2008-09-02,36.75,36.75,36.0,36.75,26.591167449951172,256500
2008-09-03,36.5,36.75,36.5,36.5,26.410274505615234,80900
2008-09-04,36.25,36.75,36.0,36.75,26.591167449951172,282100
2008-09-05,36.0,36.25,35.5,35.75,25.86760139465332,1036400
2008-09-08,35.75,36.25,35.75,36.25,26.229389190673828,72300
2008-09-09,35.75,35.75,35.0,35.75,25.86760139465332,1546200
2008-09-10,36.0,36.0,35.25,35.5,25.68671226501465,190100
2008-09-11,35.0,35.0,33.0,33.0,23.87779426574707,846100
2008-09-12,33.25,34.25,33.25,34.25,24.782245635986328,252500
2008-09-15,34.5,34.5,34.0,34.5,24.963136672973633,266800
2008-09-16,34.0,34.0,33.25,33.75,24.420461654663086,421500
2008-09-17,33.75,34.0,33.5,34.0,24.601362228393555,309900
2008-09-18,33.25,33.25,31.75,33.0,23.87779426574707,287500
2008-09-19,32.75,33.75,32.75,33.75,24.420461654663086,110400
2008-09-22,33.75,33.75,33.25,33.25,24.058673858642578,123800
2008-09-23,33.25,33.25,32.25,32.5,23.516002655029297,130000
2008-09-24,32.75,33.5,32.5,33.5,24.23957633972168,848500
2008-09-25,33.5,33.5,32.5,32.75,23.6968936920166,172600
2008-09-26,32.0,33.0,32.0,33.0,23.87779426574707,179100
2008-09-29,32.75,33.0,32.0,32.5,23.516002655029297,410300
2008-09-30,31.0,32.25,30.75,32.0,23.154216766357422,610800
2008-10-01,32.5,32.5,32.0,32.5,23.516002655029297,78900
2008-10-02,32.25,32.5,32.0,32.5,23.516002655029297,124500
2008-10-03,32.25,32.5,31.75,31.75,22.973325729370117,498900
2008-10-06,31.0,31.0,29.75,30.5,22.06886100769043,330200
2008-10-07,28.5,29.0,28.0,28.0,20.25994110107422,463700
2008-10-08,27.0,27.75,25.5,27.0,19.5363712310791,899300
2008-10-09,26.75,28.25,26.5,27.25,19.717256546020508,233300
2008-10-10,25.5,25.75,24.700000762939453,24.799999237060547,17.94451904296875,362900
2008-10-13,24.5,24.5,24.100000381469727,24.399999618530273,17.655088424682617,660700
2008-10-14,25.75,26.0,25.25,25.75,18.631908416748047,520900
2008-10-15,25.75,26.0,25.5,25.5,18.451019287109375,329300
2008-10-16,25.0,25.5,24.5,25.5,18.451019287109375,106100
2008-10-17,25.5,25.5,25.0,25.0,18.089229583740234,117000
2008-10-20,24.700000762939453,24.899999618530273,24.5,24.5,17.727447509765625,455800
2008-10-21,24.799999237060547,25.0,24.700000762939453,24.700000762939453,17.872163772583008,102100
2008-10-22,24.700000762939453,25.25,24.700000762939453,25.0,18.089229583740234,102300
2008-10-24,24.700000762939453,24.899999618530273,24.0,24.399999618530273,17.655088424682617,295900
2008-10-27,25.0,25.0,22.5,22.5,16.28031349182129,150200
2008-10-28,24.5,24.5,23.0,23.700000762939453,17.14859390258789,266300
2008-10-29,24.0,24.0,22.600000381469727,22.799999237060547,16.49737548828125,204600
2008-10-30,22.799999237060547,22.799999237060547,22.200000762939453,22.299999237060547,16.135595321655273,324100
2008-10-31,22.299999237060547,22.299999237060547,21.600000381469727,22.0,15.9185209274292,297600
2008-11-03,22.200000762939453,22.700000762939453,22.200000762939453,22.399999618530273,16.20795440673828,306300
2008-11-04,22.399999618530273,22.399999618530273,22.100000381469727,22.299999237060547,16.135595321655273,458000
2008-11-05,22.299999237060547,23.5,22.299999237060547,23.5,17.00387954711914,903900
2008-11-06,22.799999237060547,23.100000381469727,22.799999237060547,23.100000381469727,16.71445655822754,396900
2008-11-07,22.899999618530273,23.0,22.5,22.799999237060547,16.49737548828125,610000
2008-11-10,23.0,23.0,21.600000381469727,21.700000762939453,15.701452255249023,1007900
2008-11-11,21.700000762939453,21.700000762939453,20.799999237060547,20.899999618530273,15.122601509094238,895700
2008-11-12,20.700000762939453,20.700000762939453,19.200000762939453,19.399999618530273,14.037245750427246,987700
2008-11-13,19.200000762939453,19.299999237060547,18.0,18.399999618530273,13.313676834106445,1271600
2008-11-14,18.799999237060547,19.299999237060547,18.100000381469727,18.200000762939453,13.168961524963379,778200
2008-11-17,18.200000762939453,18.700000762939453,18.200000762939453,18.700000762939453,13.530744552612305,238100
2008-11-18,18.700000762939453,18.700000762939453,18.200000762939453,18.299999237060547,13.241318702697754,232300
2008-11-19,18.299999237060547,19.0,17.899999618530273,19.0,13.747815132141113,939300
2008-11-20,18.100000381469727,18.399999618530273,18.100000381469727,18.200000762939453,13.168961524963379,228600
2008-11-21,18.200000762939453,18.600000381469727,18.0,18.399999618530273,13.313676834106445,460600
2008-11-24,18.299999237060547,18.399999618530273,18.0,18.299999237060547,13.241318702697754,651600
2008-11-25,18.799999237060547,19.100000381469727,18.5,19.0,13.747815132141113,769300
2008-11-26,18.399999618530273,19.0,18.399999618530273,19.0,13.747815132141113,104000
2008-11-27,18.799999237060547,19.100000381469727,18.799999237060547,19.0,13.747815132141113,198400
2008-11-28,19.100000381469727,19.100000381469727,18.600000381469727,18.799999237060547,13.603100776672363,276500
2008-12-01,18.799999237060547,18.799999237060547,18.0,18.200000762939453,13.168961524963379,380900
2008-12-02,17.799999237060547,18.100000381469727,17.600000381469727,17.700000762939453,12.80717945098877,1111900
2008-12-03,18.200000762939453,18.200000762939453,17.0,17.299999237060547,12.517746925354004,594800
2008-12-04,17.0,17.700000762939453,17.0,17.200000762939453,12.445391654968262,818700
2008-12-08,17.5,18.100000381469727,17.5,18.100000381469727,13.096604347229004,325200
2008-12-09,18.100000381469727,18.5,18.0,18.0,13.024248123168945,341300
2008-12-11,18.299999237060547,18.299999237060547,18.0,18.299999237060547,13.241318702697754,488000
2008-12-12,18.200000762939453,18.299999237060547,18.0,18.299999237060547,13.241318702697754,135200
2008-12-15,18.399999618530273,19.100000381469727,18.399999618530273,19.100000381469727,13.820175170898438,520700
2008-12-16,19.100000381469727,21.200000762939453,19.100000381469727,20.5,14.833169937133789,814800
2008-12-17,20.600000381469727,21.299999237060547,20.5,20.799999237060547,15.05024242401123,584000
2008-12-18,20.799999237060547,21.200000762939453,20.600000381469727,21.200000762939453,15.339670181274414,398100
2008-12-19,21.0,21.200000762939453,20.899999618530273,20.899999618530273,15.122601509094238,140100
2008-12-22,20.799999237060547,21.100000381469727,20.700000762939453,21.0,15.194951057434082,428000
2008-12-23,21.0,21.0,20.399999618530273,20.799999237060547,15.05024242401123,409100
2008-12-24,20.5,20.799999237060547,20.100000381469727,20.799999237060547,15.05024242401123,65800
2008-12-25,20.700000762939453,20.700000762939453,20.5,20.700000762939453,14.977885246276855,165800
2008-12-26,20.799999237060547,20.799999237060547,20.600000381469727,20.700000762939453,14.977885246276855,183300
2008-12-29,20.600000381469727,20.700000762939453,20.200000762939453,20.700000762939453,14.977885246276855,143600
2008-12-30,20.600000381469727,21.399999618530273,20.600000381469727,21.200000762939453,15.339670181274414,536800
2009-01-02,21.200000762939453,21.200000762939453,21.200000762939453,21.200000762939453,15.339670181274414,0
2009-01-05,21.299999237060547,22.0,21.0,21.5,15.55673885345459,721800
2009-01-06,21.600000381469727,21.700000762939453,20.700000762939453,20.700000762939453,14.977885246276855,388700
2009-01-07,20.799999237060547,20.799999237060547,20.299999237060547,20.5,14.833169937133789,2327500
2009-01-08,20.399999618530273,20.5,20.299999237060547,20.299999237060547,14.688461303710938,217200
2009-01-09,20.299999237060547,20.5,20.200000762939453,20.299999237060547,14.688461303710938,1054300
2009-01-12,20.5,20.5,20.100000381469727,20.299999237060547,14.688461303710938,1182100
2009-01-13,20.200000762939453,20.200000762939453,20.0,20.200000762939453,14.616103172302246,811900
2009-01-14,20.200000762939453,20.299999237060547,20.100000381469727,20.100000381469727,14.543743133544922,340300
2009-01-15,19.899999618530273,20.399999618530273,19.899999618530273,20.0,14.47138786315918,250000
2009-01-16,20.299999237060547,20.399999618530273,20.299999237060547,20.399999618530273,14.76081371307373,13000
2009-01-19,20.399999618530273,20.600000381469727,20.299999237060547,20.600000381469727,14.90553092956543,98400
2009-01-20,20.299999237060547,20.399999618530273,20.200000762939453,20.299999237060547,14.688461303710938,222800
2009-01-21,20.299999237060547,21.200000762939453,20.299999237060547,21.200000762939453,15.339670181274414,93400
2009-01-22,21.0,21.299999237060547,20.600000381469727,21.0,15.194951057434082,101000
2009-01-23,20.799999237060547,21.100000381469727,20.799999237060547,21.100000381469727,15.267313957214355,114100
2009-01-26,21.100000381469727,21.100000381469727,21.0,21.100000381469727,15.267313957214355,75600
2009-01-27,20.899999618530273,21.100000381469727,20.899999618530273,21.100000381469727,15.267313957214355,34200
2009-01-28,21.0,21.700000762939453,21.0,21.5,15.55673885345459,219400
2009-01-29,21.5,21.600000381469727,21.299999237060547,21.399999618530273,15.484386444091797,991700
2009-01-30,21.5,22.0,21.5,22.0,15.9185209274292,213300
2009-02-02,22.0,22.100000381469727,21.5,21.899999618530273,15.846171379089355,197700
2009-02-03,22.0,22.0,21.5,21.700000762939453,15.701452255249023,33800
2009-02-04,21.700000762939453,21.799999237060547,21.700000762939453,21.700000762939453,15.701452255249023,145000
2009-02-05,22.0,22.0,21.799999237060547,21.799999237060547,15.773811340332031,161200
2009-02-06,21.899999618530273,22.200000762939453,21.700000762939453,22.0,15.9185209274292,138200
2009-02-10,22.0,22.5,22.0,22.399999618530273,16.20795440673828,138700
2009-02-11,22.399999618530273,22.399999618530273,22.299999237060547,22.299999237060547,16.135595321655273,70000
2009-02-12,22.5,22.700000762939453,22.399999618530273,22.600000381469727,16.3526611328125,176700
2009-02-13,22.600000381469727,22.600000381469727,22.399999618530273,22.399999618530273,16.20795440673828,368300
2009-02-16,22.5,22.5,21.899999618530273,21.899999618530273,15.846171379089355,75600
2009-02-17,21.899999618530273,21.899999618530273,21.700000762939453,21.799999237060547,15.773811340332031,48000
2009-02-18,21.799999237060547,21.799999237060547,21.5,21.600000381469727,15.629095077514648,144400
2009-02-19,21.600000381469727,21.700000762939453,21.399999618530273,21.399999618530273,15.484386444091797,43600
2009-02-20,21.399999618530273,21.399999618530273,21.100000381469727,21.200000762939453,15.339670181274414,78200
2009-02-23,21.100000381469727,21.5,21.0,21.5,15.55673885345459,65200
2009-02-24,21.5,21.5,21.0,21.200000762939453,15.339670181274414,102600
2009-02-25,21.600000381469727,21.600000381469727,21.100000381469727,21.200000762939453,15.339670181274414,56900
2009-02-26,21.399999618530273,21.399999618530273,21.0,21.0,15.194951057434082,100600
2009-02-27,21.399999618530273,21.399999618530273,21.100000381469727,21.200000762939453,15.339670181274414,38800
2009-03-02,21.200000762939453,21.200000762939453,20.200000762939453,20.5,14.833169937133789,171800
2009-03-03,19.299999237060547,20.0,19.100000381469727,19.100000381469727,13.820175170898438,345100
2009-03-04,19.0,19.799999237060547,18.899999618530273,19.700000762939453,14.254322052001953,70700
2009-03-05,19.799999237060547,20.200000762939453,19.5,19.5,14.109601974487305,319500
2009-03-06,19.5,19.5,19.399999618530273,19.5,14.109601974487305,152000
2009-03-09,19.799999237060547,19.799999237060547,19.399999618530273,19.399999618530273,14.037245750427246,72900
2009-03-10,19.600000381469727,19.899999618530273,19.600000381469727,19.600000381469727,14.181960105895996,341900
2009-03-11,19.600000381469727,19.600000381469727,19.5,19.5,14.109601974487305,306200
2009-03-12,19.399999618530273,19.399999618530273,18.299999237060547,18.5,13.666365623474121,509400
2009-03-13,18.600000381469727,18.700000762939453,18.5,18.5,13.666365623474121,135300
2009-03-16,18.600000381469727,18.600000381469727,17.5,17.5,12.927647590637207,1164000
2009-03-17,17.299999237060547,17.5,17.299999237060547,17.299999237060547,12.779899597167969,681000
2009-03-18,17.299999237060547,17.700000762939453,17.200000762939453,17.600000381469727,13.001520156860352,1435300
2009-03-19,17.799999237060547,18.100000381469727,17.700000762939453,18.0,13.297005653381348,687800
2009-03-20,18.100000381469727,18.399999618530273,18.100000381469727,18.299999237060547,13.518623352050781,581100
2009-03-23,18.200000762939453,18.5,18.200000762939453,18.399999618530273,13.592496871948242,148100
2009-03-24,18.600000381469727,18.600000381469727,18.399999618530273,18.399999618530273,13.592496871948242,205800
2009-03-25,18.399999618530273,18.399999618530273,18.0,18.0,13.297005653381348,400100
2009-03-26,18.299999237060547,18.299999237060547,17.899999618530273,17.899999618530273,13.223135948181152,1498000
2009-03-27,18.0,18.0,17.899999618530273,17.899999618530273,13.223135948181152,213500
2009-03-30,17.899999618530273,18.200000762939453,17.799999237060547,18.200000762939453,13.444751739501953,460900
2009-03-31,18.200000762939453,18.200000762939453,17.899999618530273,17.899999618530273,13.223135948181152,351500
2009-04-01,17.899999618530273,17.899999618530273,17.700000762939453,17.700000762939453,13.075390815734863,325900
2009-04-02,17.700000762939453,17.899999618530273,17.700000762939453,17.899999618530273,13.223135948181152,291100
2009-04-03,18.100000381469727,19.399999618530273,18.0,18.5,13.666365623474121,1702000
2009-04-07,18.5,19.0,18.5,18.5,13.666365623474121,587300
2009-04-08,18.5,18.5,18.0,18.299999237060547,13.518623352050781,410300
2009-04-09,18.299999237060547,18.600000381469727,18.200000762939453,18.200000762939453,13.444751739501953,408500
2009-04-10,18.100000381469727,18.5,18.100000381469727,18.399999618530273,13.592496871948242,76500
2009-04-16,18.5,20.299999237060547,18.399999618530273,20.0,14.774453163146973,2085800
2009-04-17,20.399999618530273,22.200000762939453,20.399999618530273,22.100000381469727,16.325767517089844,1345200
2009-04-20,22.200000762939453,22.200000762939453,22.0,22.0,16.251895904541016,569300
2009-04-21,22.0,22.100000381469727,21.799999237060547,22.0,16.251895904541016,519800
2009-04-22,22.0,22.100000381469727,22.0,22.100000381469727,16.325767517089844,534000
2009-04-23,22.200000762939453,22.600000381469727,22.100000381469727,22.5,16.62126350402832,167000
2009-04-24,22.5,24.100000381469727,22.5,24.100000381469727,17.8032169342041,488100
2009-04-27,24.899999618530273,25.0,23.399999618530273,23.899999618530273,17.655467987060547,322300
2009-04-28,23.5,23.799999237060547,23.100000381469727,23.600000381469727,17.433849334716797,114400
2009-04-29,23.700000762939453,23.700000762939453,23.200000762939453,23.299999237060547,17.212236404418945,375800
2009-04-30,23.299999237060547,23.799999237060547,23.299999237060547,23.5,17.359983444213867,295400
2009-05-04,23.600000381469727,23.799999237060547,23.399999618530273,23.700000762939453,17.507726669311523,188700
2009-05-06,23.700000762939453,26.5,23.700000762939453,26.25,19.391464233398438,1073900
2009-05-07,26.25,28.5,26.25,26.5,19.576147079467773,640600
2009-05-11,27.0,27.75,27.0,27.75,20.499553680419922,416500
2009-05-12,27.75,27.75,27.25,27.75,20.499553680419922,245000
2009-05-13,27.25,27.5,26.0,26.25,19.391464233398438,489400
2009-05-14,25.25,26.0,25.25,25.25,18.652746200561523,205400
2009-05-15,25.0,27.75,25.0,25.5,18.837425231933594,535800
2009-05-18,25.25,27.0,25.25,26.25,19.391464233398438,415800
2009-05-19,26.5,27.25,26.5,26.75,19.760833740234375,304200
2009-05-20,27.25,27.25,26.75,27.25,20.130184173583984,174300
2009-05-21,26.5,29.0,26.5,28.0,20.684234619140625,774800
2009-05-22,28.5,28.5,25.25,26.5,19.576147079467773,946300
2009-05-25,26.5,27.25,25.75,27.25,20.130184173583984,285400
2009-05-26,27.0,27.0,26.0,26.75,19.760833740234375,134200
2009-05-27,27.0,29.0,27.0,28.25,20.86890983581543,624900
2009-05-28,28.0,28.25,27.5,27.75,20.499553680419922,885300
2009-05-29,28.0,28.0,27.5,27.5,20.314870834350586,399500
2009-06-01,27.5,27.5,26.0,26.25,19.391464233398438,885800
2009-06-02,26.5,26.75,25.75,25.75,19.022106170654297,1099700
2009-06-03,26.0,27.0,26.0,26.5,19.576147079467773,1622500
2009-06-04,26.75,28.0,26.5,27.5,20.314870834350586,446000
2009-06-05,27.5,28.25,27.25,27.75,20.499553680419922,461400
2009-06-08,27.75,28.0,26.5,26.75,19.760833740234375,293700
2009-06-09,26.5,28.5,26.5,28.0,20.684234619140625,995600
2009-06-10,28.0,28.25,27.25,27.5,20.314870834350586,876200
2009-06-11,27.25,27.5,27.0,27.25,20.130184173583984,435700
2009-06-12,27.5,27.5,27.25,27.5,20.314870834350586,446900
2009-06-15,27.5,28.0,27.25,27.5,20.314870834350586,759700
2009-06-16,26.75,27.5,26.75,26.75,19.760833740234375,145500
2009-06-17,26.5,27.0,26.5,26.75,19.760833740234375,129000
2009-06-18,26.5,26.5,25.75,25.75,19.022106170654297,367100
2009-06-19,25.25,26.5,25.25,26.5,19.576147079467773,213100
2009-06-22,26.5,26.5,26.25,26.25,19.391464233398438,94400
2009-06-23,26.0,26.25,26.0,26.25,19.391464233398438,110100
2009-06-24,26.25,26.75,26.25,26.5,19.576147079467773,122200
2009-06-25,26.5,26.75,26.25,26.25,19.391464233398438,104900
2009-06-26,26.25,26.75,26.25,26.25,19.391464233398438,199000
2009-06-29,26.25,27.0,26.0,26.25,19.391464233398438,274100
2009-06-30,26.25,27.0,26.0,26.0,19.206785202026367,680800
2009-07-02,25.5,25.75,25.25,25.25,18.652746200561523,723500
2009-07-03,25.25,26.0,25.25,26.0,19.206785202026367,106600
2009-07-06,26.0,26.0,26.0,26.0,19.206785202026367,0
2009-07-08,25.75,26.0,25.0,25.5,18.837425231933594,839300
2009-07-09,25.5,25.5,25.0,25.0,18.46806526184082,856600
2009-07-10,25.25,25.25,24.899999618530273,25.0,18.46806526184082,958500
2009-07-13,25.0,26.0,24.899999618530273,25.0,18.46806526184082,2011300
2009-07-14,25.25,25.5,25.0,25.25,18.652746200561523,2047900
2009-07-15,25.5,26.0,25.5,26.0,19.206785202026367,1893400
2009-07-16,26.0,26.5,25.75,25.75,19.022106170654297,1208400
2009-07-17,25.75,26.25,25.5,25.75,19.022106170654297,1173100
2009-07-20,27.0,27.0,25.75,26.0,19.206785202026367,1639000
2009-07-21,26.25,26.5,26.25,26.25,19.391464233398438,407800
2009-07-22,26.5,26.5,26.0,26.25,19.391464233398438,730600
2009-07-23,26.5,26.5,26.25,26.5,19.576147079467773,343200
2009-07-24,26.5,26.75,25.25,25.75,19.022106170654297,1641300
2009-07-27,25.75,26.25,25.75,26.25,19.391464233398438,1347500
2009-07-28,26.25,26.5,25.75,26.0,19.206785202026367,1066900
2009-07-29,26.0,26.0,25.5,25.5,18.837425231933594,1028000
2009-07-30,25.5,26.0,25.5,25.75,19.022106170654297,1343000
2009-07-31,26.0,26.25,25.75,25.75,19.022106170654297,282300
2009-08-03,26.0,26.25,25.75,26.25,19.391464233398438,1385400
2009-08-04,26.0,26.25,24.899999618530273,25.0,18.46806526184082,5111200
2009-08-05,25.0,25.0,24.5,24.5,18.098703384399414,1344700
2009-08-06,24.700000762939453,24.899999618530273,24.600000381469727,24.700000762939453,18.246450424194336,1055200
2009-08-07,25.0,25.0,24.700000762939453,24.799999237060547,18.32032012939453,1321400
2009-08-10,25.0,25.0,24.700000762939453,24.799999237060547,18.32032012939453,1386800
2009-08-11,24.799999237060547,25.0,24.799999237060547,25.0,18.46806526184082,664500
2009-08-13,25.0,25.25,24.799999237060547,25.0,18.46806526184082,1882700
2009-08-14,24.899999618530273,25.0,24.799999237060547,24.899999618530273,18.394189834594727,1973600
2009-08-17,24.600000381469727,24.799999237060547,24.5,24.5,18.098703384399414,712700
2009-08-18,24.299999237060547,24.399999618530273,24.0,24.399999618530273,18.323997497558594,509900
2009-08-19,24.200000762939453,24.5,24.200000762939453,24.299999237060547,18.248897552490234,298100
2009-08-20,24.399999618530273,24.399999618530273,24.100000381469727,24.100000381469727,18.098705291748047,821100
2009-08-21,24.200000762939453,24.399999618530273,24.200000762939453,24.299999237060547,18.248897552490234,734800
2009-08-24,24.5,24.5,24.299999237060547,24.399999618530273,18.323997497558594,601500
2009-08-25,24.299999237060547,24.299999237060547,23.899999618530273,24.200000762939453,18.173805236816406,3806800
2009-08-26,24.200000762939453,25.75,24.0,25.75,19.337827682495117,4111800
2009-08-27,26.25,26.5,25.75,26.0,19.52556800842285,2296200
2009-08-28,26.0,27.25,25.75,26.75,20.08881187438965,3928800
2009-08-31,26.75,27.25,26.25,26.5,19.901065826416016,1413000
2009-09-01,26.75,27.0,26.25,26.5,19.901065826416016,620100
2009-09-02,26.0,26.5,26.0,26.0,19.52556800842285,1300900
2009-09-03,26.0,26.25,25.5,25.75,19.337827682495117,676900
2009-09-04,25.75,26.25,25.75,25.75,19.337827682495117,804300
2009-09-07,26.0,27.0,26.0,27.0,20.276554107666016,847900
2009-09-08,27.25,27.5,27.0,27.0,20.276554107666016,953800
2009-09-09,27.0,27.25,26.5,26.5,19.901065826416016,778900
2009-09-10,26.75,26.75,26.0,26.5,19.901065826416016,602900
2009-09-11,26.25,26.5,26.25,26.25,19.71331787109375,587000
2009-09-14,26.25,26.5,26.25,26.5,19.901065826416016,528700
2009-09-15,26.75,26.75,26.25,26.5,19.901065826416016,700700
2009-09-16,26.25,26.5,26.0,26.0,19.52556800842285,795100
2009-09-17,26.25,26.5,25.25,25.5,19.15007972717285,1626900
2009-09-18,25.5,26.0,25.0,26.0,19.52556800842285,1097100
2009-09-21,26.0,26.25,25.5,25.75,19.337827682495117,655600
2009-09-22,25.75,26.25,25.75,26.25,19.71331787109375,1105200
2009-09-23,26.75,27.0,26.5,27.0,20.276554107666016,1260800
2009-09-24,27.0,27.0,26.5,26.5,19.901065826416016,1416700
2009-09-25,26.5,27.0,26.5,26.5,19.901065826416016,1004500
2009-09-28,26.75,26.75,26.0,26.75,20.08881187438965,2130400
2009-09-29,26.75,28.75,26.75,28.5,21.403030395507812,4287000
2009-09-30,28.25,30.0,28.25,29.0,21.778522491455078,5483000
2009-10-01,29.5,29.75,28.75,28.75,21.59077262878418,2398100
2009-10-02,28.75,30.25,28.5,29.25,21.96626853942871,3055600
2009-10-05,29.5,31.0,29.5,30.0,22.52950668334961,2496700
2009-10-06,30.5,31.0,30.5,30.5,22.905000686645508,1379200
2009-10-07,30.75,30.75,29.75,30.0,22.52950668334961,1176500
2009-10-08,30.0,30.0,29.25,29.75,22.34176254272461,875500
2009-10-09,30.0,30.5,29.5,29.5,22.15401840209961,1423700
2009-10-12,29.75,30.25,29.5,30.0,22.52950668334961,501000
2009-10-13,29.5,30.75,29.5,30.0,22.52950668334961,1606600
2009-10-14,29.75,30.0,27.75,28.5,21.403030395507812,1600100
2009-10-15,29.25,29.25,26.75,27.5,20.652048110961914,2992600
2009-10-16,27.75,28.5,27.5,28.5,21.403030395507812,1455700
2009-10-19,28.5,29.0,28.5,29.0,21.778522491455078,407400
2009-10-20,29.25,29.25,27.75,28.0,21.02754020690918,882700
2009-10-21,28.0,28.25,27.5,27.5,20.652048110961914,854700
2009-10-22,27.75,28.0,27.5,28.0,21.02754020690918,501600
2009-10-26,28.25,28.75,27.75,28.0,21.02754020690918,481400
2009-10-27,27.75,29.0,27.75,29.0,21.778522491455078,629900
2009-10-28,29.25,29.25,28.5,29.0,21.778522491455078,265900
2009-10-29,29.0,29.0,28.0,28.5,21.403030395507812,337100
2009-10-30,28.75,29.0,28.0,28.0,21.02754020690918,584800
2009-11-02,28.0,28.0,27.5,28.0,21.02754020690918,141900
2009-11-03,28.5,28.75,28.0,28.5,21.403030395507812,195900
2009-11-04,28.5,28.5,28.25,28.5,21.403030395507812,63500
2009-11-05,28.5,28.75,28.5,28.75,21.59077262878418,162300
2009-11-06,28.5,29.25,28.5,29.0,21.778522491455078,438600
2009-11-09,29.0,29.25,28.75,29.25,21.96626853942871,689200
2009-11-10,29.0,29.75,28.75,29.0,21.778522491455078,1204700
2009-11-11,29.5,29.5,29.0,29.25,21.96626853942871,339000
2009-11-12,29.5,29.75,28.75,28.75,21.59077262878418,2045400
2009-11-13,29.25,30.0,29.25,29.75,22.34176254272461,496400
2009-11-16,29.75,30.0,28.25,29.0,21.778522491455078,799900
2009-11-17,29.0,29.25,28.75,28.75,21.59077262878418,384900
2009-11-18,29.0,29.25,28.75,29.0,21.778522491455078,262800
2009-11-19,28.75,29.0,28.25,28.75,21.59077262878418,636900
2009-11-20,28.75,29.0,28.5,28.5,21.403030395507812,196600
2009-11-23,28.5,28.75,28.25,28.5,21.403030395507812,415500
2009-11-24,28.75,28.75,28.25,28.5,21.403030395507812,390000
2009-11-25,28.75,28.75,28.25,28.75,21.59077262878418,293100
2009-11-26,28.75,28.75,28.25,28.5,21.403030395507812,209000
2009-11-27,28.0,28.5,27.75,28.5,21.403030395507812,496800
2009-11-30,28.0,28.5,27.75,28.0,21.02754020690918,270000
2009-12-01,28.0,28.5,28.0,28.25,21.215280532836914,308800
2009-12-02,28.5,28.75,28.25,28.25,21.215280532836914,406400
2009-12-03,28.5,28.75,28.25,28.75,21.59077262878418,1155100
2009-12-04,28.5,28.75,28.25,28.5,21.403030395507812,193900
2009-12-08,28.75,29.0,28.5,29.0,21.778522491455078,866500
2009-12-09,29.25,29.25,28.5,28.75,21.59077262878418,432900
2009-12-11,28.75,29.5,28.5,29.5,22.15401840209961,1233100
2009-12-14,29.5,29.75,29.25,29.75,22.34176254272461,1370400
2009-12-15,30.0,30.0,29.25,29.75,22.34176254272461,270300
2009-12-16,30.0,30.0,29.25,29.75,22.34176254272461,1103200
2009-12-17,29.75,30.0,29.25,30.0,22.52950668334961,908200
2009-12-18,29.75,30.25,29.75,30.25,22.717254638671875,313100
2009-12-21,30.5,30.5,29.75,29.75,22.34176254272461,312500
2009-12-22,30.0,30.0,29.75,29.75,22.34176254272461,952300
2009-12-23,30.0,30.0,29.25,29.5,22.15401840209961,2357400
2009-12-24,30.0,30.0,29.75,29.75,22.34176254272461,764400
2009-12-25,29.75,29.75,29.5,29.75,22.34176254272461,121600
2009-12-28,30.0,30.0,29.5,29.75,22.34176254272461,93600
2009-12-29,29.75,30.0,29.5,30.0,22.52950668334961,222200
2009-12-30,30.0,30.0,29.5,29.5,22.15401840209961,119100
2010-01-04,29.5,30.25,29.5,29.75,22.34176254272461,231800
2010-01-05,30.25,30.25,29.75,29.75,22.34176254272461,524400
2010-01-06,30.5,30.5,29.75,30.0,22.52950668334961,1105700
2010-01-07,30.25,30.5,30.0,30.5,22.905000686645508,245700
2010-01-08,30.25,30.75,30.0,30.0,22.52950668334961,293100
2010-01-11,30.0,30.5,30.0,30.25,22.717254638671875,167600
2010-01-12,30.25,30.5,30.0,30.0,22.52950668334961,204000
2010-01-13,30.25,30.25,30.0,30.25,22.717254638671875,661100
2010-01-14,30.25,30.25,30.0,30.25,22.717254638671875,457200
2010-01-15,30.25,32.75,30.25,32.25,24.219221115112305,2556800
2010-01-18,32.5,32.5,31.75,32.25,24.219221115112305,205800
2010-01-19,32.25,32.25,31.0,31.25,23.46823501586914,400100
2010-01-20,31.25,31.25,30.0,30.25,22.717254638671875,248200
2010-01-21,30.0,30.5,29.75,30.0,22.52950668334961,535300
2010-01-22,29.75,30.0,29.0,29.5,22.15401840209961,1267000
2010-01-25,29.25,29.5,29.25,29.5,22.15401840209961,212200
2010-01-26,29.5,29.5,29.0,29.0,21.778522491455078,233300
2010-01-27,29.0,29.0,28.5,28.75,21.59077262878418,209600
2010-01-28,28.5,28.75,28.0,28.5,21.403030395507812,710600
2010-01-29,28.0,28.5,28.0,28.5,21.403030395507812,166000
2010-02-01,28.25,28.5,28.0,28.5,21.403030395507812,314500
2010-02-02,28.5,29.25,28.5,29.25,21.96626853942871,369600
2010-02-03,29.25,29.5,29.0,29.25,21.96626853942871,609800
2010-02-04,29.25,29.25,29.0,29.0,21.778522491455078,124200
2010-02-05,28.75,29.0,28.75,28.75,21.59077262878418,255800
2010-02-08,28.5,28.75,28.0,28.5,21.403030395507812,475000
2010-02-09,28.25,28.5,28.0,28.5,21.403030395507812,107700
2010-02-10,29.0,29.0,28.75,29.0,21.778522491455078,26900
2010-02-11,28.75,29.25,28.75,29.0,21.778522491455078,510000
2010-02-12,29.0,29.25,28.75,29.0,21.778522491455078,156600
2010-02-15,29.0,29.0,28.5,28.5,21.403030395507812,29000
2010-02-16,28.25,29.0,28.25,29.0,21.778522491455078,49600
2010-02-17,29.0,29.0,28.75,28.75,21.59077262878418,81300
2010-02-18,28.75,28.75,28.5,28.5,21.403030395507812,233800
2010-02-19,28.5,28.5,28.25,28.5,21.403030395507812,84600
2010-02-22,28.75,30.0,28.5,29.5,22.15401840209961,361800
2010-02-23,29.5,29.75,29.5,29.5,22.15401840209961,183300
2010-02-24,29.5,29.75,29.5,29.75,22.34176254272461,599800
2010-02-25,30.0,30.0,29.75,30.0,22.52950668334961,463600
2010-02-26,30.5,31.25,30.5,31.0,23.280488967895508,1480200
2010-03-02,31.0,31.5,31.0,31.0,23.280488967895508,1507200
2010-03-03,31.0,31.5,30.25,30.5,22.905000686645508,353300
2010-03-04,30.25,30.5,30.0,30.25,22.717254638671875,622600
2010-03-05,31.0,31.0,30.5,30.5,22.905000686645508,537500
2010-03-08,30.5,30.75,30.25,30.75,23.09273910522461,72700
2010-03-09,30.75,31.0,30.0,30.25,22.717254638671875,281600
2010-03-10,30.75,30.75,30.0,30.25,22.717254638671875,219700
2010-03-11,29.5,30.5,29.5,30.25,23.060298919677734,512900
2010-03-12,31.0,31.0,30.0,30.75,23.441455841064453,200600
2010-03-15,30.75,31.0,30.75,30.75,23.441455841064453,152700
2010-03-16,30.75,31.25,30.75,31.0,23.632034301757812,222900
2010-03-17,31.5,32.0,30.75,31.5,24.013198852539062,401900
2010-03-18,31.5,32.5,31.0,31.0,23.632034301757812,256400
2010-03-19,31.0,32.5,31.0,32.5,24.775527954101562,478600
2010-03-22,31.5,33.0,31.5,32.5,24.775527954101562,302600
2010-03-23,32.75,32.75,31.5,32.0,24.394367218017578,306600
2010-03-24,31.75,32.0,31.75,31.75,24.20378875732422,216400
2010-03-25,32.0,32.0,31.5,31.75,24.20378875732422,178000
2010-03-26,31.5,31.75,31.0,31.0,23.632034301757812,101100
2010-03-29,31.75,31.75,31.0,31.0,23.632034301757812,73700
2010-03-30,31.75,31.75,31.25,31.5,24.013198852539062,312700
2010-03-31,31.5,31.5,30.75,30.75,23.441455841064453,687300
2010-04-01,30.75,31.5,30.5,31.0,23.632034301757812,250600
2010-04-02,31.75,31.75,31.0,31.0,23.632034301757812,91500
2010-04-05,31.5,31.5,30.75,31.5,24.013198852539062,37000
2010-04-07,31.5,32.0,31.5,32.0,24.394367218017578,492900
2010-04-08,32.5,32.5,31.0,31.75,24.20378875732422,494900
2010-04-09,31.0,31.0,30.5,30.75,23.441455841064453,396000
2010-04-12,30.25,30.75,29.25,30.75,23.441455841064453,901700
2010-04-16,30.0,30.5,30.0,30.25,23.060298919677734,564900
2010-04-19,30.0,30.0,29.25,29.5,22.488554000854492,725800
2010-04-20,29.25,30.0,29.25,30.0,22.869718551635742,549900
2010-04-21,30.75,30.75,29.5,29.75,22.679140090942383,550400
2010-04-22,30.0,30.5,30.0,30.0,22.869718551635742,173700
2010-04-23,29.5,30.0,29.5,29.75,22.679140090942383,147000
2010-04-26,30.25,30.25,29.75,29.75,22.679140090942383,205500
2010-04-27,29.75,30.25,29.5,30.0,22.869718551635742,168700
2010-04-28,29.75,30.25,29.75,30.25,23.060298919677734,106900
2010-04-29,30.25,30.25,29.75,29.75,22.679140090942383,104500
2010-04-30,29.75,30.0,29.75,30.0,22.869718551635742,1100
2010-05-04,30.25,31.5,30.25,31.25,23.822622299194336,325500
2010-05-06,31.0,31.25,30.5,30.5,23.25088119506836,178100
2010-05-07,30.0,30.0,29.25,30.0,22.869718551635742,319700
2010-05-10,30.0,30.0,29.5,29.5,22.488554000854492,259700
2010-05-11,29.75,30.25,29.75,30.25,23.060298919677734,467700
2010-05-12,30.0,30.75,29.75,30.75,23.441455841064453,481100
2010-05-13,30.25,30.25,29.5,29.75,22.679140090942383,119300
2010-05-14,30.0,30.75,30.0,30.75,23.441455841064453,416300
2010-05-17,29.75,30.0,29.5,29.75,22.679140090942383,133400
2010-05-18,29.75,31.0,29.75,30.5,23.25088119506836,213800
2010-05-19,30.5,30.5,29.75,30.0,22.869718551635742,328400
2010-05-20,30.0,30.0,30.0,30.0,22.869718551635742,0
2010-05-21,30.0,30.0,30.0,30.0,22.869718551635742,0
2010-05-24,30.25,30.25,29.5,30.25,23.060298919677734,449100
2010-05-25,29.75,30.75,29.25,30.25,23.060298919677734,557300
2010-05-26,29.75,31.0,29.75,30.5,23.25088119506836,288100
2010-05-27,30.25,31.0,30.0,31.0,23.632034301757812,369500
2010-05-31,30.75,31.0,30.5,30.75,23.441455841064453,583200
2010-06-01,30.75,30.75,30.25,30.75,23.441455841064453,109000
2010-06-02,30.5,30.75,30.5,30.5,23.25088119506836,239300
2010-06-03,30.5,30.5,30.25,30.25,23.060298919677734,66500
2010-06-04,30.25,32.0,30.25,32.0,24.394367218017578,553000
2010-06-07,31.25,31.25,30.75,31.0,23.632034301757812,145100
2010-06-08,31.0,31.0,30.75,31.0,23.632034301757812,67300
2010-06-09,30.75,30.75,30.5,30.75,23.441455841064453,184400
2010-06-10,30.25,31.0,30.25,31.0,23.632034301757812,325500
2010-06-11,31.25,31.25,30.5,30.5,23.25088119506836,191400
2010-06-14,30.5,30.5,30.25,30.25,23.060298919677734,398300
2010-06-15,30.5,30.5,30.25,30.5,23.25088119506836,213500
2010-06-16,30.5,30.75,30.25,30.25,23.060298919677734,102200
2010-06-17,30.5,31.0,30.25,30.5,23.25088119506836,862300
2010-06-18,30.75,31.25,30.25,31.0,23.632034301757812,1797500
2010-06-21,31.25,32.0,31.25,31.75,24.20378875732422,723900
2010-06-22,31.75,33.5,31.5,32.75,24.96610450744629,3274400
2010-06-23,33.0,33.25,32.75,33.0,25.156692504882812,747100
2010-06-24,33.0,33.0,32.0,32.0,24.394367218017578,735000
2010-06-25,32.0,32.0,31.0,31.25,23.822622299194336,183900
2010-06-28,31.5,32.25,31.5,32.25,24.584945678710938,57600
2010-06-29,32.25,32.25,31.25,31.25,23.822622299194336,191600
2010-06-30,31.25,31.75,31.0,31.0,23.632034301757812,191800
2010-07-02,31.0,31.75,30.75,31.0,23.632034301757812,185700
2010-07-05,31.0,31.25,30.75,31.0,23.632034301757812,183000
2010-07-06,31.25,32.0,31.25,32.0,24.394367218017578,466600
2010-07-07,32.0,32.0,30.0,30.5,23.25088119506836,2342200
2010-07-08,30.75,31.0,29.75,29.75,22.679140090942383,1968600
2010-07-09,29.75,30.0,29.5,30.0,22.869718551635742,2380900
2010-07-12,30.0,30.25,29.75,29.75,22.679140090942383,628800
2010-07-13,29.75,30.0,29.5,30.0,22.869718551635742,480800
2010-07-14,30.0,30.25,29.75,29.75,22.679140090942383,753900
2010-07-15,29.75,30.0,29.75,30.0,22.869718551635742,534100
2010-07-16,30.0,30.0,29.25,29.5,22.488554000854492,1182900
2010-07-19,29.25,29.25,28.5,28.75,21.916810989379883,2304100
2010-07-20,28.75,29.0,28.25,28.25,21.5356502532959,1455300
2010-07-21,28.25,28.75,28.25,28.75,21.916810989379883,1214900
2010-07-22,28.75,28.75,28.0,28.25,21.5356502532959,1269600
2010-07-23,28.25,29.0,28.0,28.75,21.916810989379883,2762200
2010-07-27,29.0,29.25,28.5,28.75,21.916810989379883,3346300
2010-07-28,28.75,29.0,28.75,29.0,22.10739517211914,1163900
2010-07-29,29.0,29.5,28.75,29.25,22.297971725463867,1523700
2010-07-30,29.5,29.5,29.0,29.25,22.297971725463867,1048300
2010-08-02,29.75,29.75,29.25,29.5,22.488554000854492,861200
2010-08-03,29.5,30.25,29.5,30.0,22.869718551635742,1373500
2010-08-04,30.25,30.75,30.0,30.25,23.060298919677734,1510300
2010-08-05,30.75,31.0,30.5,30.75,23.441455841064453,785300
2010-08-06,30.5,31.0,30.5,31.0,23.632034301757812,801800
2010-08-09,30.75,31.25,30.75,31.0,23.632034301757812,998900
2010-08-10,31.0,31.0,30.5,30.5,23.25088119506836,1249900
2010-08-11,30.75,30.75,30.25,30.5,23.25088119506836,473100
2010-08-16,30.75,30.75,30.25,30.25,23.060298919677734,1277600
2010-08-17,30.0,30.25,29.75,30.0,22.869718551635742,504600
2010-08-18,30.25,30.5,30.0,30.5,23.25088119506836,672400
2010-08-19,30.5,31.0,30.25,30.25,23.060298919677734,848300
2010-08-20,30.25,31.0,30.25,30.75,23.441455841064453,1313800
2010-08-23,31.0,31.5,31.0,31.5,24.013198852539062,657700
2010-08-24,31.25,31.75,31.25,31.5,24.013198852539062,1014100
2010-08-25,31.5,32.0,31.5,31.75,24.20378875732422,739900
2010-08-26,31.5,31.75,31.5,31.75,24.512609481811523,2273000
2010-08-27,31.75,33.25,31.75,33.0,25.477672576904297,3394100
2010-08-30,32.5,33.0,31.75,32.0,24.705615997314453,522600
2010-08-31,31.75,32.0,31.5,32.0,24.705615997314453,1405000
2010-09-01,32.0,32.0,31.25,31.5,24.31958770751953,523300
2010-09-02,32.0,32.75,31.75,32.5,25.09164047241211,2194300
2010-09-03,32.5,32.75,32.0,32.75,25.284648895263672,1037400
2010-09-06,32.5,33.0,32.0,32.0,24.705615997314453,746900
2010-09-07,32.0,33.0,32.0,32.25,24.89862823486328,611500
2010-09-08,32.5,32.75,32.25,32.75,25.284648895263672,370900
2010-09-09,32.75,32.75,32.0,32.0,24.705615997314453,411200
2010-09-10,32.0,32.5,32.0,32.5,25.09164047241211,475500
2010-09-13,32.75,33.0,32.5,32.75,25.284648895263672,2880600
2010-09-14,32.75,34.0,32.75,34.0,26.24972152709961,3315800
2010-09-15,34.25,34.5,32.5,33.5,25.863693237304688,1111600
2010-09-16,33.5,35.5,33.25,35.0,27.021774291992188,2637100
2010-09-17,36.75,37.25,35.75,37.0,28.56586265563965,1976300
2010-09-20,37.0,37.0,35.5,35.5,27.407793045043945,271900
2010-09-21,35.5,36.75,35.5,36.75,28.372852325439453,959300
2010-09-22,37.0,37.25,36.0,36.0,27.7938175201416,629300
2010-09-23,36.25,36.25,35.0,35.0,27.021774291992188,1109100
2010-09-24,35.0,36.0,34.25,35.0,27.021774291992188,645800
2010-09-27,35.25,35.25,34.5,34.75,26.828752517700195,1019300
2010-09-28,34.75,34.75,34.25,34.25,26.442733764648438,795000
2010-09-29,34.25,35.25,34.25,35.0,27.021774291992188,1496900
2010-09-30,35.25,35.5,35.0,35.0,27.021774291992188,529400
2010-10-01,35.25,35.25,35.0,35.0,27.021774291992188,187500
2010-10-04,35.0,35.0,34.0,34.0,26.24972152709961,424900
2010-10-05,34.0,34.75,34.0,34.5,26.6357421875,403300
2010-10-06,34.75,35.0,34.25,34.25,26.442733764648438,332800
2010-10-07,34.25,34.5,33.75,33.75,26.05670738220215,599700
2010-10-08,34.0,34.25,33.5,34.25,26.442733764648438,856500
2010-10-11,34.0,34.5,33.75,34.5,26.6357421875,456200
2010-10-12,34.5,34.5,34.0,34.0,26.24972152709961,289300
2010-10-13,34.0,34.75,34.0,34.5,26.6357421875,371700
2010-10-14,34.75,34.75,34.25,34.75,26.828752517700195,265800
2010-10-15,35.0,35.25,34.75,34.75,26.828752517700195,622000
2010-10-18,34.5,35.0,34.5,35.0,27.021774291992188,294500
2010-10-19,35.0,35.0,34.75,34.75,26.828752517700195,356300
2010-10-20,34.25,34.75,34.0,34.75,26.828752517700195,278400
2010-10-21,34.5,34.5,33.75,34.0,26.24972152709961,1047900
2010-10-22,33.75,34.0,33.75,33.75,26.05670738220215,207700
2010-10-26,34.0,34.25,33.75,34.25,26.442733764648438,1361900
2010-10-27,34.25,34.75,34.0,34.0,26.24972152709961,376300
2010-10-28,34.0,34.25,33.75,34.0,26.24972152709961,383000
2010-10-29,33.75,34.5,33.75,34.5,26.6357421875,561800
2010-11-01,34.75,35.0,34.25,34.25,26.442733764648438,364800
2010-11-02,34.5,35.0,34.25,34.5,26.6357421875,729600
2010-11-03,35.0,35.25,34.25,34.5,26.6357421875,1716300
2010-11-04,34.5,34.5,33.75,34.0,26.24972152709961,1125900
2010-11-05,34.0,34.0,33.25,33.5,25.863693237304688,757200
2010-11-08,33.5,34.0,33.5,34.0,26.24972152709961,274900
2010-11-09,34.0,34.0,33.75,33.75,26.05670738220215,257900
2010-11-10,33.75,33.75,33.0,33.0,25.477672576904297,884900
2010-11-11,33.25,33.25,32.75,32.75,25.284648895263672,1058300
2010-11-12,33.0,33.0,32.25,32.5,25.09164047241211,300700
2010-11-15,32.25,32.5,32.25,32.25,24.89862823486328,139100
2010-11-16,32.25,32.5,32.0,32.25,24.89862823486328,422500
2010-11-17,31.75,32.25,30.75,32.25,24.89862823486328,974500
2010-11-18,32.0,33.25,31.75,31.75,24.512609481811523,268800
2010-11-19,31.75,32.5,31.5,32.25,24.89862823486328,568100
2010-11-22,32.0,33.0,31.75,32.5,25.09164047241211,408600
2010-11-23,32.0,32.5,31.75,31.75,24.512609481811523,335400
2010-11-24,31.75,32.25,31.75,31.75,24.512609481811523,111400
2010-11-25,31.75,33.0,31.75,32.25,24.89862823486328,722700
2010-11-26,32.25,32.75,32.0,32.75,25.284648895263672,470500
2010-11-29,32.75,32.75,32.0,32.0,24.705615997314453,382500
2010-11-30,32.0,33.0,32.0,32.75,25.284648895263672,951300
2010-12-01,32.75,32.75,31.75,31.75,24.512609481811523,1326700
2010-12-02,31.75,32.25,31.75,32.25,24.89862823486328,259400
2010-12-03,32.5,32.75,32.0,32.0,24.705615997314453,336300
2010-12-07,31.75,32.75,31.75,32.5,25.09164047241211,712300
2010-12-08,32.25,32.5,31.5,31.75,24.512609481811523,707200
2010-12-09,31.75,32.25,31.75,31.75,24.512609481811523,1417600
2010-12-13,32.0,32.25,31.75,32.0,24.705615997314453,1186400
2010-12-14,32.0,32.25,32.0,32.25,24.89862823486328,1327500
2010-12-15,32.5,33.25,32.0,32.25,24.89862823486328,3748200
2010-12-16,32.75,33.25,32.5,32.75,25.284648895263672,868100
2010-12-17,33.25,33.25,32.75,33.0,25.477672576904297,551200
2010-12-20,32.75,33.0,32.25,32.25,24.89862823486328,191200
2010-12-21,32.25,32.5,32.0,32.0,24.705615997314453,401600
2010-12-22,32.5,32.5,31.25,31.5,24.31958770751953,785200
2010-12-23,31.5,32.5,31.25,31.75,24.512609481811523,868300
2010-12-24,31.75,32.0,31.75,32.0,24.705615997314453,151000
2010-12-27,32.0,32.25,31.5,31.5,24.31958770751953,238400
2010-12-28,31.75,32.25,31.75,32.0,24.705615997314453,190600
2010-12-29,32.0,32.25,31.5,31.75,24.512609481811523,906400
2010-12-30,31.75,32.25,31.75,31.75,24.512609481811523,272200
2011-01-04,31.75,32.5,31.75,31.75,24.512609481811523,1056100
2011-01-05,32.0,32.25,31.25,31.5,24.31958770751953,1129500
2011-01-06,31.75,31.75,31.25,31.25,24.126577377319336,963600
2011-01-07,31.25,31.75,31.25,31.75,24.512609481811523,1140200
2011-01-10,31.75,32.25,31.5,32.0,24.705615997314453,1840200
2011-01-11,32.0,32.0,31.25,31.75,24.512609481811523,956800
2011-01-12,31.75,33.0,31.75,32.0,24.705615997314453,2966500
2011-01-13,32.25,32.25,31.5,31.5,24.31958770751953,1246200
2011-01-14,31.5,31.75,30.25,31.0,23.93355941772461,42868000
2011-01-17,30.75,31.25,30.75,31.25,24.126577377319336,1226400
2011-01-18,31.5,31.5,31.0,31.0,23.93355941772461,506200
2011-01-19,31.25,31.25,31.0,31.25,24.126577377319336,351400
2011-01-20,31.25,31.5,31.0,31.25,24.126577377319336,226800
2011-01-21,31.0,31.5,30.75,31.5,24.31958770751953,1658100
2011-01-24,31.0,31.5,30.75,31.25,24.126577377319336,1225900
2011-01-25,32.5,32.5,31.25,31.25,24.126577377319336,2195300
2011-01-26,31.25,33.25,31.25,33.0,25.477672576904297,2643900
2011-01-27,33.5,33.5,32.5,32.75,25.284648895263672,412600
2011-01-28,32.75,33.0,32.0,32.75,25.284648895263672,829400
2011-01-31,32.25,33.0,31.75,32.75,25.284648895263672,1201100
2011-02-01,32.75,32.75,32.25,32.75,25.284648895263672,1135000
2011-02-02,32.5,32.75,32.5,32.5,25.09164047241211,125800
2011-02-03,32.5,32.5,32.0,32.0,24.705615997314453,312300
2011-02-04,32.25,32.75,32.25,32.5,25.09164047241211,568900
2011-02-07,32.75,33.0,32.5,32.75,25.284648895263672,2275900
2011-02-08,32.75,33.0,32.5,32.75,25.284648895263672,1409200
2011-02-09,33.0,33.0,32.75,32.75,25.284648895263672,618500
2011-02-10,33.0,34.25,32.75,33.25,25.670677185058594,1126200
2011-02-11,33.25,33.75,32.75,33.5,25.863693237304688,576700
2011-02-14,33.75,34.5,33.75,34.5,26.6357421875,1134900
2011-02-15,35.0,36.25,34.25,35.5,27.407793045043945,4338000
2011-02-16,36.0,37.25,36.0,37.25,28.758880615234375,3773400
2011-02-17,38.0,38.0,36.25,36.25,27.986831665039062,2142200
2011-02-18,36.25,36.25,36.25,36.25,27.986831665039062,0
2011-02-21,36.5,36.5,34.75,35.25,27.21477508544922,752200
2011-02-22,35.0,35.75,34.75,35.5,27.407793045043945,674900
2011-02-23,35.5,35.5,33.5,34.0,26.24972152709961,998300
2011-02-24,33.75,34.0,32.5,32.5,25.09164047241211,710200
2011-02-25,32.5,33.75,32.5,33.0,25.477672576904297,1371200
2011-02-28,33.25,33.5,33.25,33.25,25.670677185058594,370000
2011-03-01,33.25,34.5,33.25,34.0,26.24972152709961,421200
2011-03-02,33.75,36.25,33.5,36.25,27.986831665039062,1677600
2011-03-03,36.0,36.0,34.75,35.5,27.407793045043945,2064300
2011-03-04,35.5,36.75,35.5,35.75,27.600799560546875,1094500
2011-03-07,36.0,36.75,36.0,36.5,28.179841995239258,642500
2011-03-08,36.75,37.25,36.0,36.25,27.986831665039062,1150600
2011-03-09,36.25,36.75,36.0,36.25,27.986831665039062,448900
2011-03-10,35.75,36.25,35.5,35.75,27.986825942993164,1565200
2011-03-11,35.25,35.75,34.25,34.5,27.008270263671875,794200
2011-03-14,34.0,35.25,34.0,35.25,27.59540367126465,167400
2011-03-15,34.75,35.5,34.25,35.0,27.399703979492188,1136500
2011-03-16,35.5,36.0,34.75,35.0,27.399703979492188,1482900
2011-03-17,35.0,35.0,34.5,35.0,27.399703979492188,1461200
2011-03-21,36.25,36.5,35.5,36.0,28.182540893554688,490200
2011-03-22,36.0,36.0,35.0,35.0,27.399703979492188,342700
2011-03-23,35.25,35.75,35.25,35.5,27.791120529174805,300500
2011-03-24,35.5,36.5,35.5,36.25,28.378253936767578,22770100
2011-03-25,36.75,37.75,36.75,37.25,29.161100387573242,2758300
2011-03-28,37.5,37.5,37.0,37.25,29.161100387573242,292000
2011-03-29,37.5,37.75,37.0,37.25,29.161100387573242,681300
2011-03-30,37.5,38.25,37.5,37.75,29.552536010742188,2306800
2011-03-31,37.75,38.0,37.5,38.0,29.748247146606445,808400
2011-04-01,38.5,39.75,38.0,39.0,30.53109359741211,2329400
2011-04-04,39.75,39.75,38.5,39.25,30.726802825927734,298200
2011-04-05,39.25,39.25,38.25,38.25,29.943944931030273,294900
2011-04-07,38.5,39.0,37.0,37.75,29.552536010742188,1387600
2011-04-08,37.75,38.25,37.5,37.5,29.356815338134766,1054300
2011-04-11,38.0,40.0,38.0,39.75,31.118228912353516,2559000
2011-04-12,39.75,39.75,39.0,39.5,30.922510147094727,596700
2011-04-18,39.0,39.5,38.75,38.75,30.335369110107422,293900
2011-04-19,38.75,38.75,38.25,38.5,30.139663696289062,523100
2011-04-20,38.0,38.75,37.75,38.5,30.139663696289062,806100
2011-04-21,38.75,39.5,38.25,38.75,30.335369110107422,846500
2011-04-22,38.5,39.0,38.5,38.75,30.335369110107422,291500
2011-04-25,38.75,39.0,38.5,38.75,30.335369110107422,109100
2011-04-26,38.25,39.0,38.25,39.0,30.53109359741211,195400
2011-04-27,39.0,40.0,39.0,39.75,31.118228912353516,1811100
2011-04-28,39.75,40.0,39.0,39.0,30.53109359741211,649300
2011-04-29,39.25,39.25,38.5,38.75,30.335369110107422,313000
2011-05-03,38.5,39.0,37.25,37.75,29.552536010742188,794600
2011-05-04,37.25,37.75,37.25,37.75,29.552536010742188,264000
2011-05-06,37.25,37.5,36.0,36.5,28.57396125793457,1646200
2011-05-09,36.5,37.25,36.5,37.0,28.965383529663086,1442700
2011-05-10,37.0,37.75,37.0,37.5,29.356815338134766,500700
2011-05-11,37.75,38.25,37.5,37.75,29.552536010742188,666600
2011-05-12,38.0,38.75,38.0,38.0,29.748247146606445,386700
2011-05-13,37.75,38.5,37.5,38.0,29.748247146606445,381200
2011-05-18,37.75,38.5,37.75,38.25,29.943944931030273,929200
2011-05-19,38.25,39.0,37.75,39.0,30.53109359741211,1776700
2011-05-20,39.0,39.0,38.0,38.0,29.748247146606445,889800
2011-05-23,38.0,38.25,37.75,38.0,29.748247146606445,226700
2011-05-24,38.0,38.5,38.0,38.5,30.139663696289062,118100
2011-05-25,38.25,38.25,37.75,37.75,29.552536010742188,109000
2011-05-26,37.75,38.25,37.75,37.75,29.552536010742188,153700
2011-05-27,37.5,38.0,37.0,37.5,29.356815338134766,1239900
2011-05-30,37.5,38.0,37.25,37.75,29.552536010742188,883700
2011-05-31,37.75,39.0,37.5,39.0,30.53109359741211,1380800
2011-06-01,39.5,39.5,38.5,38.5,30.139663696289062,1009500
2011-06-02,38.5,39.0,38.25,38.5,30.139663696289062,215400
2011-06-03,39.0,39.0,37.75,38.5,30.139663696289062,345000
2011-06-06,38.5,39.0,38.0,38.25,29.943944931030273,85200
2011-06-07,38.5,38.5,38.0,38.25,29.943944931030273,395900
2011-06-08,38.25,38.5,37.25,38.0,29.748247146606445,1270500
2011-06-09,37.25,38.0,36.75,37.0,28.965383529663086,921400
2011-06-10,36.75,38.0,36.75,38.0,29.748247146606445,321600
2011-06-13,37.25,38.0,37.25,37.25,29.161100387573242,143000
2011-06-14,37.25,37.75,37.0,37.75,29.552536010742188,393100
2011-06-15,37.75,37.75,37.5,37.75,29.552536010742188,219800
2011-06-16,37.5,37.5,37.0,37.0,28.965383529663086,684400
2011-06-17,37.25,37.5,36.75,36.75,28.76967430114746,733700
2011-06-20,37.0,37.0,36.25,36.25,28.378253936767578,545700
2011-06-21,36.5,36.75,36.25,36.25,28.378253936767578,303400
2011-06-22,36.5,36.75,36.25,36.5,28.57396125793457,255400
2011-06-23,36.5,36.5,35.5,35.5,27.791120529174805,320400
2011-06-24,35.75,36.25,35.75,35.75,27.986825942993164,135700
2011-06-27,35.75,35.75,35.0,35.0,27.399703979492188,206500
2011-06-28,35.25,35.75,35.0,35.25,27.59540367126465,384000
2011-06-29,35.25,36.75,35.25,36.75,28.76967430114746,212300
2011-06-30,37.0,37.0,36.25,36.5,28.57396125793457,415500
2011-07-04,37.5,38.0,37.25,38.0,29.748247146606445,614400
2011-07-05,38.25,38.25,37.75,37.75,29.552536010742188,332400
2011-07-06,38.0,38.0,37.75,37.75,29.552536010742188,407500
2011-07-07,38.0,38.0,37.75,37.75,29.552536010742188,176500
2011-07-08,37.75,38.5,37.75,38.0,29.748247146606445,645900
2011-07-11,38.0,38.0,36.5,36.75,28.76967430114746,1250400
2011-07-12,36.5,37.0,36.25,36.75,28.76967430114746,333800
2011-07-13,36.5,37.25,36.5,36.75,28.76967430114746,1208200
2011-07-14,36.25,36.5,35.75,36.25,28.378253936767578,1226000
2011-07-18,36.5,36.75,36.0,36.25,28.378253936767578,240100
2011-07-19,36.0,36.5,35.75,35.75,27.986825942993164,1196600
2011-07-20,36.0,36.25,36.0,36.0,28.182540893554688,724100
2011-07-21,36.25,36.75,36.0,36.5,28.57396125793457,842800
2011-07-22,36.75,37.25,36.75,36.75,28.76967430114746,995700
2011-07-25,37.0,37.5,36.75,37.5,29.356815338134766,1088600
2011-07-26,37.5,37.5,37.0,37.0,28.965383529663086,535200
2011-07-27,37.0,37.5,37.0,37.25,29.161100387573242,315800
2011-07-28,37.25,38.0,37.0,37.75,29.552536010742188,1011500
2011-07-29,38.0,38.0,37.25,37.75,29.552536010742188,333700
2011-08-01,37.75,38.25,37.5,38.0,29.748247146606445,591400
2011-08-02,38.0,38.5,37.5,37.75,29.552536010742188,1155200
2011-08-03,37.5,37.75,37.25,37.5,29.356815338134766,571700
2011-08-04,37.5,38.0,37.5,37.5,29.356815338134766,287000
2011-08-05,36.75,37.0,36.0,36.0,28.182540893554688,1334000
2011-08-08,34.5,35.5,34.5,35.25,27.59540367126465,1093000
2011-08-09,34.5,35.25,34.5,35.25,27.59540367126465,579200
2011-08-10,35.75,35.75,34.75,35.0,27.399703979492188,966300
2011-08-11,35.0,36.0,34.75,35.25,27.59540367126465,1333900
2011-08-15,35.5,36.75,35.25,36.25,28.378253936767578,1432900
2011-08-16,36.75,37.5,36.25,37.5,29.356815338134766,2580600
2011-08-17,37.75,38.25,37.25,38.0,29.748247146606445,1471100
2011-08-18,39.0,39.0,37.25,37.75,29.552536010742188,1028900
2011-08-19,37.0,37.5,36.5,37.0,28.965383529663086,731400
2011-08-22,37.0,37.75,36.75,37.5,29.356815338134766,960300
2011-08-23,37.0,37.25,36.5,36.75,29.119108200073242,306500
2011-08-24,36.5,37.0,36.0,36.0,28.52484703063965,751200
2011-08-25,36.25,36.5,36.0,36.0,28.52484703063965,518500
2011-08-26,35.0,36.5,35.0,36.25,28.722932815551758,705800
2011-08-29,36.0,37.25,35.5,37.25,29.51528549194336,1071800
2011-08-30,37.5,38.0,36.75,38.0,30.109556198120117,1993900
2011-08-31,38.0,38.5,37.75,38.25,30.307641983032227,1111200
2011-09-01,38.25,39.5,38.0,39.5,31.298091888427734,3419800
2011-09-02,39.25,41.0,39.25,40.25,31.89236068725586,2116700
2011-09-05,40.25,40.25,39.25,39.5,31.298091888427734,383700
2011-09-06,39.25,39.25,38.0,39.0,30.90190887451172,546000
2011-09-07,38.5,40.25,38.5,40.25,31.89236068725586,2348900
2011-09-08,40.25,40.5,39.75,40.25,31.89236068725586,389800
2011-09-09,40.0,41.25,40.0,40.25,31.89236068725586,1715600
2011-09-12,39.5,40.0,39.0,39.0,30.90190887451172,523500
2011-09-13,39.25,39.25,37.75,38.0,30.109556198120117,861500
2011-09-14,37.75,38.5,37.0,38.0,30.109556198120117,774100
2011-09-15,38.0,39.0,37.75,38.75,30.703815460205078,331400
2011-09-16,39.0,41.0,38.75,41.0,32.48662567138672,1447100
2011-09-19,41.0,41.0,39.75,40.5,32.090450286865234,275200
2011-09-20,41.0,41.0,40.25,40.75,32.288536071777344,303500
2011-09-21,40.75,43.0,40.75,42.75,33.873252868652344,1833100
2011-09-22,41.75,42.0,40.25,40.25,31.89236068725586,1175100
2011-09-23,39.0,39.75,37.0,38.5,30.505727767944336,1314100
2011-09-26,37.25,37.75,34.25,35.0,27.732492446899414,1506200
2011-09-27,36.0,38.0,35.75,38.0,30.109556198120117,1545400
2011-09-28,37.5,38.5,37.25,38.0,30.109556198120117,1327800
2011-09-29,37.5,38.25,37.5,38.25,30.307641983032227,417700
2011-09-30,38.0,39.0,38.0,38.75,30.703815460205078,1741700
2011-10-03,37.5,37.5,36.0,36.75,29.119108200073242,640400
2011-10-04,36.5,37.0,36.0,36.5,28.921024322509766,634300
2011-10-05,36.0,36.5,35.75,36.25,28.722932815551758,782300
2011-10-06,36.5,37.75,36.25,37.75,29.911468505859375,573600
2011-10-07,38.0,38.75,37.75,38.25,30.307641983032227,870800
2011-10-10,38.0,38.75,38.0,38.75,30.703815460205078,401200
2011-10-11,39.25,40.5,39.25,40.0,31.694278717041016,1529100
2011-10-12,40.0,40.0,37.5,38.25,30.307641983032227,1286600
2011-10-13,38.5,38.75,37.75,38.5,30.505727767944336,712100
2011-10-14,38.75,39.25,38.5,39.25,31.100004196166992,572400
2011-10-17,39.25,39.25,38.5,39.0,30.90190887451172,823400
2011-10-18,38.25,38.75,38.25,38.75,30.703815460205078,540500
2011-10-19,38.25,39.0,38.25,38.75,30.703815460205078,171800
2011-10-20,38.0,39.0,38.0,39.0,30.90190887451172,1109700
2011-10-21,38.5,38.75,38.25,38.5,30.505727767944336,674500
2011-10-25,38.5,38.75,38.25,38.75,30.703815460205078,778300
2011-10-26,38.25,38.75,38.25,38.75,30.703815460205078,180300
2011-10-27,38.75,39.0,38.5,38.75,30.703815460205078,92900
2011-10-28,38.75,39.75,38.75,39.75,31.496179580688477,1094000
2011-10-31,39.5,40.0,39.25,39.75,31.496179580688477,310000
2011-11-01,39.25,40.25,39.0,39.75,31.496179580688477,569600
2011-11-02,39.75,40.25,39.5,40.25,31.89236068725586,822800
2011-11-03,39.75,40.5,39.75,40.25,31.89236068725586,172600
2011-11-04,40.25,41.75,40.25,41.75,33.080894470214844,1754200
2011-11-07,41.0,41.25,40.25,40.75,32.288536071777344,335800
2011-11-08,41.0,41.0,40.25,41.0,32.48662567138672,24800
2011-11-09,41.25,41.5,40.0,40.0,31.694278717041016,235600
2011-11-10,39.5,40.25,39.5,40.25,31.89236068725586,449700
2011-11-11,40.0,40.25,39.75,40.0,31.694278717041016,95000
2011-11-14,40.5,40.75,40.0,40.0,31.694278717041016,168600
2011-11-15,39.75,40.25,39.75,40.25,31.89236068725586,229200
2011-11-16,40.0,40.5,40.0,40.5,32.090450286865234,176200
2011-11-17,40.5,46.25,40.5,44.75,35.457969665527344,2016000
2011-11-18,43.75,44.5,43.25,44.0,34.86369705200195,3666400
2011-11-21,43.25,44.0,43.0,43.5,34.46751403808594,558500
2011-11-22,43.5,44.25,43.5,44.0,34.86369705200195,508500
2011-11-23,43.5,44.0,42.75,43.75,34.66559982299805,670200
2011-11-24,43.5,45.0,43.5,44.25,35.06178665161133,1203700
2011-11-25,44.25,44.25,43.5,43.5,34.46751403808594,1054900
2011-11-28,43.5,44.0,43.5,44.0,34.86369705200195,175200
2011-11-29,44.25,47.25,44.0,45.75,36.25032424926758,3791200
2011-11-30,45.75,48.5,45.5,46.75,37.042667388916016,2771500
2011-12-01,47.75,47.75,46.25,46.25,36.64649963378906,1256800
2011-12-02,47.0,47.75,46.5,47.0,37.24076461791992,470700
2011-12-06,47.5,48.5,45.25,45.5,36.05222702026367,1935100
2011-12-07,45.75,47.5,45.75,47.25,37.43886184692383,1367100
2011-12-08,47.5,47.5,46.75,47.0,37.24076461791992,730400
2011-12-09,46.5,47.0,46.25,46.75,37.042667388916016,1393900
2011-12-13,46.5,47.5,46.5,46.75,37.042667388916016,903500
2011-12-14,46.75,47.25,46.0,46.25,36.64649963378906,625200
2011-12-15,45.75,46.75,44.75,45.5,36.05222702026367,1304100
2011-12-16,45.5,46.5,45.5,45.75,36.25032424926758,544000
2011-12-19,46.0,46.0,45.0,45.75,36.25032424926758,1022800
2011-12-20,45.75,46.75,45.5,46.25,36.64649963378906,1464100
2011-12-21,46.5,47.5,45.75,47.25,37.43886184692383,2772900
2011-12-22,47.25,48.0,47.0,47.5,37.6369514465332,1310800
2011-12-23,47.75,49.25,47.25,49.0,38.82548141479492,2340100
2011-12-26,49.0,49.25,47.75,48.25,38.231204986572266,601400
2011-12-27,48.5,48.5,46.25,46.25,36.64649963378906,573300
2011-12-28,46.5,47.25,46.25,46.75,37.042667388916016,210800
2011-12-29,46.5,47.0,45.75,46.0,36.448402404785156,1291900
2011-12-30,46.25,46.75,46.0,46.5,36.84458923339844,928300
2012-01-04,46.75,47.75,46.75,47.5,37.6369514465332,1190000
2012-01-05,47.75,49.0,47.75,48.0,38.03311538696289,2385900
2012-01-06,47.75,48.0,47.5,48.0,38.03311538696289,503100
2012-01-09,47.75,48.25,47.75,48.0,38.03311538696289,317400
2012-01-10,48.0,50.5,48.0,50.0,39.61783218383789,2169700
2012-01-11,50.25,51.0,48.75,50.0,39.61783218383789,1765300
2012-01-12,50.0,51.75,50.0,50.0,39.61783218383789,951800
2012-01-13,50.25,50.5,48.5,49.5,39.22166061401367,1381900
2012-01-16,48.5,50.0,48.5,49.75,39.41973876953125,180100
2012-01-17,50.0,50.25,49.25,49.75,39.41973876953125,1098500
2012-01-18,50.0,50.25,48.0,48.75,38.62739181518555,1360200
2012-01-19,48.75,49.0,48.0,48.0,38.03311538696289,973600
2012-01-20,48.0,48.5,48.0,48.25,38.231204986572266,382800
2012-01-23,48.0,48.75,48.0,48.25,38.231204986572266,360200
2012-01-24,48.25,48.75,48.0,48.0,38.03311538696289,737400
2012-01-25,48.25,48.25,47.25,48.0,38.03311538696289,578600
2012-01-26,48.0,48.0,46.75,47.0,37.24076461791992,1382200
2012-01-27,47.0,47.25,46.25,47.25,37.43886184692383,1366700
2012-01-30,47.0,47.25,46.25,46.25,36.64649963378906,1080200
2012-01-31,46.25,47.5,46.25,47.25,37.43886184692383,1515400
2012-02-01,47.5,48.0,47.5,48.0,38.03311538696289,591900
2012-02-02,47.75,48.0,46.75,46.75,37.042667388916016,642300
2012-02-03,47.0,47.75,47.0,47.25,37.43886184692383,355900
2012-02-06,47.25,47.5,46.25,46.25,36.64649963378906,759000
2012-02-07,46.25,46.75,45.5,46.0,36.448402404785156,1453900
2012-02-08,46.0,46.25,44.75,44.75,35.457969665527344,2749800
2012-02-09,44.75,44.75,43.5,44.0,34.86369705200195,4099200
2012-02-10,43.75,45.5,43.75,45.0,35.65605545043945,4550600
2012-02-13,45.5,45.75,45.0,45.0,35.65605545043945,1639400
2012-02-14,45.25,45.25,44.75,45.0,35.65605545043945,1126900
2012-02-15,45.5,46.5,45.5,46.25,36.64649963378906,1317300
2012-02-16,46.25,46.25,45.25,45.25,35.8541374206543,676300
2012-02-17,45.75,46.0,45.75,46.0,36.448402404785156,636100
2012-02-20,46.0,46.0,45.0,45.0,35.65605545043945,1224100
2012-02-21,45.25,45.25,45.0,45.25,35.8541374206543,345600
2012-02-22,45.25,45.75,45.0,45.25,35.8541374206543,1443800
2012-02-23,45.25,45.5,45.0,45.5,36.05222702026367,1595200
2012-02-24,45.5,46.25,45.5,46.25,36.64649963378906,936800
2012-02-27,46.5,46.5,45.5,45.5,36.05222702026367,803700
2012-02-28,45.5,46.5,45.5,46.0,36.448402404785156,1258600
2012-02-29,46.25,46.5,45.75,45.75,36.25032424926758,1011200
2012-03-01,46.25,46.75,46.0,46.5,36.84458923339844,1192300
2012-03-02,46.75,48.5,46.5,48.0,38.03311538696289,3277600
2012-03-05,48.5,49.5,48.25,49.0,38.82548141479492,2733000
2012-03-06,48.5,50.5,48.5,49.0,38.82548141479492,3598500
2012-03-08,49.25,50.5,49.25,50.0,39.61783218383789,3766300
2012-03-09,50.5,54.0,50.5,52.25,41.40064239501953,7132300
2012-03-12,52.0,54.0,51.75,53.75,43.12567138671875,3267700
2012-03-13,53.5,53.5,52.25,53.0,42.52391815185547,1916400
2012-03-14,53.75,54.5,53.25,54.25,43.5268440246582,3212100
2012-03-15,54.25,55.75,54.0,54.0,43.32624816894531,3112500
2012-03-16,54.25,57.5,54.25,56.75,45.53268051147461,5511100
2012-03-19,56.5,56.5,54.75,55.0,44.12858963012695,3860400
2012-03-20,55.0,55.75,53.25,54.0,43.32624816894531,1685200
2012-03-21,54.5,55.25,54.0,54.5,43.72740936279297,2921300
2012-03-22,54.0,54.5,53.25,53.75,43.12567138671875,2745900
2012-03-23,53.75,55.0,53.75,54.5,43.72740936279297,3041800
2012-03-26,54.75,55.25,53.75,53.75,43.12567138671875,1892500
2012-03-27,54.0,54.25,53.5,54.0,43.32624816894531,1052900
2012-03-28,54.0,54.0,53.0,54.0,43.32624816894531,1117900
2012-03-29,53.5,55.0,53.5,54.5,43.72740936279297,938300
2012-03-30,54.5,54.5,53.5,53.5,42.92508316040039,1372900
2012-04-02,53.5,55.0,53.5,54.5,43.72740936279297,2259900
2012-04-03,54.5,56.25,54.0,55.75,44.7303352355957,2973200
2012-04-04,56.0,56.0,55.0,55.25,44.32917785644531,1777600
2012-04-05,55.0,55.5,54.75,54.75,43.92800521850586,3080300
2012-04-10,54.0,55.0,53.75,54.0,43.32624816894531,2547100
2012-04-11,53.75,55.0,53.75,54.25,43.5268440246582,664900
2012-04-12,54.0,55.25,54.0,55.0,44.12858963012695,627700
2012-04-17,54.5,55.25,54.0,55.0,44.12858963012695,805700
2012-04-18,55.0,55.25,54.5,54.5,43.72740936279297,1639700
2012-04-19,54.0,58.5,54.0,58.5,46.936771392822266,2882600
2012-04-20,58.5,60.0,58.25,59.25,47.53852462768555,2006100
2012-04-23,59.25,62.0,59.25,61.25,49.14320373535156,1925000
2012-04-24,61.0,62.5,60.0,60.75,48.742034912109375,1201500
2012-04-25,60.5,60.5,59.0,59.0,47.337947845458984,875500
2012-04-26,59.0,60.0,58.75,59.75,47.939697265625,576500
2012-04-27,59.5,62.0,59.5,61.25,49.14320373535156,1272500
2012-04-30,61.25,61.5,60.0,61.0,48.94260787963867,549400
2012-05-02,61.5,61.75,61.0,61.75,49.54437255859375,721300
2012-05-03,62.0,63.5,61.25,61.75,49.54437255859375,2097800
2012-05-04,62.25,62.75,60.75,61.25,49.14320373535156,674200
2012-05-08,61.0,62.0,60.75,61.0,48.94260787963867,541200
2012-05-09,61.0,61.5,59.75,59.75,47.939697265625,588900
2012-05-10,59.5,60.25,58.75,60.0,48.140281677246094,778700
2012-05-11,60.0,61.75,59.75,61.0,48.94260787963867,585400
2012-05-14,63.5,64.5,60.0,61.75,49.54437255859375,3292400
2012-05-15,60.75,61.5,60.0,61.0,48.94260787963867,1104600
2012-05-16,60.0,61.25,60.0,61.25,49.14320373535156,2715400
2012-05-17,61.5,61.5,60.75,61.25,49.14320373535156,532200
2012-05-18,61.5,64.0,61.5,64.0,51.34962844848633,25180800
2012-05-21,65.5,66.0,63.75,64.5,51.75080108642578,1508500
2012-05-22,64.75,65.0,62.75,62.75,50.346702575683594,720500
2012-05-23,63.0,63.0,61.5,61.5,49.34378433227539,274700
2012-05-24,62.5,63.25,61.75,63.0,50.54729461669922,370800
2012-05-25,62.5,63.5,62.5,63.25,50.74787521362305,139500
2012-05-28,62.75,64.5,62.5,63.5,50.94845962524414,980200
2012-05-29,64.0,64.5,64.0,64.0,51.34962844848633,313100
2012-05-30,64.0,64.25,63.0,63.0,50.54729461669922,615500
2012-05-31,62.75,65.0,62.75,63.0,50.54729461669922,1217900
2012-06-01,62.75,63.25,62.5,62.75,50.346702575683594,626700
2012-06-05,62.5,62.5,59.25,61.0,48.94260787963867,1634800
2012-06-06,61.25,61.25,60.5,60.5,48.54145431518555,896900
2012-06-07,61.0,61.25,60.5,60.5,48.54145431518555,1040000
2012-06-08,60.5,60.5,59.75,59.75,47.939697265625,821100
2012-06-11,60.25,61.75,60.25,61.0,48.94260787963867,574800
2012-06-12,60.75,62.0,60.5,61.5,49.34378433227539,680900
2012-06-13,61.75,62.25,61.0,61.5,49.34378433227539,406400
2012-06-14,60.75,61.75,60.5,60.75,48.742034912109375,483400
2012-06-15,60.75,61.0,60.25,60.5,48.54145431518555,785400
2012-06-18,61.0,61.25,60.0,60.25,48.34086990356445,638400
2012-06-19,61.25,63.5,61.0,63.25,50.74787521362305,1688300
2012-06-20,63.75,64.75,63.0,64.5,51.75080108642578,1153700
2012-06-21,64.0,64.5,63.0,64.5,51.75080108642578,831600
2012-06-22,64.75,65.25,63.5,65.25,52.35254669189453,860600
2012-06-25,66.0,69.5,66.0,68.75,55.16073226928711,3207900
2012-06-26,68.5,71.5,68.25,70.5,56.5648193359375,2374700
2012-06-27,71.5,74.0,71.5,73.75,59.17242431640625,2564600
2012-06-28,73.25,76.25,71.75,71.75,57.56775665283203,2900000
2012-06-29,72.5,73.25,70.0,70.0,56.16367721557617,1398000
2012-07-02,70.0,72.5,70.0,72.0,57.768341064453125,967300
2012-07-03,72.5,73.25,72.25,72.75,58.370086669921875,649300
2012-07-04,73.0,73.25,71.75,72.0,57.768341064453125,501700
2012-07-05,72.5,75.75,72.25,75.25,60.37593460083008,2600800
2012-07-06,78.0,85.5,78.0,81.25,65.1899642944336,6098200
2012-07-09,80.5,82.5,80.25,82.0,65.79170227050781,1994900
2012-07-10,83.0,83.25,78.0,79.5,63.78588104248047,4055500
2012-07-11,79.25,82.0,79.0,81.25,65.1899642944336,3588000
2012-07-12,81.25,81.25,78.5,78.75,63.184120178222656,1489000
2012-07-13,78.5,79.5,78.0,79.0,63.38469314575195,1151600
2012-07-16,79.5,79.5,78.25,79.5,63.78588104248047,1234900
2012-07-17,79.75,80.0,78.25,79.0,63.38469314575195,732900
2012-07-18,79.0,79.25,76.5,77.25,61.980613708496094,2665500
2012-07-19,77.5,78.25,77.0,77.0,61.78001403808594,920400
2012-07-20,77.5,77.75,74.25,75.25,60.37593460083008,917700
2012-07-23,74.25,76.5,73.75,75.0,60.17533874511719,1492500
2012-07-24,75.0,79.0,75.0,78.75,63.184120178222656,1707400
2012-07-25,79.5,80.5,77.5,78.0,62.58235549926758,2151000
2012-07-26,78.25,78.25,75.0,75.0,60.17533874511719,1530100
2012-07-27,76.0,77.0,73.5,74.0,59.37300491333008,1860900
2012-07-30,74.5,75.5,74.5,75.0,60.17533874511719,648200
2012-07-31,75.75,77.0,75.0,76.0,60.97768783569336,1092500
2012-08-01,75.0,78.5,75.0,78.25,62.7829475402832,1797900
2012-08-03,77.75,78.5,77.25,78.5,62.98353576660156,1244600
2012-08-06,79.0,79.25,77.5,78.0,62.58235549926758,699200
2012-08-07,77.75,79.0,77.75,77.75,62.381771087646484,1183500
2012-08-08,78.0,78.5,77.0,77.0,61.78001403808594,1112700
2012-08-09,77.75,78.5,77.0,78.0,62.58235549926758,1050400
2012-08-10,78.5,78.5,77.5,77.5,62.18117904663086,673000
2012-08-14,77.0,77.25,75.5,75.75,60.777103424072266,1314100
2012-08-15,75.25,75.75,75.0,75.75,60.777103424072266,1654000
2012-08-16,76.25,76.75,75.25,75.5,60.57651901245117,1997500
2012-08-17,76.0,76.25,75.25,76.25,61.17828369140625,1004300
2012-08-20,76.25,76.5,76.0,76.25,61.17828369140625,307700
2012-08-21,76.5,77.0,76.0,76.5,61.378849029541016,976400
2012-08-22,76.25,76.75,75.75,76.25,61.17828369140625,692400
2012-08-23,76.0,76.25,75.75,76.0,60.97768783569336,636100
2012-08-24,75.25,78.0,75.25,78.0,63.08038330078125,2327100
2012-08-27,78.25,78.5,77.25,77.25,62.47382354736328,1555400
2012-08-28,77.25,77.75,77.0,77.25,62.47382354736328,535700
2012-08-29,77.25,78.0,76.25,76.5,61.86726760864258,1165400
2012-08-30,75.75,76.0,74.25,75.25,60.85637664794922,1676900
2012-08-31,75.0,78.0,74.5,78.0,63.08038330078125,1614000
2012-09-03,77.75,78.0,76.75,76.75,62.069454193115234,900800
2012-09-04,77.0,78.25,76.75,78.0,63.08038330078125,1208200
2012-09-05,78.0,82.25,78.0,81.5,65.91089630126953,5554900
2012-09-06,81.5,83.0,81.5,81.5,65.91089630126953,2484500
2012-09-07,82.25,82.5,80.25,80.25,64.89999389648438,1170200
2012-09-10,80.75,82.0,80.0,80.0,64.69782257080078,825800
2012-09-11,80.25,81.0,79.5,81.0,65.50653839111328,499900
2012-09-12,81.25,81.5,80.0,80.75,65.30435180664062,483600
2012-09-13,80.75,81.25,80.0,80.25,64.89999389648438,388500
2012-09-14,80.75,82.0,80.25,80.25,64.89999389648438,1522000
2012-09-17,80.25,80.5,79.25,79.75,64.49562072753906,1055900
2012-09-18,79.25,80.75,79.0,79.25,64.09124755859375,913100
2012-09-19,79.25,80.0,79.25,79.5,64.29344177246094,327900
2012-09-20,80.0,80.0,79.0,79.0,63.88909149169922,611600
2012-09-21,79.0,79.25,78.25,78.75,63.686927795410156,1033500
2012-09-24,78.25,79.0,78.25,78.75,63.686927795410156,504100
2012-09-25,79.0,81.25,79.0,81.25,65.70870208740234,1798700
2012-09-26,81.25,81.25,79.75,80.5,65.10218048095703,1476200
2012-09-27,80.75,81.75,80.25,81.5,65.91089630126953,1657500
2012-09-28,81.75,82.0,81.0,82.0,66.31526184082031,1423000
2012-10-01,81.5,81.75,80.5,80.75,65.30435180664062,529200
2012-10-02,80.75,81.5,80.75,80.75,65.30435180664062,684400
2012-10-03,80.5,80.75,80.0,80.25,64.89999389648438,728800
2012-10-04,80.5,80.5,79.75,79.75,64.49562072753906,486300
2012-10-05,80.0,80.5,79.5,80.5,65.10218048095703,620800
2012-10-08,80.0,82.0,80.0,80.75,65.30435180664062,1661400
2012-10-09,81.0,81.25,80.0,80.0,64.69782257080078,1128500
2012-10-10,79.25,80.25,79.25,80.25,64.89999389648438,414500
2012-10-11,79.75,80.75,79.75,80.0,64.69782257080078,754800
2012-10-12,80.0,80.0,78.0,79.5,64.29344177246094,749700
2012-10-15,78.5,78.75,78.0,78.0,63.08038330078125,825900
2012-10-16,78.0,78.0,77.0,77.0,62.27164840698242,1448500
2012-10-17,77.0,78.75,77.0,78.0,63.08038330078125,901200
2012-10-18,78.0,78.75,77.75,78.0,63.08038330078125,588000
2012-10-19,78.0,78.25,77.25,77.75,62.8781852722168,502100
2012-10-22,77.75,77.75,77.0,77.25,62.47382354736328,840600
2012-10-24,77.0,77.25,76.75,77.0,62.27164840698242,415600
2012-10-25,77.25,78.0,77.0,78.0,63.08038330078125,568100
2012-10-26,77.5,77.5,76.5,77.0,62.27164840698242,384400
2012-10-29,76.5,77.0,75.0,75.0,60.65419387817383,543100
2012-10-30,75.0,76.0,75.0,75.25,60.85637664794922,290700
2012-10-31,76.25,76.25,75.25,75.75,61.26072692871094,518800
2012-11-01,75.75,76.25,75.25,75.25,60.85637664794922,471900
2012-11-02,75.5,76.0,75.5,75.5,61.05856704711914,239200
2012-11-05,75.75,77.5,75.5,76.75,62.069454193115234,825400
2012-11-06,77.0,78.5,77.0,77.5,62.675994873046875,937300
2012-11-07,77.0,77.75,76.5,77.5,62.675994873046875,496500
2012-11-08,76.25,76.5,75.25,75.5,61.05856704711914,1125800
2012-11-09,76.0,76.25,75.25,75.5,61.05856704711914,1081000
2012-11-12,75.75,76.0,75.5,75.5,61.05856704711914,8700
2012-11-13,76.0,76.0,75.25,75.25,60.85637664794922,219100
2012-11-14,75.25,75.75,75.0,75.0,60.65419387817383,273400
2012-11-15,75.0,75.0,73.75,74.25,60.04765701293945,557700
2012-11-16,73.75,74.75,73.75,74.5,60.24983596801758,208600
2012-11-19,74.5,74.75,74.0,74.25,60.04765701293945,233600
2012-11-20,75.0,75.0,73.75,74.0,59.8454704284668,256600
2012-11-21,74.0,74.75,73.5,74.25,60.04765701293945,569500
2012-11-22,73.75,74.5,73.75,74.25,60.04765701293945,168800
2012-11-23,74.0,74.75,74.0,74.0,59.8454704284668,86500
2012-11-26,75.0,75.0,74.0,74.5,60.24983596801758,248600
2012-11-27,75.0,75.0,74.5,74.75,60.4520149230957,272300
2012-11-28,74.75,75.25,74.25,74.25,60.04765701293945,303300
2012-11-29,74.25,75.0,74.25,74.75,60.4520149230957,386800
2012-11-30,75.0,76.0,74.5,75.25,60.85637664794922,915900
2012-12-03,76.0,76.25,75.5,76.25,61.665103912353516,395400
2012-12-04,76.25,76.25,75.25,75.75,61.26072692871094,614800
2012-12-06,76.0,76.25,75.75,76.0,61.46292495727539,454700
2012-12-07,75.5,75.5,73.5,74.0,59.8454704284668,1388200
2012-12-11,74.5,75.25,74.5,74.5,60.24983596801758,838600
2012-12-12,74.75,75.0,74.0,74.0,59.8454704284668,781100
2012-12-13,74.5,74.5,74.0,74.0,59.8454704284668,548200
2012-12-14,74.5,74.5,74.0,74.25,60.04765701293945,466700
2012-12-17,74.25,74.75,74.0,74.0,59.8454704284668,562900
2012-12-18,74.0,74.25,73.75,74.25,60.04765701293945,892700
2012-12-19,74.5,74.5,73.75,74.5,60.24983596801758,1177400
2012-12-20,74.5,74.5,74.0,74.0,59.8454704284668,515700
2012-12-21,73.75,74.25,73.75,74.0,59.8454704284668,366800
2012-12-24,73.75,74.5,73.75,74.5,60.24983596801758,317400
2012-12-25,74.5,74.75,74.25,74.5,60.24983596801758,300500
2012-12-26,74.25,74.75,74.25,74.75,60.4520149230957,281800
2012-12-27,74.75,75.5,74.25,75.5,61.05856704711914,1370700
2012-12-28,75.5,76.0,74.0,74.0,59.8454704284668,817500
2013-01-02,74.25,75.25,74.25,74.25,60.04765701293945,420000
2013-01-03,74.5,76.25,74.5,75.25,60.85637664794922,1532700
2013-01-04,75.25,75.5,74.25,75.0,60.65419387817383,1890000
2013-01-07,75.25,77.75,75.0,76.25,61.665103912353516,2396400
2013-01-08,77.25,78.25,76.5,78.0,63.08038330078125,1889800
2013-01-09,78.5,79.25,78.0,78.25,63.28255844116211,1643300
2013-01-10,78.25,78.75,76.75,77.5,62.675994873046875,1470500
2013-01-11,77.5,77.5,75.25,77.0,62.27164840698242,1065100
2013-01-14,77.0,77.25,76.25,76.5,61.86726760864258,661800
2013-01-15,76.5,76.5,74.75,75.25,60.85637664794922,1487100
2013-01-16,76.0,76.0,74.25,74.5,60.24983596801758,1390100
2013-01-17,74.5,77.0,74.5,76.5,61.86726760864258,1477200
2013-01-18,77.0,77.5,76.25,76.75,62.069454193115234,740800
2013-01-21,76.75,77.0,75.75,76.25,61.665103912353516,610600
2013-01-22,76.0,76.0,75.25,75.5,61.05856704711914,892800
2013-01-23,75.5,76.25,74.5,75.0,60.65419387817383,1826800
2013-01-24,75.5,76.5,75.0,75.75,61.26072692871094,972800
2013-01-25,75.75,76.75,75.5,76.5,61.86726760864258,1577300
2013-01-28,77.0,77.0,76.0,76.0,61.46292495727539,508400
2013-01-29,76.0,77.0,76.0,76.75,62.069454193115234,723300
2013-01-30,77.0,79.0,77.0,78.75,63.686927795410156,3001200
2013-01-31,79.0,79.0,77.0,77.75,62.8781852722168,1711000
2013-02-01,77.75,80.0,77.75,79.0,63.88909149169922,2471700
2013-02-04,79.0,79.75,78.5,79.0,63.88909149169922,1305400
2013-02-05,78.25,78.75,77.75,78.25,63.28255844116211,1658300
2013-02-06,78.25,79.25,77.25,77.5,62.675994873046875,1114500
2013-02-07,77.25,77.5,76.5,77.5,62.675994873046875,1161200
2013-02-08,77.5,78.5,76.5,76.5,61.86726760864258,1005900
2013-02-11,77.0,79.0,77.0,78.0,63.08038330078125,1762100
2013-02-12,79.5,79.5,77.75,78.0,63.08038330078125,1166600
2013-02-13,78.5,81.75,78.5,81.25,65.70870208740234,5129700
2013-02-14,82.0,87.75,82.0,84.25,68.13488006591797,8398500
2013-02-15,84.75,86.0,84.5,85.25,68.943603515625,2360000
2013-02-18,85.5,87.25,85.0,85.0,68.74143981933594,1460100
2013-02-19,85.5,88.5,84.5,88.5,71.57195281982422,2398600
2013-02-20,90.5,95.0,89.5,91.75,74.2002944946289,5791800
2013-02-21,92.25,94.25,90.25,90.25,72.98721313476562,3226400
2013-02-22,90.5,92.5,90.5,90.75,73.3915786743164,1157600
2013-02-26,91.25,94.0,90.75,90.75,73.3915786743164,1912800
2013-02-27,91.75,92.0,88.25,88.5,71.57195281982422,1937400
2013-02-28,89.75,89.75,85.75,87.5,70.76322174072266,1870800
2013-03-01,87.75,89.25,87.0,87.75,70.96541595458984,1361400
2013-03-04,87.5,88.25,87.0,87.5,70.76322174072266,1147900
2013-03-05,87.0,87.5,86.0,86.0,70.51724243164062,1090000
2013-03-06,86.5,87.25,86.0,86.75,71.13220977783203,1341100
2013-03-07,87.5,89.75,87.25,89.75,73.59211730957031,1202900
2013-03-08,90.5,90.75,89.25,90.5,74.20709991455078,1314000
2013-03-11,90.75,92.5,90.5,91.0,74.61709594726562,1421100
2013-03-12,91.0,91.5,89.25,89.75,73.59211730957031,555200
2013-03-13,89.5,91.0,88.5,90.25,74.0020980834961,607200
2013-03-14,89.75,90.75,89.25,90.75,74.41209411621094,558700
2013-03-15,91.0,92.0,90.75,91.5,75.0270767211914,1153700
2013-03-18,90.75,91.25,89.75,90.0,73.7970962524414,609300
2013-03-19,89.5,90.5,87.0,88.0,72.15717315673828,1023200
2013-03-20,87.25,87.5,85.0,86.0,70.51724243164062,1249000
2013-03-21,85.5,86.25,84.75,86.0,70.51724243164062,670500
2013-03-22,85.0,85.25,77.75,85.25,69.90227508544922,1983100
2013-03-25,83.0,85.5,83.0,85.0,69.69728088378906,866000
2013-03-26,84.5,85.25,84.0,85.0,69.69728088378906,431200
2013-03-27,85.25,85.75,84.75,85.5,70.1072769165039,984800
2013-03-28,85.5,87.25,84.75,86.0,70.51724243164062,1128900
2013-03-29,86.0,86.5,85.25,85.75,70.31224060058594,253100
2013-04-01,86.0,86.0,83.75,85.25,69.90227508544922,594100
2013-04-02,84.75,85.0,83.75,83.75,68.67232513427734,626500
2013-04-03,83.75,84.25,83.0,83.0,68.05733489990234,477700
2013-04-04,82.0,83.0,80.75,82.75,67.85234069824219,612200
2013-04-05,82.25,82.25,80.25,80.25,65.80242156982422,758600
2013-04-09,80.0,80.75,78.0,78.75,64.57247924804688,855900
2013-04-10,78.75,81.5,78.0,81.5,66.827392578125,884500
2013-04-11,82.0,82.75,81.0,82.75,67.85234069824219,574700
2013-04-12,82.5,82.75,82.0,82.75,67.85234069824219,410200
2013-04-17,84.0,84.0,81.0,81.0,66.41741180419922,588700
2013-04-18,81.0,81.75,80.0,81.75,67.0323715209961,347400
2013-04-19,80.5,82.25,80.5,82.0,67.23737335205078,422800
2013-04-22,82.0,84.0,81.25,83.5,68.46731567382812,432800
2013-04-23,84.0,85.5,84.0,84.75,69.4922866821289,1253500
2013-04-24,85.0,85.5,83.75,84.0,68.8773193359375,472200
2013-04-25,84.25,85.5,84.0,85.0,69.69728088378906,431900
2013-04-26,85.5,85.75,84.25,84.25,69.0822982788086,556800
2013-04-29,84.25,84.25,82.25,82.5,67.64734649658203,35800
2013-04-30,83.0,83.75,82.0,82.25,67.44235229492188,1017700
2013-05-02,82.0,82.75,81.75,82.75,67.85234069824219,1495900
2013-05-03,82.75,82.75,80.0,80.5,66.00743103027344,1691100
2013-05-07,80.75,82.25,80.25,82.25,67.44235229492188,502500
2013-05-08,83.75,83.75,83.0,83.5,68.46731567382812,485400
2013-05-09,84.0,85.5,83.5,85.0,69.69728088378906,1051400
2013-05-10,84.75,86.75,84.5,86.5,70.9272232055664,1123600
2013-05-13,87.5,87.5,86.5,87.0,71.33721160888672,1280500
2013-05-14,87.25,87.75,87.0,87.25,71.54219818115234,839900
2013-05-15,87.5,87.75,86.75,87.0,71.33721160888672,499800
2013-05-16,87.75,87.75,86.0,86.25,70.72222137451172,848000
2013-05-17,86.25,87.25,85.75,86.5,70.9272232055664,531200
2013-05-20,87.0,87.25,86.75,87.0,71.33721160888672,518600
2013-05-21,87.25,87.75,86.25,86.25,70.72222137451172,1395100
2013-05-22,86.5,90.0,86.5,87.0,71.33721160888672,1726300
2013-05-23,88.5,88.5,84.0,86.25,70.72222137451172,1274600
2013-05-27,86.25,86.75,85.25,86.0,70.51724243164062,664300
2013-05-28,86.0,86.5,85.5,86.25,70.72222137451172,977700
2013-05-29,86.0,86.0,84.25,84.5,69.28730773925781,596200
2013-05-30,83.75,85.0,83.5,84.0,68.8773193359375,533600
2013-05-31,83.0,84.0,82.75,83.0,68.05733489990234,706100
2013-06-03,82.0,83.5,81.25,81.25,66.62238311767578,601300
2013-06-04,81.0,84.0,81.0,83.75,68.67232513427734,837200
2013-06-05,84.25,84.25,82.25,82.5,67.64734649658203,654800
2013-06-06,81.5,82.75,80.75,80.75,66.21240234375,1417100
2013-06-07,80.5,82.0,80.0,81.5,66.827392578125,530800
2013-06-10,82.0,82.5,81.5,82.0,67.23737335205078,259300
2013-06-11,80.5,81.0,78.0,79.5,65.18745422363281,879500
2013-06-12,77.5,79.0,76.0,76.5,62.727542877197266,1103500
2013-06-13,71.75,77.25,70.5,74.25,60.88262176513672,983900
2013-06-14,77.0,77.75,75.5,77.75,63.752498626708984,574000
2013-06-17,79.0,79.0,77.0,78.0,63.95751953125,340600
2013-06-18,78.0,79.5,76.25,76.25,62.522552490234375,472800
2013-06-19,79.0,79.0,76.25,79.0,64.77748107910156,416200
2013-06-20,75.0,76.75,75.0,75.5,61.9075813293457,1016700
2013-06-21,72.0,75.0,72.0,74.75,61.292598724365234,562200
2013-06-24,72.5,73.75,72.5,73.75,60.47263717651367,663000
2013-06-25,73.5,74.0,71.5,74.0,60.677616119384766,648700
2013-06-26,74.0,75.5,74.0,75.5,61.9075813293457,636400
2013-06-27,76.25,78.5,76.25,78.0,63.95751953125,933200
2013-06-28,78.75,79.0,76.75,76.75,62.93252944946289,509600
2013-07-02,77.0,78.75,77.0,78.5,64.36749267578125,663400
2013-07-03,78.0,78.0,75.5,76.0,62.31756591796875,1519500
2013-07-04,76.25,77.75,75.0,76.75,62.93252944946289,798900
2013-07-05,76.75,76.75,74.0,74.5,61.08761215209961,610200
2013-07-08,73.0,73.75,72.5,72.75,59.65266799926758,526600
2013-07-09,72.75,73.75,72.25,73.0,59.8576545715332,436300
2013-07-10,72.5,73.0,71.75,72.25,59.24269485473633,803500
2013-07-11,73.25,75.25,73.0,74.25,60.88262176513672,1148600
2013-07-12,75.5,75.5,74.0,75.0,61.497589111328125,527300
2013-07-15,76.0,76.0,74.25,74.75,61.292598724365234,544400
2013-07-16,74.0,75.0,73.25,75.0,61.497589111328125,725700
2013-07-17,76.0,76.25,74.5,74.5,61.08761215209961,816100
2013-07-18,74.5,78.0,74.5,78.0,63.95751953125,1009600
2013-07-19,77.0,78.75,75.75,78.0,63.95751953125,1519800
2013-07-23,82.0,82.25,80.25,82.0,67.23737335205078,1096700
2013-07-24,82.0,83.5,81.75,82.75,67.85234069824219,1852900
2013-07-25,83.5,87.5,82.75,84.75,69.4922866821289,3558800
2013-07-26,86.0,88.5,84.5,87.0,71.33721160888672,3026900
2013-07-29,87.0,87.25,85.25,85.75,70.31224060058594,904400
2013-07-30,84.25,86.0,83.5,83.75,68.67232513427734,666000
2013-07-31,83.0,83.5,80.5,81.25,66.62238311767578,642700
2013-08-01,81.75,85.5,81.75,85.5,70.1072769165039,514400
2013-08-02,85.5,85.5,80.5,82.5,67.64734649658203,878200
2013-08-05,82.75,87.0,82.75,87.0,71.33721160888672,1429000
2013-08-06,87.25,87.25,85.25,86.0,70.51724243164062,816500
2013-08-07,87.0,88.75,85.5,88.25,72.36217498779297,2382000
2013-08-08,88.75,89.0,87.5,88.0,72.15717315673828,544300
2013-08-09,87.5,90.25,87.25,88.5,72.56715393066406,1334300
2013-08-13,90.0,91.0,89.75,90.75,74.41209411621094,928200
2013-08-14,91.0,91.0,88.0,89.75,73.59211730957031,358400
2013-08-15,90.0,90.5,87.5,88.75,72.77216339111328,574000
2013-08-16,90.5,90.5,89.25,89.75,73.59211730957031,1106800
2013-08-19,89.75,90.25,88.25,89.0,72.97714233398438,972600
2013-08-20,88.0,88.25,84.5,85.0,69.69728088378906,1160900
2013-08-21,85.0,86.75,84.25,85.0,69.69728088378906,750700
2013-08-22,84.75,84.75,82.5,83.75,68.67232513427734,903600
2013-08-23,85.0,86.0,83.75,84.25,69.0822982788086,765800
2013-08-26,83.0,86.0,82.0,85.5,70.69464111328125,591200
2013-08-27,84.5,84.5,80.5,81.0,66.97386169433594,683100
2013-08-28,80.0,80.5,78.0,80.0,66.14701843261719,506900
2013-08-29,80.0,80.0,74.0,76.0,62.839683532714844,1808300
2013-08-30,76.25,78.0,75.5,78.0,64.49335479736328,917500
2013-09-02,80.0,80.0,78.0,79.25,65.52688598632812,489000
2013-09-03,78.5,80.0,78.0,78.5,64.90677642822266,527500
2013-09-04,79.0,79.25,78.0,78.5,64.90677642822266,330600
2013-09-05,79.0,79.25,77.75,78.0,64.49335479736328,308800
2013-09-06,79.0,79.25,78.0,78.75,65.11345672607422,388900
2013-09-09,78.5,80.5,78.5,79.75,65.94029998779297,621000
2013-09-10,82.0,83.0,80.5,83.0,68.6275405883789,935600
2013-09-11,83.75,85.0,82.75,85.0,70.28121185302734,568100
2013-09-12,86.0,86.5,83.25,83.25,68.83423614501953,387100
2013-09-13,83.25,84.25,82.0,82.0,67.80070495605469,424600
2013-09-16,85.5,86.0,83.75,84.75,70.07450103759766,291600
2013-09-17,85.5,86.0,84.5,84.5,69.8677978515625,499800
2013-09-18,85.5,85.5,83.25,83.75,69.2476577758789,582500
2013-09-19,85.5,89.0,85.5,88.0,72.76171112060547,1750600
2013-09-20,88.0,88.0,86.25,87.5,72.34829711914062,561000
2013-09-23,88.5,88.5,83.5,83.5,69.04095458984375,746800
2013-09-24,85.0,85.25,83.75,84.0,69.45438385009766,670000
2013-09-25,83.75,85.5,83.75,85.5,70.69464111328125,415400
2013-09-26,86.0,86.5,84.75,84.75,70.07450103759766,2015300
2013-09-27,86.0,86.25,84.5,84.5,69.8677978515625,551000
2013-09-30,84.5,84.5,81.25,82.0,67.80070495605469,681200
2013-10-01,82.5,87.5,82.25,87.5,72.34829711914062,950700
2013-10-02,88.0,88.25,86.75,86.75,71.7281723022461,824000
2013-10-03,88.0,89.25,87.5,87.5,72.34829711914062,1010900
2013-10-04,87.75,88.5,87.0,88.0,72.76171112060547,557600
2013-10-07,86.75,87.75,85.75,86.0,71.10804748535156,430500
2013-10-08,85.25,88.75,85.25,88.5,73.17513275146484,700100
2013-10-09,88.0,88.5,86.75,88.5,73.17513275146484,356200
2013-10-10,88.5,89.0,87.25,88.0,72.76171112060547,868000
2013-10-11,89.0,89.5,88.5,89.0,73.58856201171875,376000
2013-10-14,89.0,89.25,87.25,89.25,73.79528045654297,364600
2013-10-15,89.5,90.25,89.0,89.5,74.0019760131836,1011500
2013-10-16,88.5,90.25,87.5,87.5,72.34829711914062,319900
2013-10-17,87.25,90.0,87.25,88.5,73.17513275146484,800200
2013-10-18,90.5,92.0,89.25,91.25,75.4489517211914,992900
2013-10-21,92.5,92.75,88.0,88.75,73.38185119628906,690000
2013-10-22,89.0,89.5,87.75,88.5,73.17513275146484,545900
2013-10-24,88.75,89.5,85.25,89.5,74.0019760131836,615900
2013-10-25,88.75,88.75,87.75,87.75,72.55501556396484,728400
2013-10-28,87.75,88.5,85.75,87.0,71.93487548828125,441300
2013-10-29,87.25,87.75,86.5,87.5,72.34829711914062,551900
2013-10-30,87.25,87.5,86.25,87.25,72.14160919189453,499100
2013-10-31,87.25,87.75,86.5,87.0,71.93487548828125,466900
2013-11-01,87.0,90.0,86.5,89.5,74.0019760131836,875700
2013-11-04,89.0,89.0,86.25,87.25,72.14160919189453,492000
2013-11-05,87.5,87.75,87.0,87.5,72.34829711914062,553600
2013-11-06,87.5,94.5,87.0,90.5,74.82882690429688,1180200
2013-11-07,92.5,92.75,88.25,88.75,73.38185119628906,679200
2013-11-08,89.75,90.0,87.5,88.75,73.38185119628906,308800
2013-11-11,87.5,91.25,86.75,90.75,75.03551483154297,615600
2013-11-12,91.5,91.75,89.75,90.25,74.62210845947266,314500
2013-11-13,89.5,91.0,89.5,90.75,75.03551483154297,439600
2013-11-14,91.5,93.0,90.0,93.0,76.89591217041016,440200
2013-11-15,94.0,94.0,92.5,93.25,77.10263061523438,367500
2013-11-18,93.5,94.0,91.25,91.25,75.4489517211914,331800
2013-11-19,91.75,93.0,91.5,92.25,76.27576446533203,239100
2013-11-20,92.75,94.0,92.0,92.25,76.27576446533203,535200
2013-11-21,91.75,91.75,90.75,91.0,75.24224090576172,629900
2013-11-22,89.75,92.0,89.75,90.75,75.03551483154297,465200
2013-11-25,92.0,92.0,90.75,91.25,75.4489517211914,236700
2013-11-26,91.25,91.25,89.0,89.0,73.58856201171875,857600
2013-11-27,88.75,90.5,88.25,90.5,74.82882690429688,658000
2013-11-28,91.0,91.0,88.75,89.5,74.0019760131836,318600
2013-11-29,89.0,90.0,89.0,90.0,74.41541290283203,161000
2013-12-02,90.0,91.0,89.0,91.0,75.24224090576172,402000
2013-12-03,90.5,90.75,89.5,90.0,74.41541290283203,618400
2013-12-04,90.5,90.5,89.75,90.0,74.41541290283203,561800
2013-12-06,88.75,89.75,87.75,89.0,73.58856201171875,495800
2013-12-09,88.25,90.0,87.75,90.0,74.41541290283203,345700
2013-12-11,90.0,90.0,88.75,90.0,74.41541290283203,425200
2013-12-12,88.5,89.25,88.0,88.25,72.96845245361328,253900
2013-12-13,87.5,88.75,87.5,88.0,72.76171112060547,345800
2013-12-16,87.0,88.0,86.0,87.0,71.93487548828125,592400
2013-12-17,88.0,88.0,86.5,86.5,71.52146911621094,608900
2013-12-18,87.0,88.0,86.75,87.75,72.55501556396484,205200
2013-12-19,89.5,89.5,86.0,86.5,71.52146911621094,528600
2013-12-20,86.75,87.0,85.75,87.0,71.93487548828125,343700
2013-12-23,86.0,86.75,85.5,86.5,71.52146911621094,344100
2013-12-24,85.75,87.0,85.5,87.0,71.93487548828125,344900
2013-12-25,86.25,87.0,86.25,87.0,71.93487548828125,66100
2013-12-26,87.0,87.0,84.75,84.75,70.07450103759766,343700
2013-12-27,84.5,87.75,82.5,87.75,72.55501556396484,1669100
2014-01-02,86.0,87.75,83.25,83.5,69.04095458984375,796700
2014-01-03,82.0,86.0,82.0,85.0,70.28121185302734,1055600
2014-01-06,85.0,85.25,82.0,84.0,69.45438385009766,930900
2014-01-07,82.25,84.25,82.25,83.25,68.83423614501953,781400
2014-01-08,84.0,84.25,82.0,82.0,67.80070495605469,739500
2014-01-09,83.75,84.25,83.0,83.0,68.6275405883789,659100
2014-01-10,83.0,87.0,82.5,87.0,71.93487548828125,946000
2014-01-13,87.0,87.5,84.75,87.5,72.34829711914062,498500
2014-01-14,87.75,87.75,86.5,87.0,71.93487548828125,193100
2014-01-15,86.0,87.0,84.0,84.0,69.45438385009766,448700
2014-01-16,84.5,86.0,84.5,86.0,71.10804748535156,308900
2014-01-17,87.0,87.25,85.25,86.0,71.10804748535156,452800
2014-01-20,86.25,87.0,85.25,85.25,70.48792266845703,235200
2014-01-21,85.25,86.5,84.75,85.0,70.28121185302734,1304200
2014-01-22,84.25,85.25,84.0,84.25,69.66107940673828,616000
2014-01-23,85.0,85.25,83.5,84.5,69.8677978515625,854100
2014-01-24,84.5,84.75,83.5,83.75,69.2476577758789,987300
2014-01-27,82.0,83.5,81.25,82.75,68.42082214355469,1735600
2014-01-28,81.75,82.75,81.75,82.75,68.42082214355469,637200
2014-01-29,82.75,83.5,82.25,83.25,68.83423614501953,661800
2014-01-30,82.0,83.0,82.0,83.0,68.6275405883789,258200
2014-01-31,82.5,84.25,82.5,84.0,69.45438385009766,573900
2014-02-03,84.75,85.0,84.0,84.75,70.07450103759766,985100
2014-02-04,84.0,84.25,83.5,83.75,69.2476577758789,352900
2014-02-05,83.5,83.75,82.25,82.75,68.42082214355469,609200
2014-02-06,83.75,84.75,83.75,84.5,69.8677978515625,627200
2014-02-07,85.25,85.25,84.0,84.5,69.8677978515625,322900
2014-02-10,84.75,85.0,84.25,84.75,70.07450103759766,377800
2014-02-11,84.75,84.75,84.0,84.5,69.8677978515625,207400
2014-02-12,84.5,87.0,84.25,87.0,71.93487548828125,564900
2014-02-13,86.0,86.75,85.5,86.25,71.31477355957031,216600
2014-02-17,87.0,87.75,86.75,87.75,72.55501556396484,327200
2014-02-18,88.75,89.5,87.5,89.0,73.58856201171875,854300
2014-02-19,88.25,88.5,86.5,86.75,71.7281723022461,370500
2014-02-20,86.0,86.25,85.25,85.25,70.48792266845703,433000
2014-02-21,84.5,85.75,84.25,85.75,70.90133666992188,1224500
2014-02-24,85.75,87.25,85.5,87.25,72.14160919189453,634100
2014-02-25,87.75,87.75,85.5,87.25,72.14160919189453,417400
2014-02-26,86.25,88.25,86.25,88.0,72.76171112060547,590400
2014-02-27,88.0,89.75,87.5,89.25,73.79528045654297,820400
2014-02-28,89.5,89.5,88.5,89.0,73.58856201171875,710500
2014-03-03,89.5,89.75,89.0,89.5,74.0019760131836,866200
2014-03-04,90.0,90.25,89.25,89.75,75.21720123291016,753200
2014-03-05,89.75,90.25,89.5,89.75,75.21720123291016,163900
2014-03-06,90.0,90.75,89.75,90.5,75.84574890136719,793800
2014-03-07,91.0,91.0,90.0,90.75,76.05525970458984,396600
2014-03-10,90.75,90.75,88.25,90.0,75.42669677734375,259800
2014-03-11,89.25,90.0,89.0,89.75,75.21720123291016,514300
2014-03-12,89.75,90.0,88.0,90.0,75.42669677734375,475400
2014-03-13,89.5,90.0,89.0,89.5,75.0076675415039,467100
2014-03-14,90.0,90.0,88.5,89.5,75.0076675415039,319900
2014-03-17,89.5,90.0,89.0,89.25,74.79814147949219,351200
2014-03-18,89.25,89.25,88.5,88.5,74.16959381103516,552200
2014-03-19,89.75,90.5,89.5,89.5,75.0076675415039,730300
2014-03-20,89.25,89.5,88.25,88.5,74.16959381103516,658500
2014-03-21,88.75,89.25,88.0,89.25,74.79814147949219,509700
2014-03-24,89.5,91.0,88.75,90.5,75.84574890136719,539100
2014-03-25,90.5,90.5,89.0,90.25,75.63622283935547,286900
2014-03-26,90.75,91.0,89.5,90.5,75.84574890136719,414100
2014-03-27,90.5,92.0,90.5,92.0,77.10285949707031,424700
2014-03-28,92.75,97.5,90.75,95.75,80.24563598632812,1411200
2014-03-31,97.0,98.0,96.25,96.25,80.6646728515625,833500
2014-04-01,96.25,98.0,95.75,97.25,81.50275421142578,493400
2014-04-02,97.25,97.25,95.75,96.5,80.87420654296875,402400
2014-04-03,95.5,97.0,95.0,97.0,81.29322814941406,441600
2014-04-04,96.75,100.5,96.5,100.0,83.80746459960938,890100
2014-04-08,99.0,101.0,98.75,99.0,82.96939849853516,856900
2014-04-09,100.5,100.5,99.0,99.0,82.96939849853516,268000
2014-04-10,99.75,99.75,98.75,98.75,82.75985717773438,219100
2014-04-11,98.5,99.0,97.75,98.5,82.55033111572266,363200
2014-04-16,98.25,102.5,98.0,99.75,83.59793090820312,1054900
2014-04-17,99.75,100.0,99.0,99.75,83.59793090820312,454200
2014-04-18,99.75,100.0,99.0,99.0,82.96939849853516,125800
2014-04-21,99.0,100.5,99.0,100.0,83.80746459960938,150300
2014-04-22,100.0,100.5,97.25,98.0,82.13130950927734,317000
2014-04-23,97.5,99.5,97.5,97.75,81.92176818847656,777200
2014-04-24,97.75,98.25,97.25,97.25,81.50275421142578,363800
2014-04-25,97.5,99.5,97.25,98.5,82.55033111572266,493800
2014-04-28,99.25,99.5,97.5,97.5,81.71226501464844,22600
2014-04-29,97.75,98.5,97.25,97.5,81.71226501464844,865900
2014-04-30,97.25,98.75,97.25,98.0,82.13130950927734,207900
2014-05-02,98.25,104.5,98.0,104.0,87.15975189208984,1329400
2014-05-06,104.5,105.5,99.5,99.75,83.59793090820312,979400
2014-05-07,99.0,102.5,99.0,101.0,84.64553833007812,817000
2014-05-08,101.0,101.5,99.0,99.5,83.38842010498047,534300
2014-05-09,99.25,102.0,99.25,100.5,84.22649383544922,563900
2014-05-12,101.5,103.0,100.5,102.0,85.48359680175781,438400
2014-05-14,101.5,102.5,100.5,101.5,85.06455993652344,490200
2014-05-15,105.5,112.0,105.5,112.0,93.86434936523438,4954400
2014-05-16,111.5,111.5,109.0,110.0,92.18820190429688,2274300
2014-05-19,110.0,111.0,108.5,110.0,92.18820190429688,3183400
2014-05-20,109.0,110.5,108.0,109.0,91.35011291503906,1607300
2014-05-21,109.0,109.5,108.5,109.0,91.35011291503906,1483400
2014-05-22,109.5,113.0,109.5,113.0,94.70242309570312,4820300
2014-05-23,111.0,113.5,110.0,113.5,95.12147521972656,1633200
2014-05-26,113.0,118.0,111.5,113.0,94.70242309570312,1738600
2014-05-27,114.0,115.0,112.0,115.0,96.37857055664062,1546400
2014-05-28,114.0,114.5,111.0,112.0,93.86434936523438,2315300
2014-05-29,112.5,113.5,112.0,112.5,94.28338623046875,2253200
2014-05-30,113.0,116.0,109.5,114.0,95.54048919677734,24203300
2014-06-02,113.0,113.0,111.5,112.5,94.28338623046875,1297300
2014-06-03,114.0,114.0,112.5,114.0,95.54048919677734,1003600
2014-06-04,114.5,115.0,113.5,115.0,96.37857055664062,717300
2014-06-05,114.5,115.0,114.0,115.0,96.37857055664062,462400
2014-06-06,116.0,119.0,115.5,118.0,98.8927993774414,829600
2014-06-09,119.5,119.5,117.0,119.0,99.73087310791016,529100
2014-06-10,119.5,123.5,119.0,123.5,103.50221252441406,1347600
2014-06-11,121.5,122.5,117.5,119.5,100.14990997314453,1422300
2014-06-12,118.0,120.0,117.5,118.0,98.8927993774414,345200
2014-06-13,119.0,119.0,115.5,117.0,98.05473327636719,693800
2014-06-16,116.5,119.0,116.0,118.0,98.8927993774414,415600
2014-06-17,118.0,118.0,115.5,117.0,98.05473327636719,889000
2014-06-18,118.0,118.0,116.0,118.0,98.8927993774414,424500
2014-06-19,117.0,118.5,116.0,117.0,98.05473327636719,435100
2014-06-20,116.5,116.5,114.0,114.5,95.95953369140625,1324400
2014-06-23,114.5,115.0,113.5,114.0,95.54048919677734,595000
2014-06-24,114.0,114.0,112.5,113.5,95.12147521972656,578800
2014-06-25,114.0,115.5,113.5,114.5,95.95953369140625,881000
2014-06-26,115.0,115.5,114.5,115.0,96.37857055664062,573200
2014-06-27,115.0,117.5,114.0,116.0,97.2166519165039,1159200
2014-06-30,117.0,117.0,114.0,117.0,98.05473327636719,1075200
2014-07-02,116.5,116.5,114.5,115.5,96.797607421875,475700
2014-07-03,115.5,115.5,114.0,114.0,95.54048919677734,522800
2014-07-04,114.5,115.5,113.5,115.0,96.37857055664062,363000
2014-07-07,115.5,116.0,114.0,116.0,97.2166519165039,289400
2014-07-08,116.0,116.0,115.0,115.5,96.797607421875,432000
2014-07-09,115.5,115.5,114.0,114.5,95.95953369140625,434300
2014-07-10,114.5,114.5,114.0,114.0,95.54048919677734,348900
2014-07-14,115.0,116.0,114.0,115.0,96.37857055664062,859700
2014-07-15,115.5,117.0,115.5,117.0,98.05473327636719,829400
2014-07-16,116.5,118.5,115.5,117.0,98.05473327636719,1178900
2014-07-17,116.0,116.0,114.5,115.5,96.797607421875,958500
2014-07-18,115.0,115.5,114.5,115.0,96.37857055664062,620200
2014-07-21,114.5,116.5,114.5,116.0,97.2166519165039,342200
2014-07-22,116.0,117.0,114.5,115.0,96.37857055664062,715500
2014-07-23,115.0,116.5,115.0,116.5,97.63568878173828,420700
2014-07-24,117.0,119.0,116.5,118.0,98.8927993774414,918500
2014-07-25,118.5,122.0,117.0,122.0,102.24508666992188,1348300
2014-07-28,123.0,125.0,122.0,122.0,102.24508666992188,923600
2014-07-29,122.0,122.5,120.0,120.0,100.5689468383789,409100
2014-07-30,120.0,121.5,117.5,119.5,100.14990997314453,503500
2014-07-31,118.0,120.5,117.0,120.5,100.98798370361328,524200
2014-08-01,119.0,124.5,119.0,124.5,104.34029388427734,1146500
2014-08-04,123.0,124.0,121.0,122.5,102.66413879394531,710600
2014-08-05,123.5,125.0,121.0,122.0,102.24508666992188,1487300
2014-08-06,122.5,129.5,122.0,128.0,107.2735366821289,759900
2014-08-07,130.0,130.0,124.5,126.0,105.5973892211914,744200
2014-08-08,125.5,129.5,125.0,127.0,106.43545532226562,443400
2014-08-13,132.0,134.0,129.0,134.0,112.30199432373047,1685800
2014-08-14,135.5,137.0,132.0,133.5,111.88294219970703,829200
2014-08-15,133.5,136.0,132.5,133.0,111.46391296386719,501200
2014-08-18,133.0,133.0,131.5,132.0,110.6258316040039,682500
2014-08-19,133.5,134.0,130.0,130.5,109.36871337890625,688900
2014-08-20,131.0,134.0,130.5,134.0,112.30199432373047,603600
2014-08-21,133.5,133.5,132.5,132.5,111.04488372802734,300600
2014-08-22,132.5,134.5,132.0,133.0,111.46391296386719,345900
2014-08-25,132.5,135.0,132.0,135.0,113.14006042480469,436400
2014-08-26,134.5,136.5,134.0,135.5,114.15098571777344,476700
2014-08-27,135.0,136.5,134.5,136.5,114.99344635009766,497500
2014-08-28,136.5,136.5,134.5,135.5,114.15098571777344,401700
2014-08-29,134.0,136.0,134.0,135.0,113.72977447509766,674500
2014-09-01,136.0,142.0,136.0,140.0,117.94198608398438,866800
2014-09-02,139.0,140.0,138.5,139.0,117.09954833984375,763500
2014-09-03,139.5,142.5,139.0,142.5,120.04808807373047,1017800
2014-09-04,141.5,142.5,141.0,141.5,119.20564270019531,632300
2014-09-05,141.5,143.5,141.0,142.0,119.6268539428711,587600
2014-09-08,142.0,142.5,139.0,139.0,117.09954833984375,611800
2014-09-09,138.0,139.0,134.0,134.0,112.88734436035156,968700
2014-09-10,132.5,133.0,130.0,131.0,110.35999298095703,1001900
2014-09-11,131.0,134.0,131.0,132.5,111.62367248535156,505500
2014-09-12,133.5,134.0,132.0,132.0,111.20243835449219,466900
2014-09-15,133.0,134.0,131.5,131.5,110.78123474121094,325000
2014-09-16,132.0,133.0,126.0,126.5,106.56900024414062,738700
2014-09-17,127.5,132.0,127.5,132.0,111.20243835449219,750300
2014-09-18,133.0,134.0,132.0,134.0,112.88734436035156,482500
2014-09-19,134.5,135.0,130.0,130.0,109.51756286621094,724100
2014-09-22,130.5,132.0,129.5,129.5,109.09632873535156,552400
2014-09-23,130.0,132.0,129.5,131.0,110.35999298095703,362800
2014-09-24,130.5,131.0,129.5,130.5,109.93878173828125,407600
2014-09-25,131.0,132.5,131.0,132.5,111.62367248535156,564100
2014-09-26,133.5,137.0,131.5,136.0,114.57221221923828,653400
2014-09-29,137.0,138.0,132.5,135.5,114.15098571777344,808300
2014-09-30,134.0,135.5,132.0,132.0,111.20243835449219,474400
2014-10-01,132.5,134.0,131.5,131.5,110.78123474121094,476900
2014-10-02,131.0,131.5,130.0,131.0,110.35999298095703,502600
2014-10-03,129.0,130.0,126.5,128.0,107.83267211914062,1852400
2014-10-06,126.5,128.0,120.0,121.0,101.93558502197266,2604600
2014-10-07,122.0,125.0,121.5,123.0,103.6204833984375,1024300
2014-10-08,121.0,123.5,121.0,121.0,101.93558502197266,904800
2014-10-09,123.0,128.5,122.5,128.5,108.25389099121094,2247900
2014-10-10,127.0,128.5,126.0,128.0,107.83267211914062,1259300
2014-10-13,127.0,130.0,126.5,128.0,107.83267211914062,1180800
2014-10-14,129.5,130.5,127.0,128.0,107.83267211914062,1011100
2014-10-15,128.5,131.0,128.0,128.5,108.25389099121094,756500
2014-10-16,128.0,128.5,125.0,125.0,105.30534362792969,576300
2014-10-17,125.5,126.5,124.5,126.0,106.14778137207031,1142200
2014-10-20,126.5,127.5,125.0,125.0,105.30534362792969,254400
2014-10-21,125.0,125.5,123.5,125.0,105.30534362792969,498700
2014-10-22,125.0,128.0,124.5,128.0,107.83267211914062,629800
2014-10-24,128.0,129.5,127.5,129.0,108.67511749267578,431100
2014-10-27,128.0,129.5,127.0,128.0,107.83267211914062,151900
2014-10-28,128.0,128.5,127.0,128.5,108.25389099121094,163900
2014-10-29,129.5,133.5,129.0,131.5,110.78123474121094,91800
2014-10-30,133.0,133.0,130.0,131.0,110.35999298095703,301200
2014-10-31,132.0,134.0,132.0,133.0,112.0448989868164,824000
2014-11-03,136.0,136.0,133.0,133.0,112.0448989868164,1037100
2014-11-04,134.5,137.0,134.0,137.0,115.41466522216797,918000
2014-11-05,137.5,138.5,134.5,137.0,115.41466522216797,579000
2014-11-06,136.5,138.0,136.0,137.0,115.41466522216797,324900
2014-11-07,137.0,137.0,134.0,136.5,114.99344635009766,391800
2014-11-10,136.5,138.0,133.0,135.5,114.15098571777344,340900
2014-11-11,136.0,138.0,135.5,135.5,114.15098571777344,304000
2014-11-12,135.5,136.0,133.5,134.0,112.88734436035156,203700
2014-11-13,134.5,135.5,131.0,135.0,113.72977447509766,470100
2014-11-14,136.0,137.5,135.0,135.0,113.72977447509766,238700
2014-11-17,135.5,135.5,133.0,133.0,112.0448989868164,356800
2014-11-18,133.0,136.5,133.0,136.0,114.57221221923828,595000
2014-11-19,136.0,137.0,134.5,137.0,115.41466522216797,289900
2014-11-20,137.0,137.0,133.5,134.5,113.30854034423828,234600
2014-11-21,134.5,136.5,134.0,134.0,112.88734436035156,436500
2014-11-24,136.5,139.0,136.5,137.5,115.83589172363281,766300
2014-11-25,139.0,143.5,139.0,143.5,120.89051818847656,2355900
2014-11-26,144.0,151.0,143.5,150.0,126.36642456054688,1007500
2014-11-27,150.0,150.0,145.0,146.5,123.4178695678711,807900
2014-11-28,146.0,148.0,144.5,146.5,123.4178695678711,290300
2014-12-01,147.5,149.0,145.0,148.0,124.6815185546875,409700
2014-12-02,148.0,148.5,146.0,147.5,124.26033020019531,604300
2014-12-03,147.5,150.0,146.5,150.0,126.36642456054688,394100
2014-12-04,150.5,154.5,149.5,152.5,128.4724884033203,546100
2014-12-08,154.0,154.0,147.0,150.0,126.36642456054688,610200
2014-12-09,148.0,150.0,141.0,142.5,120.04808807373047,775500
2014-12-11,144.0,145.5,138.0,139.5,117.5207290649414,1071800
2014-12-12,139.5,143.5,138.5,143.5,120.89051818847656,601800
2014-12-15,142.5,142.5,121.0,142.0,119.6268539428711,1796300
2014-12-16,135.5,142.5,131.5,140.0,117.94198608398438,1351700
2014-12-17,139.0,143.0,139.0,141.5,119.20564270019531,645900
2014-12-18,143.0,145.0,143.0,145.0,122.15419006347656,553800
2014-12-19,147.5,148.5,145.5,146.5,123.4178695678711,990400
2014-12-22,147.5,149.0,147.0,149.0,125.52396392822266,584000
2014-12-23,149.5,151.0,148.0,150.5,126.78765106201172,302200
2014-12-24,150.5,150.5,146.5,147.5,124.26033020019531,202900
2014-12-25,146.0,148.0,142.0,145.0,122.15419006347656,200400
2014-12-26,146.0,146.0,141.5,144.5,121.73297882080078,294300
2014-12-29,146.5,146.5,139.5,142.5,120.04808807373047,261900
2014-12-30,143.0,143.0,140.0,141.0,118.78441619873047,443900
2015-01-05,137.0,139.0,137.0,138.5,116.6783218383789,569200
2015-01-06,137.5,139.5,137.0,139.5,117.5207290649414,399500
2015-01-07,140.5,140.5,138.0,139.5,117.5207290649414,434500
2015-01-08,141.0,141.5,139.5,140.5,118.36323547363281,257500
2015-01-09,141.5,141.5,138.5,138.5,116.6783218383789,694000
2015-01-12,141.0,141.0,139.5,139.5,117.5207290649414,404400
2015-01-13,139.5,140.5,138.0,139.5,117.5207290649414,624900
2015-01-14,141.0,141.5,138.5,138.5,116.6783218383789,702100
2015-01-15,141.0,141.0,138.0,139.0,117.09954833984375,528700
2015-01-16,138.0,142.0,137.5,140.0,117.94198608398438,793200
2015-01-19,140.5,143.0,139.0,143.0,120.46934509277344,713400
2015-01-20,144.0,147.0,143.5,146.5,123.4178695678711,744300
2015-01-21,147.5,148.0,145.5,147.5,124.26033020019531,463400
2015-01-22,150.0,150.0,148.5,150.0,126.36642456054688,531200
2015-01-23,150.0,160.0,149.0,159.5,134.36959838867188,1098400
2015-01-26,160.0,164.5,160.0,164.5,138.5818328857422,676800
2015-01-27,163.5,163.5,157.0,159.0,133.94837951660156,485000
2015-01-28,159.0,162.5,157.5,159.5,134.36959838867188,423600
2015-01-29,161.0,164.0,159.0,160.5,135.21205139160156,706700
2015-01-30,160.5,161.5,155.0,156.0,131.42111206054688,729100
2015-02-02,157.0,158.5,155.0,158.0,133.10592651367188,642800
2015-02-03,159.0,160.0,158.5,159.0,133.94837951660156,305100
2015-02-04,161.0,162.0,159.0,159.5,134.36959838867188,422000
2015-02-05,158.0,160.0,156.0,157.0,132.26351928710938,910500
2015-02-06,157.0,160.5,157.0,158.0,133.10592651367188,706100
2015-02-09,158.0,158.5,155.0,155.5,130.99984741210938,761500
2015-02-10,154.0,155.0,152.5,152.5,128.4724884033203,763600
2015-02-11,152.5,155.0,151.0,155.0,130.57862854003906,549300
2015-02-12,155.0,159.5,154.5,159.5,134.36959838867188,464600
2015-02-13,160.0,160.0,156.0,159.0,133.94837951660156,391900
2015-02-16,156.5,159.0,156.5,158.5,133.52719116210938,192100
2015-02-17,158.0,158.0,155.0,155.5,130.99984741210938,404100
2015-02-18,157.0,158.5,156.5,158.5,133.52719116210938,175100
2015-02-19,158.5,159.0,156.0,156.0,131.42111206054688,131900
2015-02-20,157.5,159.0,157.0,158.0,133.10592651367188,170400
2015-02-23,158.0,159.5,156.0,156.5,131.84226989746094,392300
2015-02-24,156.5,157.5,155.5,156.5,131.84226989746094,370400
2015-02-25,157.5,158.5,156.0,156.5,131.84226989746094,353500
2015-02-26,156.0,156.0,153.5,155.0,130.57862854003906,554700
2015-02-27,155.5,155.5,153.0,155.5,130.99984741210938,628400
2015-03-02,154.0,159.5,151.0,158.5,133.52719116210938,1117900
2015-03-03,157.0,157.0,153.5,155.0,130.57862854003906,755600
2015-03-05,155.0,157.0,151.0,151.5,127.63011932373047,1498700
2015-03-06,151.0,152.0,151.0,152.0,128.05130004882812,629100
2015-03-09,151.5,153.0,151.0,151.0,127.20889282226562,482700
2015-03-10,149.5,156.5,149.0,154.0,130.81912231445312,870100
2015-03-11,150.5,153.5,147.5,149.0,126.5717544555664,1196800
2015-03-12,149.0,150.0,145.5,148.0,125.72227478027344,655000
2015-03-13,149.0,149.0,145.5,145.5,123.59858703613281,509700
2015-03-16,144.0,145.0,142.5,143.0,121.47489166259766,487000
2015-03-17,144.0,145.5,142.0,142.0,120.62539672851562,444300
2015-03-18,144.0,148.5,143.0,148.5,126.14702606201172,1368000
2015-03-19,149.5,150.0,146.5,148.0,125.72227478027344,376600
2015-03-20,149.0,149.5,147.5,149.0,126.5717544555664,569200
2015-03-23,151.0,152.5,148.5,148.5,126.14702606201172,326100
2015-03-24,150.0,150.5,149.0,150.5,127.84596252441406,497900
2015-03-25,152.0,153.0,149.5,152.5,129.54490661621094,418900
2015-03-26,150.0,151.0,147.5,147.5,125.29753875732422,362100
2015-03-27,150.0,150.0,147.5,149.0,126.5717544555664,377800
2015-03-30,150.5,151.0,147.0,147.0,124.8727798461914,521100
2015-03-31,149.0,153.5,148.0,152.0,129.1201934814453,919500
2015-04-01,153.0,157.5,150.0,157.5,133.79229736328125,609100
2015-04-02,158.0,159.0,155.0,155.5,132.0933380126953,351900
2015-04-03,159.5,159.5,156.0,157.0,133.36753845214844,231600
2015-04-07,159.5,159.5,157.5,157.5,133.79229736328125,402100
2015-04-08,158.0,158.5,154.0,155.0,131.66859436035156,397300
2015-04-09,156.0,156.0,152.0,153.5,130.39439392089844,294500
2015-04-10,153.0,154.0,151.0,152.0,129.1201934814453,460700
2015-04-16,152.5,155.0,151.5,155.0,131.66859436035156,543700
2015-04-17,156.0,156.5,153.5,153.5,130.39439392089844,443500
2015-04-20,154.5,155.0,153.0,153.0,129.96963500976562,297100
2015-04-21,153.5,155.0,152.5,152.5,129.54490661621094,196100
2015-04-22,152.5,153.5,151.0,151.0,128.27069091796875,542100
2015-04-23,151.0,155.0,151.0,153.0,129.96963500976562,576600
2015-04-24,154.5,154.5,151.5,152.5,129.54490661621094,524100
2015-04-27,154.0,156.0,153.0,156.0,132.51809692382812,837600
2015-04-28,155.0,157.5,154.5,157.5,133.79229736328125,733800
2015-04-29,155.0,160.0,154.5,159.0,135.06649780273438,1055200
2015-04-30,161.5,162.0,158.5,160.5,136.34072875976562,991400
2015-05-04,160.5,160.5,160.5,160.5,136.34072875976562,0
2015-05-06,164.0,169.0,159.5,168.0,142.71177673339844,1461200
2015-05-07,170.0,180.0,170.0,176.5,149.9323272705078,1819300
2015-05-08,180.0,192.5,180.0,188.5,160.1260223388672,2066100
2015-05-11,192.0,192.0,179.5,179.5,152.48072814941406,1200200
2015-05-12,180.0,180.0,174.0,180.0,152.90545654296875,1066500
2015-05-13,183.0,186.5,180.0,183.0,155.45387268066406,399300
2015-05-14,182.5,182.5,178.0,181.0,153.7549285888672,526800
2015-05-15,180.0,182.5,176.0,176.0,149.50753784179688,467700
2015-05-18,176.5,181.0,176.0,176.5,149.9323272705078,320000
2015-05-19,178.5,182.5,176.5,181.0,153.7549285888672,848300
2015-05-20,181.5,192.5,178.5,190.0,161.4002227783203,1141700
2015-05-21,187.5,190.0,184.0,186.0,158.0023193359375,409800
2015-05-22,186.0,186.0,180.0,180.5,153.33018493652344,599000
2015-05-25,179.0,181.0,176.5,180.0,152.90545654296875,535100
2015-05-26,177.5,180.0,171.0,172.0,146.10964965820312,736300
2015-05-27,172.5,176.0,172.0,173.5,147.38389587402344,881000
2015-05-28,173.5,175.0,170.0,171.5,145.68492126464844,845000
2015-05-29,170.5,174.5,170.5,174.0,147.8086395263672,1316900
2015-06-02,169.5,174.0,168.5,172.0,146.10964965820312,963100
2015-06-03,174.5,178.0,173.0,177.5,150.7817840576172,576400
2015-06-04,179.0,182.5,178.0,182.0,154.6044158935547,1093500
2015-06-05,183.5,184.0,177.0,180.5,153.33018493652344,548900
2015-06-08,178.0,182.5,177.5,179.0,152.0559844970703,598000
2015-06-09,180.5,181.0,178.5,180.0,152.90545654296875,483100
2015-06-10,180.5,187.0,179.0,184.0,156.30340576171875,929300
2015-06-11,185.5,190.5,185.5,190.5,161.82498168945312,911600
2015-06-12,190.0,190.0,184.0,188.5,160.1260223388672,571100
2015-06-15,188.5,189.5,183.5,183.5,155.87864685058594,498600
2015-06-16,182.0,184.0,180.5,181.5,154.17965698242188,728800
2015-06-17,181.0,183.5,181.0,182.0,154.6044158935547,756500
2015-06-18,184.5,190.5,183.5,190.0,161.4002227783203,1483700
2015-06-19,184.0,184.0,176.5,178.5,151.6312713623047,4450400
2015-06-22,180.5,182.0,178.5,179.5,152.48072814941406,1813700
2015-06-23,181.5,182.0,177.5,178.0,151.20651245117188,1116600
2015-06-24,178.5,180.0,177.5,178.0,151.20651245117188,977600
2015-06-25,179.0,180.0,178.0,178.5,151.6312713623047,1597600
2015-06-26,179.5,182.0,179.5,182.0,154.6044158935547,1259500
2015-06-29,179.5,184.5,179.0,183.0,155.45387268066406,1426600
2015-06-30,184.5,189.0,184.0,187.0,158.851806640625,1612600
2015-07-02,189.0,190.0,187.0,188.5,160.1260223388672,892900
2015-07-03,187.5,188.5,185.0,186.0,158.0023193359375,396300
2015-07-06,184.0,186.5,184.0,186.5,158.42706298828125,420300
2015-07-07,188.5,188.5,186.0,188.5,160.1260223388672,764400
2015-07-08,187.5,196.5,186.0,195.0,165.64759826660156,1378700
2015-07-09,195.0,201.0,193.5,196.0,166.4970703125,1221900
2015-07-10,197.0,199.5,195.5,197.0,167.34654235839844,459000
2015-07-13,198.5,201.0,197.5,200.0,169.89495849609375,581200
2015-07-14,200.0,208.0,200.0,206.0,174.99180603027344,779700
2015-07-15,206.0,208.0,199.0,202.0,171.59393310546875,988100
2015-07-16,203.0,203.0,197.0,197.0,167.34654235839844,543700
2015-07-17,200.0,201.0,198.0,201.0,170.7444610595703,641800
2015-07-20,198.5,201.0,193.0,195.0,165.64759826660156,783500
2015-07-21,196.0,198.0,193.0,195.0,165.64759826660156,518100
2015-07-22,194.5,202.0,193.5,201.0,170.7444610595703,769600
2015-07-23,201.0,205.0,194.5,196.0,166.4970703125,1060100
2015-07-24,196.0,202.0,195.0,199.0,169.04547119140625,738500
2015-07-27,197.0,201.0,196.5,197.0,167.34654235839844,733100
2015-07-28,201.0,201.0,195.5,196.0,166.4970703125,632800
2015-07-29,196.5,199.5,196.5,199.5,169.47024536132812,528300
2015-07-31,201.0,204.0,198.0,204.0,173.29287719726562,1043300
2015-08-03,203.0,205.0,200.0,202.0,171.59393310546875,374300
2015-08-04,200.0,202.0,197.0,198.5,168.62074279785156,980800
2015-08-05,199.5,204.0,199.5,203.0,172.4434051513672,1138800
2015-08-06,203.0,211.0,201.0,208.0,176.69078063964844,1014400
2015-08-07,206.0,208.0,205.0,207.0,175.84127807617188,201600
2015-08-10,207.0,208.0,204.0,207.0,175.84127807617188,484700
2015-08-11,207.0,211.0,204.0,206.0,174.99180603027344,475000
2015-08-13,204.0,209.0,202.0,208.0,176.69078063964844,939300
2015-08-14,212.0,225.0,211.0,222.0,188.5834197998047,2436100
2015-08-17,220.0,230.0,218.0,223.0,189.43289184570312,1525800
2015-08-18,219.0,222.0,212.0,215.0,182.63710021972656,3038100
2015-08-19,216.0,225.0,213.0,220.0,186.8844451904297,1969300
2015-08-20,222.0,229.0,219.0,225.0,191.13182067871094,1506400
2015-08-21,224.0,233.0,222.0,230.0,195.37921142578125,2051300
2015-08-24,227.0,233.0,208.0,213.0,180.93812561035156,3169700
2015-08-25,216.0,228.0,213.0,228.0,194.5021209716797,2407300
2015-08-26,223.0,230.0,223.0,227.0,193.64901733398438,1580400
2015-08-27,230.0,230.0,223.0,223.0,190.23670959472656,1407900
2015-08-28,225.0,226.0,220.0,222.0,189.38365173339844,822800
2015-08-31,222.0,231.0,218.0,231.0,197.0613250732422,2347400
2015-09-01,229.0,232.0,223.0,226.0,192.7959442138672,1332500
2015-09-02,228.0,238.0,227.0,238.0,203.0329132080078,1800700
2015-09-03,245.0,260.0,245.0,253.0,215.82908630371094,3385600
2015-09-04,249.0,258.0,242.0,243.0,207.29832458496094,2905400
2015-09-07,242.0,247.0,240.0,240.0,204.73904418945312,1219600
2015-09-08,241.0,250.0,236.0,250.0,213.26986694335938,1925700
2015-09-09,253.0,253.0,243.0,243.0,207.29832458496094,1505500
2015-09-10,242.0,242.0,237.0,239.0,203.88597106933594,1355600
2015-09-11,238.0,244.0,232.0,233.0,198.76751708984375,1621800
2015-09-14,235.0,237.0,232.0,235.0,200.4736785888672,1423600
2015-09-15,235.0,240.0,233.0,233.0,198.76751708984375,1680600
2015-09-16,236.0,236.0,233.0,235.0,200.4736785888672,1448800
2015-09-17,235.0,239.0,234.0,237.0,202.17984008789062,1705500
2015-09-18,237.0,239.0,229.0,229.0,195.3551788330078,7130200
2015-09-21,228.0,229.0,224.0,228.0,194.5021209716797,1197700
2015-09-22,229.0,229.0,218.0,220.0,187.67745971679688,2587800
2015-09-23,219.0,220.0,211.0,217.0,185.11827087402344,2730400
2015-09-24,215.0,216.0,211.0,212.0,180.8528289794922,2641700
2015-09-25,213.0,223.0,212.0,217.0,185.11827087402344,4107100
2015-09-28,212.0,218.0,212.0,214.0,182.55899047851562,1732800
2015-09-29,215.0,221.0,213.0,217.0,185.11827087402344,1407500
2015-09-30,220.0,222.0,216.0,216.0,184.26515197753906,1643000
2015-10-01,218.0,221.0,217.0,221.0,188.53053283691406,948100
2015-10-02,222.0,226.0,220.0,222.0,189.38365173339844,1522200
2015-10-05,226.0,230.0,223.0,228.0,194.5021209716797,1357600
2015-10-06,227.0,232.0,227.0,231.0,197.0613250732422,1573600
2015-10-07,231.0,235.0,229.0,235.0,200.4736785888672,1003800
2015-10-08,234.0,237.0,231.0,231.0,197.0613250732422,1324600
2015-10-09,234.0,236.0,231.0,232.0,197.9144287109375,833300
2015-10-12,231.0,235.0,229.0,235.0,200.4736785888672,1199000
2015-10-13,232.0,235.0,229.0,229.0,195.3551788330078,1136900
2015-10-14,229.0,233.0,225.0,225.0,191.94287109375,805600
2015-10-15,227.0,230.0,227.0,227.0,193.64901733398438,1521500
2015-10-16,229.0,230.0,217.0,217.0,185.11827087402344,4563400
2015-10-19,217.0,221.0,216.0,216.0,184.26515197753906,1558400
2015-10-20,217.0,223.0,216.0,221.0,188.53053283691406,2082000
2015-10-21,223.0,223.0,220.0,220.0,187.67745971679688,595100
2015-10-22,220.0,223.0,219.0,220.0,187.67745971679688,617600
2015-10-26,222.0,223.0,220.0,220.0,187.67745971679688,1216100
2015-10-27,220.0,222.0,218.0,218.0,185.97129821777344,775400
2015-10-28,218.0,220.0,216.0,217.0,185.11827087402344,1054800
2015-10-29,215.0,216.0,212.0,214.0,182.55899047851562,1092100
2015-10-30,213.0,218.0,212.0,216.0,184.26515197753906,1088600
2015-11-02,217.0,217.0,213.0,214.0,182.55899047851562,650400
2015-11-03,214.0,217.0,213.0,214.0,182.55899047851562,1501500
2015-11-04,214.0,216.0,214.0,214.0,182.55899047851562,1167500
2015-11-05,214.0,217.0,213.0,214.0,182.55899047851562,868300
2015-11-06,214.0,215.0,212.0,213.0,181.70591735839844,950800
2015-11-09,212.0,213.0,204.0,207.0,176.58746337890625,1463000
2015-11-10,205.0,205.0,199.5,199.5,170.18936157226562,1788500
2015-11-11,198.5,208.0,196.0,206.0,175.734375,2498900
2015-11-12,206.0,206.0,203.0,203.0,173.17507934570312,477400
2015-11-13,201.0,210.0,200.0,208.0,177.44052124023438,855900
2015-11-16,207.0,211.0,204.0,211.0,179.99974060058594,998300
2015-11-17,211.0,214.0,205.0,205.0,174.8812713623047,1478100
2015-11-18,205.0,207.0,201.0,202.0,172.32203674316406,1581500
2015-11-19,205.0,208.0,203.0,206.0,175.734375,1434600
2015-11-20,208.0,214.0,207.0,211.0,179.99974060058594,1858000
2015-11-23,212.0,218.0,212.0,217.0,185.11827087402344,1216500
2015-11-24,218.0,221.0,216.0,218.0,185.97129821777344,1452500
2015-11-25,218.0,220.0,217.0,220.0,187.67745971679688,613900
2015-11-26,221.0,222.0,214.0,215.0,183.412109375,955100
2015-11-27,214.0,218.0,213.0,213.0,181.70591735839844,490800
2015-11-30,211.0,221.0,210.0,221.0,188.53053283691406,2604700
2015-12-01,222.0,223.0,217.0,220.0,187.67745971679688,1356100
2015-12-02,219.0,222.0,215.0,215.0,183.412109375,1033700
2015-12-03,215.0,218.0,214.0,218.0,185.97129821777344,566900
2015-12-04,216.0,217.0,212.0,212.0,180.8528289794922,647600
2015-12-08,210.0,213.0,204.0,204.0,174.02821350097656,1297300
2015-12-09,204.0,207.0,204.0,204.0,174.02821350097656,1237900
2015-12-11,205.0,210.0,204.0,208.0,177.44052124023438,1815000
2015-12-14,209.0,209.0,203.0,205.0,174.8812713623047,1691900
2015-12-15,204.0,206.0,203.0,205.0,174.8812713623047,1260700
2015-12-16,205.0,207.0,203.0,205.0,174.8812713623047,659500
2015-12-17,205.0,206.0,202.0,204.0,174.02821350097656,1050200
2015-12-18,204.0,204.0,200.0,201.0,171.4689483642578,1763100
2015-12-21,202.0,204.0,201.0,201.0,171.4689483642578,2372400
2015-12-22,202.0,202.0,200.0,201.0,171.4689483642578,1200200
2015-12-23,200.0,204.0,199.5,200.0,170.61590576171875,1254900
2015-12-24,201.0,201.0,197.5,198.0,168.9097442626953,1612000
2015-12-25,198.5,203.0,198.0,202.0,172.32203674316406,1025800
2015-12-28,203.0,210.0,201.0,210.0,179.1466827392578,1030800
2015-12-29,207.0,210.0,206.0,209.0,178.29360961914062,1081800
2015-12-30,208.0,213.0,207.0,211.0,179.99974060058594,1815400
2016-01-04,211.0,213.0,206.0,206.0,175.734375,1404600
2016-01-05,207.0,217.0,206.0,216.0,184.26515197753906,1545500
2016-01-06,217.0,222.0,217.0,220.0,187.67745971679688,1818300
2016-01-07,219.0,220.0,212.0,212.0,180.8528289794922,1782200
2016-01-08,214.0,218.0,213.0,217.0,185.11827087402344,1388600
2016-01-11,215.0,217.0,212.0,214.0,182.55899047851562,946900
2016-01-12,216.0,221.0,214.0,221.0,188.53053283691406,1944900
2016-01-13,225.0,226.0,221.0,224.0,191.08978271484375,1950800
2016-01-14,222.0,223.0,218.0,220.0,187.67745971679688,1027000
2016-01-15,221.0,228.0,221.0,226.0,192.7959442138672,1737300
2016-01-18,222.0,225.0,220.0,225.0,191.94287109375,1057000
2016-01-19,224.0,224.0,216.0,216.0,184.26515197753906,1835600
2016-01-20,215.0,218.0,208.0,210.0,179.1466827392578,1923900
2016-01-21,214.0,216.0,210.0,214.0,182.55899047851562,1813000
2016-01-22,218.0,222.0,216.0,221.0,188.53053283691406,1355400
2016-01-25,219.0,223.0,218.0,221.0,188.53053283691406,669500
2016-01-26,221.0,225.0,220.0,224.0,191.08978271484375,560000
2016-01-27,222.0,224.0,219.0,219.0,186.82435607910156,1065700
2016-01-28,220.0,222.0,219.0,222.0,189.38365173339844,873200
2016-01-29,222.0,223.0,218.0,220.0,187.67745971679688,988500
2016-02-01,222.0,228.0,221.0,226.0,192.7959442138672,1621200
2016-02-02,227.0,232.0,226.0,227.0,193.64901733398438,2397200
2016-02-03,227.0,227.0,223.0,225.0,191.94287109375,972900
2016-02-04,227.0,227.0,220.0,223.0,190.23670959472656,1150700
2016-02-05,226.0,227.0,221.0,222.0,189.38365173339844,964800
2016-02-08,222.0,226.0,221.0,223.0,190.23670959472656,364700
2016-02-09,222.0,223.0,221.0,222.0,189.38365173339844,279800
2016-02-10,221.0,223.0,220.0,221.0,188.53053283691406,260000
2016-02-11,220.0,225.0,219.0,219.0,186.82435607910156,769100
2016-02-12,219.0,219.0,219.0,219.0,186.82435607910156,0
2016-02-15,217.0,218.0,213.0,214.0,182.55899047851562,1090100
2016-02-16,213.0,215.0,209.0,210.0,179.1466827392578,1655000
2016-02-17,209.0,210.0,205.0,207.0,176.58746337890625,1427500
2016-02-18,208.0,213.0,208.0,213.0,181.70591735839844,2127300
2016-02-19,212.0,215.0,211.0,215.0,183.412109375,1389600
2016-02-23,212.0,213.0,207.0,207.0,176.58746337890625,3149900
2016-02-24,205.0,211.0,205.0,209.0,178.29360961914062,1350600
2016-02-25,211.0,214.0,210.0,211.0,179.99974060058594,1442800
2016-02-26,213.0,219.0,212.0,217.0,185.11827087402344,1829600
2016-02-29,217.0,217.0,214.0,217.0,185.11827087402344,1215600
2016-03-01,217.0,220.0,216.0,219.0,186.82435607910156,1472800
2016-03-02,221.0,230.0,220.0,230.0,196.20826721191406,3311400
2016-03-03,230.0,231.0,221.0,224.0,191.08978271484375,2078300
2016-03-04,221.0,221.0,211.0,212.0,180.8528289794922,4708200
2016-03-07,213.0,216.0,213.0,214.0,182.55899047851562,1533700
2016-03-08,211.0,212.0,207.0,208.0,177.44052124023438,3898700
2016-03-09,206.0,209.0,205.0,209.0,178.29360961914062,4023000
2016-03-10,208.0,208.0,205.0,206.0,176.96209716796875,2504000
2016-03-11,206.0,212.0,206.0,209.0,179.5392303466797,1989400
2016-03-14,211.0,214.0,210.0,213.0,182.97535705566406,1550400
2016-03-15,210.0,212.0,208.0,208.0,178.68016052246094,2094400
2016-03-16,209.0,212.0,208.0,211.0,181.2572784423828,1611900
2016-03-17,210.0,211.0,205.0,206.0,176.96209716796875,3260900
2016-03-18,207.0,210.0,207.0,210.0,180.39825439453125,1850300
2016-03-21,212.0,214.0,209.0,210.0,180.39825439453125,2483800
2016-03-22,210.0,210.0,207.0,209.0,179.5392303466797,1241600
2016-03-23,209.0,212.0,207.0,211.0,181.2572784423828,1705900
2016-03-24,211.0,215.0,210.0,214.0,183.8343963623047,2950000
2016-03-25,213.0,214.0,207.0,208.0,178.68016052246094,2951300
2016-03-28,209.0,210.0,204.0,205.0,176.10304260253906,3691600
2016-03-29,205.0,209.0,205.0,207.0,177.82115173339844,1234100
2016-03-30,208.0,212.0,208.0,211.0,181.2572784423828,3850500
2016-03-31,211.0,212.0,209.0,212.0,182.1163330078125,1692200
2016-04-01,210.0,210.0,206.0,208.0,178.68016052246094,2795700
2016-04-04,208.0,210.0,206.0,207.0,177.82115173339844,1185100
2016-04-05,206.0,209.0,206.0,207.0,177.82115173339844,1817100
2016-04-07,207.0,209.0,205.0,205.0,176.10304260253906,2055700
2016-04-08,206.0,206.0,197.5,198.5,170.51930236816406,6081200
2016-04-11,198.5,201.0,198.0,199.5,171.37835693359375,2410300
2016-04-12,199.5,204.0,199.0,201.0,172.6668701171875,1369300
2016-04-18,204.0,205.0,202.0,204.0,175.24400329589844,1898700
2016-04-19,204.0,212.0,204.0,210.0,180.39825439453125,3670000
2016-04-20,210.0,210.0,205.0,207.0,177.82115173339844,1853100
2016-04-21,209.0,209.0,207.0,208.0,178.68016052246094,652300
2016-04-22,208.0,209.0,204.0,204.0,175.24400329589844,1658000
2016-04-25,203.0,204.0,201.0,201.0,172.6668701171875,1609500
2016-04-26,202.0,206.0,202.0,204.0,175.24400329589844,949900
2016-04-27,204.0,205.0,201.0,204.0,175.24400329589844,897000
2016-04-28,204.0,204.0,200.0,201.0,172.6668701171875,1348800
2016-04-29,200.0,203.0,199.0,203.0,174.3849639892578,2184700
2016-05-03,202.0,203.0,199.5,201.0,172.6668701171875,1338100
2016-05-04,200.0,201.0,200.0,201.0,172.6668701171875,625100
2016-05-09,201.0,204.0,200.0,204.0,175.24400329589844,1526000
2016-05-10,203.0,204.0,201.0,201.0,172.6668701171875,1525500
2016-05-11,201.0,202.0,198.5,198.5,170.51930236816406,1582800
2016-05-12,198.0,200.0,197.5,199.5,171.37835693359375,1100400
2016-05-13,199.0,199.5,197.0,197.0,169.23072814941406,2481500
2016-05-16,197.5,199.0,196.5,196.5,168.8012237548828,699100
2016-05-17,197.5,198.0,194.0,194.5,167.08311462402344,1995400
2016-05-18,194.5,195.0,190.0,192.0,164.93551635742188,2084500
2016-05-19,191.5,191.5,184.0,186.5,160.2108154296875,3342600
2016-05-23,187.0,191.0,187.0,189.0,162.3584442138672,3909300
2016-05-24,189.0,191.0,186.0,188.0,161.49937438964844,1972200
2016-05-25,189.0,191.0,189.0,189.5,162.7879638671875,1349900
2016-05-26,190.5,190.5,188.0,189.0,162.3584442138672,973400
2016-05-27,189.0,192.0,189.0,191.5,164.50599670410156,1797600
2016-05-30,193.5,195.0,191.5,193.5,166.22412109375,1268100
2016-05-31,193.5,197.0,191.5,197.0,169.23072814941406,6222000
2016-06-01,196.0,196.5,191.5,193.0,165.7945556640625,1419700
2016-06-02,193.0,194.0,189.0,189.0,162.3584442138672,2031300
2016-06-03,190.0,193.5,189.0,193.5,166.22412109375,2101900
2016-06-06,194.0,194.5,192.0,192.5,165.3650665283203,614600
2016-06-07,192.5,195.0,192.5,194.5,167.08311462402344,1570500
2016-06-08,194.0,194.0,191.0,192.5,165.3650665283203,891900
2016-06-09,190.0,191.5,188.0,188.0,161.49937438964844,1565300
2016-06-10,188.0,188.0,186.0,187.0,160.64035034179688,1143600
2016-06-13,186.5,187.0,184.0,185.0,158.92225646972656,1671600
2016-06-14,185.0,186.5,184.0,185.0,158.92225646972656,755100
2016-06-15,186.0,187.0,184.5,186.5,160.2108154296875,1057300
2016-06-16,186.5,187.0,182.0,182.5,156.774658203125,849100
2016-06-17,182.5,184.5,182.5,183.0,157.20420837402344,1236500
2016-06-20,183.0,183.5,180.5,181.0,155.48611450195312,1052900
2016-06-21,181.0,185.5,180.5,183.0,157.20420837402344,1696700
2016-06-22,183.5,184.5,181.0,181.5,155.9156036376953,826000
2016-06-23,183.0,184.0,182.0,184.0,158.06326293945312,770100
2016-06-24,181.0,182.5,179.0,182.5,156.774658203125,1636800
2016-06-27,181.5,183.5,180.5,183.0,157.20420837402344,809800
2016-06-28,182.0,183.5,181.5,183.0,157.20420837402344,701400
2016-06-29,183.5,185.0,182.0,183.0,157.20420837402344,1242600
2016-06-30,184.0,184.5,182.5,182.5,156.774658203125,1339400
2016-07-04,183.5,188.0,182.5,186.5,160.2108154296875,1436900
2016-07-05,186.5,186.5,184.0,185.0,158.92225646972656,666600
2016-07-06,183.5,184.5,182.5,183.0,157.20420837402344,1264000
2016-07-07,184.0,184.0,182.5,183.0,157.20420837402344,781200
2016-07-08,183.5,183.5,182.0,182.5,156.774658203125,423300
2016-07-11,184.0,185.0,183.0,184.5,158.49273681640625,776400
2016-07-12,184.5,185.0,182.0,183.0,157.20420837402344,1024500
2016-07-13,182.5,183.0,180.5,181.5,155.9156036376953,1999300
2016-07-14,180.5,183.0,180.0,182.0,156.34510803222656,1456900
2016-07-15,182.0,183.0,181.5,182.5,156.774658203125,1174900
2016-07-20,182.5,187.5,182.0,187.0,160.64035034179688,2421800
2016-07-21,188.0,193.0,187.5,191.5,164.50599670410156,2507600
2016-07-22,191.0,192.0,189.0,190.5,163.64700317382812,912400
2016-07-25,190.0,190.0,187.5,187.5,161.06985473632812,1284600
2016-07-26,187.5,188.5,185.5,185.5,159.35177612304688,791000
2016-07-27,185.5,188.5,185.5,186.5,160.2108154296875,639900
2016-07-28,187.0,187.0,185.0,186.5,160.2108154296875,1003300
2016-07-29,186.5,187.0,184.0,184.0,158.06326293945312,907900
2016-08-01,182.5,183.5,177.0,177.5,152.47947692871094,5057600
2016-08-02,175.5,177.0,175.0,175.5,150.7613983154297,2412500
2016-08-03,174.5,177.5,174.5,176.5,151.6204071044922,865100
2016-08-04,176.5,178.0,175.5,175.5,150.7613983154297,1209500
2016-08-05,177.0,179.0,176.0,179.0,153.7680206298828,869600
2016-08-08,180.5,181.0,177.0,178.0,152.9089813232422,1384200
2016-08-09,178.0,178.5,176.0,176.5,151.6204071044922,1169000
2016-08-10,176.5,178.0,176.0,176.5,151.6204071044922,1676200
2016-08-11,176.5,176.5,174.5,176.0,151.19090270996094,2109600
2016-08-15,173.0,175.0,172.5,174.0,150.28404235839844,944500
2016-08-16,174.0,175.0,172.0,173.5,149.85215759277344,1539700
2016-08-17,174.0,174.5,172.5,173.0,149.42031860351562,806400
2016-08-18,172.5,175.0,172.5,175.0,151.14772033691406,1272000
2016-08-19,175.0,175.0,171.5,173.0,149.42031860351562,1000900
2016-08-22,173.0,173.0,171.0,171.5,148.12477111816406,1159700
2016-08-23,170.5,171.0,168.5,168.5,145.53366088867188,2248700
2016-08-24,169.0,173.0,168.5,172.5,148.98843383789062,1616700
2016-08-25,172.0,172.5,168.0,168.5,145.53366088867188,2310100
2016-08-26,168.5,170.0,168.5,169.5,146.39736938476562,900900
2016-08-29,169.5,173.0,169.0,173.0,149.42031860351562,1699200
2016-08-30,173.0,175.0,172.0,173.0,149.42031860351562,724000
2016-08-31,172.5,172.5,170.0,170.0,146.82920837402344,1193800
2016-09-01,170.0,170.0,169.0,169.5,146.39736938476562,833200
2016-09-02,169.0,169.5,168.0,169.0,145.96551513671875,1197500
2016-09-05,168.5,169.0,164.0,165.0,142.51068115234375,1599600
2016-09-06,165.0,166.5,163.0,164.0,141.6470184326172,2298300
2016-09-07,163.0,164.5,161.0,161.0,139.05592346191406,1788400
2016-09-08,160.5,161.0,156.0,156.0,134.73741149902344,2308100
2016-09-09,155.0,157.0,152.0,152.5,131.71446228027344,1678300
2016-09-12,150.0,152.5,150.0,150.0,129.55519104003906,1517000
2016-09-13,151.5,159.0,150.5,158.0,136.4647979736328,2612800
2016-09-14,158.0,170.0,158.0,168.0,145.10182189941406,3889700
2016-09-15,170.0,172.0,168.0,171.0,147.6929168701172,2515200
2016-09-16,173.5,173.5,170.0,171.5,148.12477111816406,2392200
2016-09-19,171.5,171.5,168.0,170.0,146.82920837402344,1167900
2016-09-20,170.0,170.0,167.5,168.0,145.10182189941406,1284500
2016-09-21,170.5,173.0,170.5,172.0,148.55662536621094,1668600
2016-09-22,174.0,175.0,173.5,175.0,151.14772033691406,1269600
2016-09-23,175.0,175.0,172.0,174.5,150.7158660888672,1266700
2016-09-26,173.0,175.0,173.0,174.5,150.7158660888672,1003900
2016-09-27,175.0,179.5,173.0,177.5,153.30699157714844,2956800
2016-09-28,177.5,179.5,176.5,178.0,153.7388458251953,1930400
2016-09-29,179.0,179.5,175.0,176.5,152.4432830810547,2115800
2016-09-30,176.0,177.5,174.5,174.5,150.7158660888672,976400
2016-10-03,175.0,175.5,174.5,174.5,150.7158660888672,262600
2016-10-04,174.0,174.0,171.5,172.5,148.98843383789062,2154900
2016-10-05,172.0,173.0,170.5,172.0,148.55662536621094,1771800
2016-10-06,171.5,172.0,170.0,171.0,147.6929168701172,2044700
2016-10-07,170.0,171.5,169.5,171.5,148.12477111816406,1202000
2016-10-10,165.0,169.5,164.5,168.0,145.10182189941406,931300
2016-10-11,168.0,168.0,162.0,164.0,141.6470184326172,1634000
2016-10-12,163.0,163.5,148.0,163.0,140.7833251953125,3756600
2016-10-13,159.0,164.0,157.0,160.0,138.1922149658203,5554400
2016-10-14,165.0,170.5,165.0,169.5,146.39736938476562,2827300
2016-10-17,169.0,174.5,168.0,173.5,149.85215759277344,1918100
2016-10-18,172.0,172.0,169.0,171.0,147.6929168701172,1633300
2016-10-19,171.0,171.0,169.5,170.0,146.82920837402344,1219800
2016-10-20,171.0,175.0,171.0,174.0,150.28404235839844,1369300
2016-10-21,173.5,175.0,172.5,175.0,151.14772033691406,542600
2016-10-25,175.5,179.0,174.5,177.5,153.30699157714844,2236900
2016-10-26,177.5,178.5,175.5,175.5,151.57958984375,766300
2016-10-27,174.5,177.5,174.0,177.0,152.87513732910156,1106200
2016-10-28,178.0,181.5,177.0,181.0,156.32994079589844,3304400
2016-10-31,183.5,186.0,182.5,183.0,158.05735778808594,4017900
2016-11-01,184.0,184.0,180.0,180.5,155.89808654785156,1676700
2016-11-02,182.0,183.0,180.5,181.0,156.32994079589844,1418100
2016-11-03,181.0,185.0,180.5,182.5,157.62550354003906,1919700
2016-11-04,183.0,185.0,180.5,182.0,157.19363403320312,1372100
2016-11-07,184.5,184.5,182.5,182.5,157.62550354003906,1910200
2016-11-08,181.5,183.5,181.5,183.5,158.4891815185547,1348500
2016-11-09,182.5,187.5,180.5,187.0,161.51214599609375,2238400
2016-11-10,188.5,189.0,185.0,186.0,160.64846801757812,1157100
2016-11-11,186.0,190.0,185.0,190.0,164.1032257080078,3241600
2016-11-14,188.0,188.0,184.5,185.0,159.7847442626953,940600
2016-11-15,184.5,186.0,181.5,185.5,160.21656799316406,1584400
2016-11-16,186.5,188.0,183.5,184.5,159.35289001464844,1378900
2016-11-17,185.0,187.5,182.5,187.5,161.94398498535156,1053300
2016-11-18,187.5,187.5,185.0,186.5,161.0802764892578,931300
2016-11-21,187.5,187.5,185.0,185.0,159.7847442626953,601900
2016-11-22,188.0,189.0,186.0,188.5,162.80770874023438,1727700
2016-11-23,189.0,189.5,188.0,189.5,163.67140197753906,918000
2016-11-24,190.0,190.0,187.5,188.0,162.3758544921875,414200
2016-11-25,188.0,189.5,187.5,189.5,163.67140197753906,553600
2016-11-28,190.0,191.0,189.5,191.0,164.9669189453125,955100
2016-11-29,191.5,192.0,187.0,188.5,162.80770874023438,1155500
2016-11-30,188.0,192.0,187.5,192.0,165.8306427001953,1337900
2016-12-01,195.5,197.0,193.5,195.5,168.85357666015625,1977800
2016-12-02,193.5,194.5,190.0,194.0,167.5580291748047,954200
2016-12-06,191.5,194.5,189.5,193.5,167.126220703125,1186700
2016-12-07,194.0,195.0,192.5,193.5,167.126220703125,826500
2016-12-08,193.0,193.5,190.5,190.5,164.5351104736328,1085600
2016-12-09,190.0,192.0,183.5,184.0,158.92105102539062,3009300
2016-12-13,182.5,183.5,179.0,182.5,157.62550354003906,3692200
2016-12-14,183.0,183.5,178.5,179.5,155.03436279296875,2984800
2016-12-15,179.5,182.0,178.5,180.5,155.89808654785156,1621900
2016-12-16,180.0,181.0,179.0,179.5,155.03436279296875,1556500
2016-12-19,179.0,180.5,178.5,180.0,155.4662322998047,1158900
2016-12-20,181.0,181.5,179.0,180.0,155.4662322998047,1721200
2016-12-21,179.5,180.0,179.0,180.0,155.4662322998047,470500
2016-12-22,180.0,180.0,176.0,177.0,152.87513732910156,867100
2016-12-23,177.0,177.5,173.5,174.0,150.28404235839844,1207600
2016-12-26,172.0,172.0,171.5,172.0,148.55662536621094,750900
2016-12-27,172.5,176.0,172.5,176.0,152.0113983154297,836600
2016-12-28,177.0,179.0,175.5,178.0,153.7388458251953,832200
2016-12-29,178.0,183.0,176.5,181.0,156.32994079589844,1251100
2016-12-30,181.0,182.0,179.5,181.0,156.32994079589844,593000
2017-01-04,180.5,185.0,179.5,185.0,159.7847442626953,1401100
2017-01-05,185.0,185.0,182.0,185.0,159.7847442626953,1149900
2017-01-06,185.0,186.0,182.5,185.0,159.7847442626953,1269900
2017-01-09,185.0,185.0,183.0,183.0,158.05735778808594,530500
2017-01-10,183.0,185.0,181.5,184.5,159.35289001464844,823200
2017-01-11,183.0,185.0,183.0,184.5,159.35289001464844,865500
2017-01-12,184.5,185.5,183.5,183.5,158.4891815185547,338800
2017-01-16,184.5,184.5,182.5,184.0,158.92105102539062,495300
2017-01-17,184.0,184.5,182.0,183.0,158.05735778808594,577000
2017-01-18,182.5,183.0,181.0,181.0,156.32994079589844,753100
2017-01-19,181.0,181.0,179.5,180.0,155.4662322998047,1049100
2017-01-20,179.5,180.5,178.5,179.5,155.03436279296875,1275700
2017-01-23,180.5,181.0,178.0,180.5,155.89808654785156,1172100
2017-01-24,180.5,182.0,178.5,181.5,156.76177978515625,632700
2017-01-25,182.0,182.5,181.0,182.0,157.19363403320312,315300
2017-01-26,181.5,184.0,181.0,183.0,158.05735778808594,939500
2017-01-27,182.0,183.5,181.0,181.0,156.32994079589844,477900
2017-01-30,180.5,183.0,180.0,180.5,155.89808654785156,567600
2017-01-31,179.5,181.5,179.0,179.0,154.6025390625,1146500
2017-02-01,178.5,181.5,178.5,179.0,154.6025390625,773600
2017-02-02,181.0,182.5,180.0,181.0,156.32994079589844,879900
2017-02-03,181.0,181.5,178.5,180.0,155.4662322998047,798200
2017-02-06,181.0,181.0,179.0,180.5,155.89808654785156,555400
2017-02-07,179.0,180.0,178.5,179.0,154.6025390625,730100
2017-02-08,178.5,183.5,178.5,183.0,158.05735778808594,1436800
2017-02-09,183.0,184.5,181.5,183.5,158.4891815185547,826600
2017-02-10,183.5,187.0,183.5,186.0,160.64846801757812,1909600
2017-02-14,187.0,188.0,183.5,184.0,158.92105102539062,838000
2017-02-15,186.0,186.0,182.5,184.5,159.35289001464844,679500
2017-02-16,183.0,185.0,183.0,184.5,159.35289001464844,685700
2017-02-17,185.0,185.0,183.0,183.5,158.4891815185547,294000
2017-02-20,183.5,184.0,181.5,181.5,156.76177978515625,227700
2017-02-21,181.5,183.5,181.0,181.0,156.32994079589844,412300
2017-02-22,182.5,183.5,181.0,183.0,158.05735778808594,840900
2017-02-23,183.0,183.0,180.5,181.5,156.76177978515625,685000
2017-02-24,181.5,182.5,180.5,181.0,156.32994079589844,457700
2017-02-27,179.5,180.5,176.5,177.0,152.87513732910156,764600
2017-02-28,177.0,178.0,176.0,176.0,152.0113983154297,865600
2017-03-01,178.0,179.0,176.5,177.5,153.30699157714844,575800
2017-03-02,178.5,178.5,175.5,175.5,151.57958984375,1084900
2017-03-03,176.0,178.0,174.5,174.5,150.7158660888672,863300
2017-03-06,175.0,177.0,174.5,177.0,152.87513732910156,856300
2017-03-07,176.5,178.5,175.5,176.5,152.4432830810547,576600
2017-03-08,176.0,178.5,175.5,178.0,153.7388458251953,1152900
2017-03-09,177.0,179.0,177.0,178.0,153.7388458251953,487000
2017-03-10,176.5,179.0,176.5,178.0,153.7388458251953,546200
2017-03-13,176.0,180.0,176.0,180.0,156.8319091796875,1030400
2017-03-14,180.0,181.5,177.0,177.0,154.21804809570312,1177000
2017-03-15,177.5,181.5,177.5,180.0,156.8319091796875,912100
2017-03-16,179.5,183.0,178.5,180.0,156.8319091796875,1142800
2017-03-17,180.0,181.0,178.0,180.5,157.26754760742188,731300
2017-03-20,182.0,182.0,180.0,180.0,156.8319091796875,359200
2017-03-21,180.0,182.0,180.0,182.0,158.57447814941406,439300
2017-03-22,180.0,180.5,178.0,178.0,155.08934020996094,1449000
2017-03-23,178.0,179.0,176.0,177.5,154.65370178222656,1014800
2017-03-24,176.5,178.5,176.5,177.5,154.65370178222656,548200
2017-03-27,177.0,178.0,176.0,177.0,154.21804809570312,674900
2017-03-28,176.5,179.0,176.5,179.0,155.96063232421875,668000
2017-03-29,179.5,180.5,178.5,180.5,157.26754760742188,617300
2017-03-30,179.0,182.0,179.0,181.5,158.1388397216797,981800
2017-03-31,181.0,183.0,180.0,183.0,159.44578552246094,607500
2017-04-03,183.0,183.0,180.0,180.0,156.8319091796875,498200
2017-04-04,180.5,183.0,179.5,183.0,159.44578552246094,511800
2017-04-05,183.0,183.0,180.0,180.5,157.26754760742188,587300
2017-04-07,180.5,180.5,178.5,179.5,156.396240234375,1124600
2017-04-10,179.5,181.5,179.5,181.0,157.7032012939453,593800
2017-04-11,181.5,181.5,179.5,180.0,156.8319091796875,308000
2017-04-12,180.0,181.5,179.5,181.0,157.7032012939453,288400
2017-04-17,181.0,181.5,177.5,178.0,155.08934020996094,1198300
2017-04-18,177.5,178.0,175.0,175.5,152.91111755371094,1423800
2017-04-19,175.0,177.0,174.0,176.0,153.3467254638672,1198100
2017-04-20,177.0,177.5,175.5,176.0,153.3467254638672,860300
2017-04-21,176.0,176.0,173.5,173.5,151.16851806640625,989600
2017-04-24,173.5,177.0,173.5,176.5,153.7823944091797,469800
2017-04-25,178.0,178.0,174.5,176.0,153.3467254638672,874100
2017-04-26,175.0,177.0,175.0,177.0,154.21804809570312,788100
2017-04-27,177.0,178.0,176.5,177.5,154.65370178222656,684400
2017-04-28,178.5,178.5,175.5,175.5,152.91111755371094,728700
2017-05-02,175.5,176.5,174.0,175.0,152.4754638671875,1012100
2017-05-03,175.0,177.0,174.5,176.5,153.7823944091797,297800
2017-05-04,176.5,179.0,175.5,178.0,155.08934020996094,746000
2017-05-08,181.0,182.5,180.5,181.5,158.1388397216797,711900
2017-05-09,182.0,184.5,181.0,183.0,159.44578552246094,1140900
2017-05-11,183.0,184.0,182.0,183.0,159.44578552246094,1211400
2017-05-12,183.0,184.5,182.5,184.0,160.31707763671875,710000
2017-05-15,185.0,185.0,185.0,185.0,161.1883544921875,111500
2017-05-16,185.0,185.5,181.0,183.0,159.44578552246094,762400
2017-05-17,183.0,183.0,178.0,180.0,156.8319091796875,1033500
2017-05-18,179.0,180.5,178.5,179.0,155.96063232421875,386400
2017-05-19,179.0,179.5,178.0,179.0,155.96063232421875,433700
2017-05-22,180.0,181.0,178.5,180.5,157.26754760742188,309100
2017-05-23,179.5,180.0,178.0,179.5,156.396240234375,540500
2017-05-24,179.0,179.5,177.5,177.5,154.65370178222656,529400
2017-05-25,177.0,179.0,177.0,178.0,155.08934020996094,343200
2017-05-26,179.0,179.0,176.0,177.0,154.21804809570312,545600
2017-05-29,176.5,176.5,175.5,176.0,153.3467254638672,395700
2017-05-30,176.0,177.0,175.5,176.5,153.7823944091797,335900
2017-05-31,176.5,177.5,173.5,173.5,151.16851806640625,1972800
2017-06-01,174.0,176.0,173.5,174.0,151.60418701171875,386100
2017-06-02,174.5,176.0,174.0,174.0,151.60418701171875,627400
2017-06-05,175.0,176.5,172.0,173.5,151.16851806640625,1308100
2017-06-06,173.0,175.5,173.0,174.5,152.03981018066406,504500
2017-06-07,174.5,176.0,174.0,176.0,153.3467254638672,420100
2017-06-08,176.0,176.5,174.0,176.0,153.3467254638672,774100
2017-06-09,175.5,176.5,175.0,176.0,153.3467254638672,806500
2017-06-12,176.0,176.0,174.5,175.0,152.4754638671875,150300
2017-06-13,175.5,175.5,173.5,174.5,152.03981018066406,521600
2017-06-14,174.0,174.5,172.5,173.0,150.73287963867188,1197700
2017-06-15,173.0,173.0,170.5,171.5,149.4259490966797,1224000
2017-06-16,171.0,171.5,169.0,170.5,148.55467224121094,894500
2017-06-19,171.5,172.5,171.0,171.5,149.4259490966797,393200
2017-06-20,172.0,172.5,169.5,170.0,148.1190185546875,512700
2017-06-21,170.0,171.0,169.0,171.0,148.9903106689453,775100
2017-06-22,172.0,172.0,170.5,171.5,149.4259490966797,464000
2017-06-23,171.0,172.5,171.0,172.0,149.86160278320312,380100
2017-06-26,172.0,174.5,172.0,174.0,151.60418701171875,913600
2017-06-27,174.5,174.5,173.0,174.0,151.60418701171875,285300
2017-06-28,173.0,174.0,172.0,173.5,151.16851806640625,412000
2017-06-29,173.0,175.0,171.0,172.0,149.86160278320312,813900
2017-06-30,172.0,172.5,171.0,171.5,149.4259490966797,90700
2017-07-03,172.0,174.0,171.5,173.0,150.73287963867188,423400
2017-07-04,172.0,173.5,171.5,173.0,150.73287963867188,245600
2017-07-05,173.0,174.0,172.5,174.0,151.60418701171875,537900
2017-07-06,174.5,174.5,172.5,174.0,151.60418701171875,408200
2017-07-07,173.5,173.5,171.0,171.0,148.9903106689453,483400
2017-07-11,171.0,171.5,170.0,171.0,148.9903106689453,543700
2017-07-12,172.0,172.5,171.0,172.0,149.86160278320312,393000
2017-07-13,171.0,172.5,170.5,171.0,148.9903106689453,571200
2017-07-14,170.0,170.5,169.0,170.0,148.1190185546875,814200
2017-07-17,170.0,170.5,169.0,170.0,148.1190185546875,708700
2017-07-18,169.5,173.0,169.0,171.0,148.9903106689453,664900
2017-07-19,172.5,174.5,172.0,174.0,151.60418701171875,2555600
2017-07-20,175.0,175.5,173.5,173.5,151.16851806640625,430000
2017-07-21,173.5,174.5,172.0,172.5,150.29721069335938,590700
2017-07-24,173.0,174.5,172.5,172.5,150.29721069335938,542100
2017-07-25,173.0,173.5,172.5,173.0,150.73287963867188,348200
2017-07-26,173.0,174.5,172.5,174.5,152.03981018066406,705200
2017-07-27,174.5,175.0,174.0,175.0,152.4754638671875,427400
2017-07-31,174.5,175.0,173.5,175.0,152.4754638671875,1200000
2017-08-01,174.5,177.5,174.5,177.0,154.21804809570312,1159200
2017-08-02,178.5,181.5,178.0,181.0,157.7032012939453,2523300
2017-08-03,181.5,189.0,181.5,188.5,164.2378692626953,5327200
2017-08-04,188.0,188.0,185.5,186.0,162.05966186523438,2399200
2017-08-07,186.5,187.5,185.5,186.5,162.49526977539062,1682800
2017-08-08,186.5,194.0,186.5,192.5,167.7230224609375,4164300
2017-08-09,192.0,192.0,187.5,187.5,163.36656188964844,1720700
2017-08-10,188.5,195.5,188.0,195.5,170.33685302734375,4969200
2017-08-11,193.5,197.0,192.5,197.0,171.64382934570312,3396700
2017-08-15,197.5,201.0,195.0,195.0,169.90121459960938,3332500
2017-08-16,196.0,197.5,193.5,196.5,171.20816040039062,2006800
2017-08-17,199.5,209.0,199.0,208.0,181.2279815673828,7824100
2017-08-18,206.0,206.0,202.0,202.0,176.00022888183594,1991000
2017-08-21,204.0,205.0,202.0,203.0,176.87152099609375,952400
2017-08-22,201.0,203.0,201.0,202.0,176.87152099609375,797100
2017-08-23,201.0,204.0,199.0,203.0,177.7471466064453,2371600
2017-08-24,202.0,213.0,202.0,213.0,186.50315856933594,7525500
2017-08-25,213.0,213.0,209.0,211.0,184.75196838378906,1809200
2017-08-28,211.0,211.0,211.0,211.0,184.75196838378906,184600
2017-08-29,214.0,220.0,213.0,216.0,189.1299591064453,5661500
2017-08-30,215.0,219.0,215.0,217.0,190.00555419921875,1924300
2017-08-31,218.0,220.0,216.0,218.0,190.8811798095703,2403600
2017-09-01,219.0,219.0,213.0,215.0,188.25436401367188,1092800
2017-09-04,214.0,215.0,213.0,215.0,188.25436401367188,636700
2017-09-05,215.0,215.0,213.0,214.0,187.3787384033203,339100
2017-09-06,212.0,214.0,211.0,214.0,187.3787384033203,1064500
2017-09-07,213.0,214.0,212.0,213.0,186.50315856933594,1018700
2017-09-08,214.0,218.0,214.0,215.0,188.25436401367188,2341800
2017-09-11,213.0,217.0,213.0,215.0,188.25436401367188,615200
2017-09-12,215.0,216.0,213.0,216.0,189.1299591064453,564000
2017-09-13,215.0,215.0,206.0,211.0,184.75196838378906,1521000
2017-09-14,213.0,214.0,211.0,214.0,187.3787384033203,1180000
2017-09-15,214.0,218.0,214.0,215.0,188.25436401367188,1949400
2017-09-18,214.0,215.0,210.0,211.0,184.75196838378906,1912400
2017-09-19,212.0,212.0,208.0,210.0,183.87637329101562,771800
2017-09-20,209.0,210.0,207.0,210.0,183.87637329101562,669400
2017-09-21,209.0,217.0,208.0,215.0,188.25436401367188,2116000
2017-09-22,215.0,215.0,212.0,213.0,186.50315856933594,578400
2017-09-25,213.0,213.0,209.0,211.0,184.75196838378906,608500
2017-09-26,211.0,213.0,211.0,213.0,186.50315856933594,540900
2017-09-27,214.0,215.0,209.0,214.0,187.3787384033203,1249600
2017-09-28,215.0,215.0,212.0,215.0,188.25436401367188,1209700
2017-09-29,214.0,215.0,213.0,215.0,188.25436401367188,658000
2017-10-02,215.0,217.0,215.0,217.0,190.00555419921875,846500
2017-10-03,217.0,219.0,213.0,215.0,188.25436401367188,1337100
2017-10-04,215.0,216.0,209.0,210.0,183.87637329101562,1688800
2017-10-05,210.0,212.0,210.0,210.0,183.87637329101562,517600
2017-10-06,212.0,214.0,209.0,209.0,183.00076293945312,1899600
2017-10-09,210.0,212.0,209.0,211.0,184.75196838378906,714900
2017-10-10,211.0,215.0,211.0,212.0,185.62754821777344,2047300
2017-10-11,212.0,214.0,211.0,213.0,186.50315856933594,835300
2017-10-12,214.0,219.0,213.0,218.0,190.8811798095703,1668200
2017-10-16,225.0,225.0,225.0,225.0,197.01034545898438,354300
2017-10-17,225.0,228.0,221.0,223.0,195.2591552734375,1732100
2017-10-18,224.0,225.0,220.0,221.0,193.50796508789062,1284000
2017-10-19,221.0,222.0,217.0,218.0,190.8811798095703,1148800
2017-10-20,218.0,220.0,217.0,217.0,190.00555419921875,896300
2017-10-24,220.0,223.0,219.0,221.0,193.50796508789062,1248300
2017-10-25,223.0,223.0,220.0,222.0,194.383544921875,2400300
2017-10-27,223.0,230.0,222.0,226.0,197.88597106933594,2654900
2017-10-30,227.0,227.0,221.0,222.0,194.383544921875,1158500
2017-10-31,222.0,224.0,218.0,220.0,192.6323699951172,1522100
2017-11-01,220.0,223.0,217.0,218.0,190.8811798095703,985400
2017-11-02,218.0,220.0,211.0,213.0,186.50315856933594,1718300
2017-11-03,215.0,216.0,212.0,213.0,186.50315856933594,1663900
2017-11-06,213.0,217.0,209.0,216.0,189.1299591064453,1275100
2017-11-07,216.0,217.0,214.0,215.0,188.25436401367188,1063500
2017-11-08,213.0,215.0,211.0,214.0,187.3787384033203,1036200
2017-11-09,215.0,215.0,213.0,214.0,187.3787384033203,969800
2017-11-10,213.0,214.0,210.0,211.0,184.75196838378906,489600
2017-11-13,208.0,208.0,199.0,199.5,174.6825408935547,3018900
2017-11-14,200.0,204.0,197.5,203.0,177.7471466064453,2193300
2017-11-15,203.0,204.0,200.0,202.0,176.87152099609375,960600
2017-11-16,205.0,206.0,202.0,202.0,176.87152099609375,1342200
2017-11-17,203.0,205.0,201.0,203.0,177.7471466064453,1078900
2017-11-20,203.0,210.0,203.0,209.0,183.00076293945312,1718700
2017-11-21,209.0,210.0,205.0,207.0,181.24952697753906,765200
2017-11-22,209.0,211.0,207.0,208.0,182.12515258789062,534600
2017-11-23,208.0,209.0,206.0,207.0,181.24952697753906,339900
2017-11-24,207.0,207.0,204.0,205.0,179.49835205078125,628600
2017-11-27,203.0,205.0,202.0,203.0,177.7471466064453,394500
2017-11-28,206.0,208.0,204.0,208.0,182.12515258789062,862200
2017-11-29,208.0,210.0,206.0,206.0,180.37393188476562,1042100
2017-11-30,205.0,207.0,199.5,199.5,174.6825408935547,2543500
2017-12-01,200.0,201.0,199.0,199.5,174.6825408935547,1048200
2017-12-04,199.5,201.0,198.5,200.0,175.12034606933594,584500
2017-12-06,200.0,201.0,198.0,200.0,175.12034606933594,691400
2017-12-07,199.0,202.0,199.0,199.0,174.24472045898438,1278500
2017-12-08,200.0,202.0,199.0,202.0,176.87152099609375,1218200
2017-12-12,204.0,204.0,199.5,200.0,175.12034606933594,653800
2017-12-13,199.5,200.0,194.0,195.0,170.7423095703125,1929500
2017-12-14,195.0,201.0,195.0,200.0,175.12034606933594,942400
2017-12-15,201.0,202.0,197.0,197.0,172.4935302734375,1410900
2017-12-18,197.0,198.0,194.5,195.5,171.1801300048828,1394200
2017-12-19,194.5,195.0,190.0,190.0,166.36431884765625,5048200
2017-12-20,190.5,192.0,188.5,190.5,166.80213928222656,1639600
2017-12-21,190.5,191.5,189.5,191.5,167.67770385742188,596600
2017-12-22,191.5,194.5,191.0,194.5,170.30453491210938,1347300
2017-12-25,193.5,194.0,192.0,193.5,169.42893981933594,633600
2017-12-26,193.0,194.5,192.5,192.5,168.5532989501953,429800
2017-12-27,192.5,194.0,192.0,193.5,169.42893981933594,570800
2017-12-28,193.0,193.0,188.5,190.0,166.36431884765625,1394800
2017-12-29,190.0,191.5,189.0,189.0,165.48870849609375,1617900
2018-01-03,189.5,192.0,189.0,192.0,168.11550903320312,1271100
2018-01-04,191.0,194.0,191.0,194.0,169.86671447753906,1417800
2018-01-05,195.0,195.0,191.0,192.5,168.5532989501953,944500
2018-01-08,191.0,193.5,190.0,190.0,166.36431884765625,1051100
2018-01-09,192.0,192.0,192.0,192.0,168.11550903320312,121800
2018-01-10,194.0,204.0,193.5,200.0,175.12034606933594,5534400
2018-01-11,199.5,202.0,195.5,196.0,171.61790466308594,4278100
2018-01-12,195.0,202.0,195.0,196.0,171.61790466308594,3030200
2018-01-15,196.5,201.0,194.5,195.0,170.7423095703125,3359100
2018-01-16,197.0,198.0,195.0,197.0,172.4935302734375,1246800
2018-01-17,196.5,199.0,194.5,195.0,170.7423095703125,2097100
2018-01-18,195.0,198.0,195.0,196.5,172.05572509765625,1315700
2018-01-19,197.0,198.0,196.0,197.0,172.4935302734375,1708100
2018-01-22,197.5,198.5,196.0,197.0,172.4935302734375,1484200
2018-01-23,197.5,198.5,196.5,197.5,172.9313201904297,884000
2018-01-24,198.0,200.0,197.5,198.5,173.80691528320312,1573900
2018-01-25,198.5,199.0,192.5,193.0,168.99111938476562,1774900
2018-01-26,193.0,195.0,192.0,193.5,169.42893981933594,1429300
2018-01-29,196.0,198.5,194.0,197.5,172.9313201904297,2743900
2018-01-30,197.0,198.0,196.0,196.5,172.05572509765625,999900
2018-01-31,195.5,197.0,195.0,196.0,171.61790466308594,839400
2018-02-01,196.0,204.0,196.0,204.0,178.62274169921875,4198800
2018-02-02,205.0,207.0,200.0,202.0,176.87152099609375,2302800
2018-02-05,198.0,199.5,196.0,198.5,173.80691528320312,1251500
2018-02-06,194.0,196.5,192.0,195.0,170.7423095703125,2108400
2018-02-07,196.0,198.0,195.5,197.0,172.4935302734375,1891500
2018-02-08,196.0,199.5,196.0,198.0,173.369140625,1460000
2018-02-09,196.5,197.0,195.0,196.0,171.61790466308594,1668900
2018-02-12,196.5,197.0,194.5,196.5,172.05572509765625,1951100
2018-02-13,197.0,201.0,197.0,199.0,174.24472045898438,3515200
2018-02-14,201.0,202.0,199.0,199.5,174.6825408935547,2107200
2018-02-15,201.0,201.0,198.5,201.0,175.99594116210938,744300
2018-02-16,201.0,206.0,200.0,206.0,180.37393188476562,1685200
2018-02-19,205.0,208.0,201.0,204.0,178.62274169921875,2132800
2018-02-20,204.0,204.0,197.0,198.0,173.369140625,2077400
2018-02-21,198.5,201.0,198.0,198.5,173.80691528320312,1158200
2018-02-22,199.5,203.0,198.5,201.0,175.99594116210938,2406300
2018-02-23,202.0,207.0,201.0,207.0,181.24952697753906,2503100
2018-02-26,206.0,207.0,204.0,207.0,181.24952697753906,1466700
2018-02-27,208.0,208.0,203.0,204.0,178.62274169921875,1569200
2018-02-28,205.0,206.0,204.0,206.0,180.37393188476562,565400
2018-03-02,206.0,210.0,206.0,208.0,182.12515258789062,1898900
2018-03-05,207.0,209.0,204.0,207.0,181.24952697753906,2135700
2018-03-06,210.0,210.0,210.0,210.0,183.87637329101562,139400
2018-03-07,210.0,212.0,207.0,211.0,186.25978088378906,1498200
2018-03-08,212.0,220.0,211.0,217.0,191.55625915527344,3598400
2018-03-09,218.0,218.0,212.0,215.0,189.790771484375,2327100
2018-03-12,216.0,217.0,213.0,215.0,189.790771484375,849400
2018-03-13,213.0,216.0,213.0,214.0,188.9080047607422,751800
2018-03-14,212.0,212.0,208.0,208.0,183.6115264892578,2241400
2018-03-15,211.0,215.0,208.0,212.0,187.14251708984375,2215400
2018-03-16,211.0,214.0,208.0,209.0,184.4942626953125,1554900
2018-03-19,209.0,211.0,207.0,207.0,182.72879028320312,1111200
2018-03-20,207.0,209.0,204.0,209.0,184.4942626953125,1553100
2018-03-21,209.0,210.0,207.0,207.0,182.72879028320312,951400
2018-03-22,208.0,209.0,206.0,207.0,182.72879028320312,490900
2018-03-23,207.0,209.0,205.0,209.0,184.4942626953125,1022600
2018-03-26,209.0,211.0,208.0,211.0,186.25978088378906,1421600
2018-03-27,213.0,213.0,209.0,211.0,186.25978088378906,1983900
2018-03-28,210.0,210.0,206.0,207.0,182.72879028320312,1655800
2018-03-29,206.0,210.0,206.0,207.0,182.72879028320312,1422300
2018-03-30,209.0,213.0,207.0,213.0,188.0252685546875,2723400
2018-04-02,212.0,219.0,212.0,218.0,192.43899536132812,1369000
2018-04-03,217.0,218.0,214.0,215.0,189.790771484375,1535500
2018-04-04,215.0,218.0,209.0,210.0,185.3770294189453,1491800
2018-04-05,210.0,214.0,209.0,213.0,188.0252685546875,1054800
2018-04-09,213.0,222.0,212.0,221.0,195.0872344970703,2227900
2018-04-10,222.0,223.0,220.0,221.0,195.0872344970703,1017500
2018-04-11,220.0,225.0,218.0,219.0,193.32174682617188,2225700
2018-04-12,219.0,222.0,216.0,218.0,192.43899536132812,1433600
2018-04-17,218.0,219.0,216.0,216.0,190.67349243164062,875700
2018-04-18,219.0,220.0,217.0,220.0,194.20449829101562,747600
2018-04-19,222.0,222.0,212.0,214.0,188.9080047607422,2941700
2018-04-20,215.0,217.0,213.0,217.0,191.55625915527344,961900
2018-04-23,217.0,218.0,215.0,217.0,191.55625915527344,1014400
2018-04-24,215.0,220.0,215.0,216.0,190.67349243164062,1488100
2018-04-25,214.0,220.0,214.0,220.0,194.20449829101562,1706500
2018-04-26,218.0,218.0,206.0,206.0,181.84600830078125,3421900
2018-04-27,202.0,202.0,195.0,195.0,172.1357879638672,6608500
2018-04-30,195.0,195.5,190.0,190.0,167.7220916748047,4920100
2018-05-02,189.5,193.5,189.0,191.5,169.0461883544922,3639600
2018-05-03,190.5,194.0,190.5,193.0,170.37033081054688,2245100
2018-05-04,192.0,194.0,192.0,192.0,169.48756408691406,1734500
2018-05-07,192.5,192.5,190.0,190.0,167.7220916748047,1523400
2018-05-08,190.0,190.5,185.0,186.0,164.19107055664062,3824000
2018-05-09,186.0,187.5,185.0,186.0,164.19107055664062,1799400
2018-05-10,186.5,188.5,185.5,185.5,163.74969482421875,1592500
2018-05-11,186.5,192.5,186.5,192.0,169.48756408691406,1833800
2018-05-14,191.0,192.5,189.0,190.0,167.7220916748047,1161000
2018-05-15,189.5,191.0,188.0,190.0,167.7220916748047,1168100
2018-05-16,190.0,194.5,188.5,194.0,171.2530517578125,2461400
2018-05-17,193.5,193.5,189.5,191.0,168.60482788085938,1495900
2018-05-18,191.0,193.0,190.0,192.0,169.48756408691406,980100
2018-05-21,193.0,194.0,191.0,191.5,169.0461883544922,912500
2018-05-22,191.0,191.5,188.5,189.5,167.2807159423828,1267500
2018-05-23,188.0,191.0,188.0,189.0,166.83934020996094,1239900
2018-05-24,189.5,192.0,188.5,192.0,169.48756408691406,1758800
2018-05-25,192.0,194.0,191.5,194.0,171.2530517578125,1563700
2018-05-28,195.0,195.0,192.0,193.5,170.8116912841797,978900
2018-05-30,192.0,193.5,191.5,191.5,169.0461883544922,1223600
2018-05-31,192.0,193.5,191.0,192.5,169.92893981933594,1739900
2018-06-01,193.0,195.0,192.0,194.0,171.2530517578125,961800
2018-06-04,195.0,197.0,193.5,194.5,171.69444274902344,1622100
2018-06-05,195.0,195.5,193.0,193.5,170.8116912841797,1002000
2018-06-06,194.5,196.5,191.5,192.0,169.48756408691406,1040700
2018-06-07,192.0,192.5,190.5,190.5,168.16343688964844,1219200
2018-06-08,190.0,191.5,189.5,191.0,168.60482788085938,683800
2018-06-11,191.0,192.5,190.5,192.5,169.92893981933594,535800
2018-06-12,191.0,192.5,190.5,191.5,169.0461883544922,1091200
2018-06-13,191.0,193.5,190.0,192.5,169.92893981933594,827600
2018-06-14,192.0,193.0,191.0,193.0,170.37033081054688,1077000
2018-06-15,191.5,192.5,189.5,191.0,168.60482788085938,1756000
2018-06-18,190.0,191.0,186.5,186.5,164.6324462890625,1008500
2018-06-19,184.0,185.0,177.5,181.0,159.77735900878906,2608200
2018-06-20,180.5,184.0,179.5,183.5,161.98422241210938,1462400
2018-06-21,182.5,182.5,178.5,181.0,159.77735900878906,1610400
2018-06-22,181.0,182.0,175.0,176.0,155.36358642578125,2041300
2018-06-25,176.0,179.0,175.0,175.0,154.48085021972656,2147200
2018-06-26,174.0,176.5,171.0,171.0,150.9498748779297,3997700
2018-06-27,171.0,171.0,166.0,168.0,148.3015899658203,4078600
2018-06-28,168.5,173.0,168.0,171.0,150.9498748779297,3334800
2018-06-29,171.5,171.5,166.0,166.5,146.97750854492188,3685300
2018-07-02,167.5,168.5,166.0,168.0,148.3015899658203,1511100
2018-07-03,167.5,172.0,167.0,171.0,150.9498748779297,3511900
2018-07-04,170.0,173.0,169.5,172.0,151.83262634277344,2121200
2018-07-05,173.0,173.0,168.0,169.0,149.18434143066406,1418700
2018-07-06,169.0,172.0,169.0,170.0,150.06712341308594,1657800
2018-07-09,171.5,174.0,171.5,173.0,152.71536254882812,996100
2018-07-10,174.0,175.5,172.5,174.0,153.59811401367188,1881800
2018-07-11,173.0,174.0,171.5,171.5,151.3912353515625,1507600
2018-07-12,171.0,172.0,170.0,171.5,151.3912353515625,1240400
2018-07-13,172.0,173.5,171.5,173.0,152.71536254882812,2380900
2018-07-16,172.5,173.0,170.5,171.0,150.9498748779297,621800
2018-07-17,171.0,173.0,171.0,172.5,152.27398681640625,1519900
2018-07-18,173.0,173.5,171.5,173.0,152.71536254882812,1291800
2018-07-19,173.0,175.0,172.5,174.5,154.0395050048828,767800
2018-07-20,175.0,179.0,174.0,178.5,157.57049560546875,1914700
2018-07-23,178.5,178.5,175.0,176.5,155.80499267578125,1439700
2018-07-24,177.5,179.0,176.5,177.0,156.246337890625,692800
2018-07-25,177.0,183.5,177.0,183.0,161.54283142089844,2255800
2018-07-26,184.5,185.0,179.0,181.5,160.2187042236328,2343200
2018-07-31,181.5,181.5,179.0,181.5,160.2187042236328,1836400
2018-08-01,182.5,184.0,181.5,183.5,161.98422241210938,1483200
2018-08-02,182.5,183.5,180.0,182.0,160.6600799560547,1194000
2018-08-03,182.5,186.0,181.5,184.0,162.4256134033203,1342700
2018-08-06,185.0,186.0,181.5,182.5,161.10142517089844,888500
2018-08-07,183.0,185.0,181.0,184.0,162.4256134033203,1208400
2018-08-08,184.0,186.0,183.5,186.0,164.19107055664062,1349400
2018-08-09,181.0,181.5,178.5,179.0,158.01185607910156,6912500
2018-08-10,179.5,179.5,177.0,178.0,157.1290740966797,2407700
2018-08-14,175.5,180.5,175.0,180.0,158.89462280273438,2677200
2018-08-15,179.5,179.5,177.5,178.5,157.57049560546875,1575300
2018-08-16,178.0,178.0,175.5,176.0,155.36358642578125,3572900
2018-08-17,174.0,175.5,173.0,174.5,154.0395050048828,5723900
2018-08-20,175.0,179.0,175.0,177.0,156.246337890625,2226200
2018-08-21,178.0,178.5,176.0,177.0,156.246337890625,1795100
2018-08-22,176.0,179.5,176.0,178.0,158.1116943359375,1331500
2018-08-23,179.5,180.0,178.5,179.0,158.99998474121094,817400
2018-08-24,178.0,179.0,177.5,179.0,158.99998474121094,830200
2018-08-27,176.5,179.5,176.5,179.0,158.99998474121094,1060400
2018-08-28,179.5,180.0,178.5,179.0,158.99998474121094,1068500
2018-08-29,179.5,180.0,178.5,179.5,159.44410705566406,552300
2018-08-30,179.5,180.0,178.5,178.5,158.5558624267578,436000
2018-08-31,178.5,182.0,178.0,181.5,161.22064208984375,2178500
2018-09-03,182.0,182.5,180.0,180.0,159.88827514648438,1489900
2018-09-04,179.5,180.0,178.5,179.5,159.44410705566406,1001200
2018-09-05,178.5,181.0,178.5,178.5,158.5558624267578,1188900
2018-09-06,179.0,180.0,178.5,179.5,159.44410705566406,1048600
2018-09-07,178.0,180.0,178.0,179.5,159.44410705566406,774900
2018-09-10,179.0,180.0,178.0,179.5,159.44410705566406,603200
2018-09-11,179.5,180.0,178.0,178.5,158.5558624267578,1017900
2018-09-12,178.0,178.5,176.5,178.5,158.5558624267578,1993400
2018-09-13,178.0,182.5,178.0,181.0,160.7765350341797,2035400
2018-09-14,181.5,181.5,179.0,180.0,159.88827514648438,1269400
2018-09-17,179.5,180.0,178.5,179.0,158.99998474121094,713900
2018-09-18,179.0,181.5,179.0,181.0,160.7765350341797,1453300
2018-09-19,181.0,181.5,179.5,180.0,159.88827514648438,1169800
2018-09-20,179.5,181.0,179.0,180.0,159.88827514648438,840200
2018-09-21,179.5,182.5,179.5,182.0,161.66477966308594,2841400
2018-09-24,181.5,184.5,181.5,183.5,162.9971923828125,2572200
2018-09-25,185.0,185.5,183.5,184.5,163.8854522705078,1435600
2018-09-26,184.5,185.0,183.5,184.0,163.44134521484375,857100
2018-09-27,185.0,185.0,183.0,184.5,163.8854522705078,1564700
2018-09-28,184.5,187.0,184.5,186.0,165.2178497314453,2045500
2018-10-01,187.0,191.5,187.0,190.5,169.21505737304688,1957900
2018-10-02,190.0,190.0,185.5,186.5,165.6619873046875,3151900
2018-10-03,187.0,188.5,186.5,187.0,166.1061248779297,1015300
2018-10-04,186.5,189.5,186.0,189.0,167.88267517089844,1938100
2018-10-05,188.5,188.5,186.5,186.5,165.6619873046875,1033300
2018-10-08,187.0,190.0,187.0,188.0,166.99441528320312,1741300
2018-10-09,187.5,188.0,185.5,187.5,166.55026245117188,1156800
2018-10-10,188.5,189.0,187.0,189.0,167.88267517089844,725700
2018-10-11,184.5,186.5,184.0,186.0,165.2178497314453,1884500
2018-10-12,187.5,189.0,186.0,188.5,167.43853759765625,887200
2018-10-16,188.0,191.5,187.5,190.0,168.7709503173828,2932200
2018-10-17,191.0,191.0,188.5,188.5,167.43853759765625,906400
2018-10-18,188.0,190.0,187.0,188.0,166.99441528320312,1252100
2018-10-19,188.5,190.0,186.0,189.5,168.32681274414062,1228100
2018-10-22,190.0,192.5,189.0,190.0,168.7709503173828,1431200
2018-10-24,188.5,190.5,188.0,188.5,167.43853759765625,1832100
2018-10-25,187.0,189.0,185.5,189.0,167.88267517089844,1685200
2018-10-26,188.0,190.5,187.0,187.0,166.1061248779297,1295000
2018-10-29,188.0,190.5,188.0,190.5,169.21505737304688,1031800
2018-10-30,190.5,190.5,188.0,189.5,168.32681274414062,1109800
2018-10-31,190.5,193.5,189.5,193.0,171.4357452392578,2667900
2018-11-01,194.0,196.0,193.0,194.0,172.32398986816406,2409900
2018-11-02,196.0,199.0,193.5,193.5,171.87986755371094,2192500
2018-11-05,193.0,196.5,192.0,193.0,171.4357452392578,1593700
2018-11-06,195.0,195.0,191.0,191.0,169.65921020507812,1611100
2018-11-07,191.5,192.5,187.5,190.0,168.7709503173828,1444500
2018-11-08,192.0,192.5,189.0,189.5,168.32681274414062,658300
2018-11-09,187.5,189.0,186.5,187.5,166.55026245117188,834800
2018-11-12,187.5,190.0,186.0,187.0,166.1061248779297,518400
2018-11-13,185.5,186.5,183.5,185.0,164.32958984375,1393000
2018-11-14,183.5,187.5,183.0,187.0,166.1061248779297,1281800
2018-11-15,188.0,188.0,185.5,186.5,165.6619873046875,936600
2018-11-16,187.0,188.5,186.5,187.5,166.55026245117188,610100
2018-11-19,188.0,189.0,188.0,188.5,167.43853759765625,567300
2018-11-20,189.0,189.0,185.0,185.5,164.77371215820312,871900
2018-11-21,185.5,190.0,185.5,189.5,168.32681274414062,925900
2018-11-22,190.0,190.0,186.5,187.0,166.1061248779297,605900
2018-11-23,188.0,190.0,187.0,189.5,168.32681274414062,653500
2018-11-26,189.5,191.0,188.0,189.0,167.88267517089844,722500
2018-11-27,189.5,194.0,189.5,192.0,170.54745483398438,952900
2018-11-28,193.5,194.0,191.0,191.0,169.65921020507812,731400
2018-11-29,192.5,193.0,191.5,193.0,171.4357452392578,1060100
2018-11-30,193.0,193.0,189.5,190.0,168.7709503173828,1368900
2018-12-03,192.5,197.5,192.5,197.5,175.43295288085938,1460100
2018-12-04,198.0,198.0,194.0,195.5,173.6564178466797,1317800
2018-12-06,194.0,195.5,193.5,195.0,173.21224975585938,1028000
2018-12-07,196.5,198.0,195.5,196.5,174.544677734375,755200
2018-12-11,195.5,196.5,194.5,196.0,174.10052490234375,517500
2018-12-12,197.0,197.0,194.5,195.0,173.21224975585938,716100
2018-12-13,194.5,195.5,194.0,194.5,172.7681427001953,886100
2018-12-14,195.5,196.5,194.0,195.0,173.21224975585938,1184800
2018-12-17,196.5,198.5,195.0,197.0,174.98880004882812,1357100
2018-12-18,195.0,197.0,192.0,192.0,170.54745483398438,1238200
2018-12-19,192.5,197.0,191.5,197.0,174.98880004882812,771800
2018-12-20,196.0,197.5,194.5,197.0,174.98880004882812,798600
2018-12-21,197.0,197.0,194.5,196.5,174.544677734375,965700
2018-12-24,195.0,196.5,195.0,195.5,173.6564178466797,438700
2018-12-25,195.0,195.0,189.5,191.0,169.65921020507812,412400
2018-12-26,190.5,191.5,188.0,191.5,170.10333251953125,822500
2018-12-27,194.0,194.0,183.5,184.5,163.8854522705078,1792500
2018-12-28,184.0,189.0,183.0,187.5,166.55026245117188,1006100
2019-01-02,187.0,190.5,187.0,187.0,166.1061248779297,978300
2019-01-03,188.5,192.5,187.5,190.0,168.7709503173828,1087500
2019-01-04,190.5,190.5,186.0,187.0,166.1061248779297,1467500
2019-01-07,188.0,190.5,188.0,190.5,169.21505737304688,937100
2019-01-08,191.5,193.5,190.5,192.5,170.99159240722656,1390100
2019-01-09,193.0,194.0,174.0,176.0,156.3351593017578,6002600
2019-01-10,172.0,173.0,168.5,172.0,152.78211975097656,11793700
2019-01-11,173.0,178.0,172.0,178.0,158.1116943359375,4691400
2019-01-14,180.0,182.0,178.5,182.0,161.66477966308594,2285500
2019-01-15,182.0,182.5,178.5,180.0,159.88827514648438,1345600
2019-01-16,180.0,181.5,179.0,181.0,160.7765350341797,931900
2019-01-17,181.5,181.5,179.0,181.0,160.7765350341797,900600
2019-01-18,181.5,182.0,180.0,181.0,160.7765350341797,1032900
2019-01-21,178.5,179.0,176.0,177.0,157.2234344482422,1348200
2019-01-22,178.0,184.5,177.0,184.0,163.44134521484375,2740300
2019-01-23,184.0,185.0,183.0,183.5,162.9971923828125,1420800
2019-01-24,185.0,185.0,183.0,185.0,164.32958984375,1468900
2019-01-25,186.0,186.0,183.5,184.0,163.44134521484375,696800
2019-01-28,183.5,188.0,183.5,188.0,166.99441528320312,1356100
2019-01-29,187.0,187.0,184.5,186.0,165.2178497314453,858200
2019-01-30,185.5,187.0,184.0,185.5,164.77371215820312,889100
2019-01-31,186.5,189.5,185.5,186.0,165.2178497314453,1570500
2019-02-01,185.5,188.0,185.5,187.0,166.1061248779297,1002400
2019-02-04,187.0,187.5,186.5,187.5,166.55026245117188,457300
2019-02-05,186.5,187.5,186.0,186.0,165.2178497314453,263700
2019-02-06,186.0,187.0,184.5,186.5,165.6619873046875,565600
2019-02-07,186.5,186.5,181.5,181.5,161.22064208984375,1757600
2019-02-08,181.5,185.0,181.0,184.0,163.44134521484375,724300
2019-02-11,183.0,184.5,182.0,183.0,162.55303955078125,568200
2019-02-12,183.0,185.0,181.0,182.0,161.66477966308594,1313800
2019-02-13,182.5,183.0,180.0,180.5,160.33238220214844,1949200
2019-02-14,181.0,182.5,180.5,182.5,162.10888671875,816800
2019-02-15,182.0,184.0,181.5,183.5,162.9971923828125,1026000
2019-02-18,184.0,184.0,181.5,181.5,161.22064208984375,350300
2019-02-20,182.5,185.5,182.0,185.5,164.77371215820312,1252300
2019-02-21,184.0,184.5,181.5,182.5,162.10888671875,1247700
2019-02-22,183.0,184.5,181.5,184.0,163.44134521484375,760000
2019-02-25,185.0,186.0,184.0,185.5,164.77371215820312,578300
2019-02-26,185.0,190.5,185.0,189.0,167.88267517089844,2691500
2019-02-27,189.0,190.0,187.0,188.0,166.99441528320312,1013500
2019-02-28,188.5,189.5,186.5,186.5,165.6619873046875,1216100
2019-03-01,186.0,188.5,185.5,186.5,165.6619873046875,656200
2019-03-04,186.0,187.0,182.5,183.0,162.55303955078125,1417000
2019-03-05,183.0,183.5,181.0,183.0,162.55303955078125,1144100
2019-03-06,181.5,182.0,178.5,180.0,161.47654724121094,1252300
2019-03-07,179.5,182.0,179.5,181.5,162.82217407226562,695600
2019-03-08,180.5,181.5,179.0,179.5,161.0279998779297,550500
2019-03-11,181.0,181.0,178.5,178.5,160.1309051513672,555100
2019-03-12,178.5,181.5,178.5,180.5,161.9250946044922,1258300
2019-03-13,180.5,181.0,179.0,180.0,161.47654724121094,782300
2019-03-14,180.0,180.0,178.5,179.0,160.57943725585938,1056000
2019-03-15,179.0,180.0,178.0,178.5,160.1309051513672,1197200
2019-03-18,178.5,179.5,176.5,177.5,159.2338104248047,781600
2019-03-19,178.0,179.0,177.0,177.5,159.2338104248047,962100
2019-03-20,177.5,178.0,177.0,177.0,158.78526306152344,675200
2019-03-21,178.0,179.0,177.0,177.5,159.2338104248047,1037000
2019-03-22,177.5,178.5,176.0,178.5,160.1309051513672,1347700
2019-03-25,177.0,178.0,174.5,175.5,157.43963623046875,1129100
2019-03-26,175.5,177.5,175.5,177.5,159.2338104248047,930600
2019-03-27,177.0,178.0,176.0,177.5,159.2338104248047,629000
2019-03-28,176.5,178.0,176.0,178.0,159.682373046875,951700
2019-03-29,178.5,180.0,178.0,179.5,161.0279998779297,1515500
2019-04-01,180.5,181.0,179.0,180.5,161.9250946044922,1794300
2019-04-02,180.5,181.0,178.5,179.5,161.0279998779297,1209900
2019-04-03,180.5,180.5,178.5,180.0,161.47654724121094,794300
2019-04-04,180.0,180.0,178.0,178.5,160.1309051513672,424500
2019-04-05,179.0,179.5,177.5,178.0,159.682373046875,479000
2019-04-09,178.0,180.0,177.5,179.5,161.0279998779297,1040100
2019-04-10,180.5,181.0,178.0,179.5,161.0279998779297,1161500
2019-04-11,179.5,180.0,177.5,178.5,160.1309051513672,1106900
2019-04-12,178.0,180.0,177.0,179.0,160.57943725585938,1362700
2019-04-17,179.0,179.5,177.5,178.5,160.1309051513672,1387900
2019-04-18,177.5,179.0,177.0,179.0,160.57943725585938,1276200
2019-04-19,178.0,179.0,177.5,178.0,159.682373046875,1109700
2019-04-22,178.0,179.0,177.0,178.5,160.1309051513672,711900
2019-04-23,177.5,178.5,177.0,178.0,159.682373046875,716700
2019-04-24,177.5,178.0,177.0,177.5,159.2338104248047,1118300
2019-04-25,177.0,178.0,175.0,176.5,158.3367462158203,1100200
2019-04-26,176.0,177.0,175.5,177.0,158.78526306152344,644300
2019-04-29,176.0,178.0,176.0,177.5,159.2338104248047,1096200
2019-04-30,177.0,178.0,176.5,177.0,158.78526306152344,1037200
2019-05-02,176.0,176.5,171.0,172.0,154.29981994628906,5231300
2019-05-03,171.5,172.5,171.0,172.0,154.29981994628906,1699600
2019-05-07,170.5,171.0,169.0,169.5,152.05709838867188,1899200
2019-05-08,169.0,171.0,169.0,169.5,152.05709838867188,1175900
2019-05-09,169.5,170.5,169.0,169.0,151.6085205078125,776100
2019-05-10,170.0,170.5,167.0,168.0,150.71144104003906,1534000
2019-05-13,168.0,169.0,164.5,166.5,149.36581420898438,1669300
2019-05-14,164.5,166.5,164.0,164.5,147.57162475585938,1596200
2019-05-15,164.5,166.5,163.0,163.0,146.22598266601562,1132900
2019-05-16,163.0,165.5,162.5,165.0,148.02017211914062,1214800
2019-05-17,165.5,165.5,163.0,163.5,146.67453002929688,982600
2019-05-21,164.0,167.0,163.5,167.0,149.81434631347656,1340400
2019-05-22,167.5,168.5,166.0,166.0,148.91725158691406,1252600
2019-05-23,166.0,167.5,163.5,163.5,146.67453002929688,716800
2019-05-24,163.0,165.5,163.0,165.0,148.02017211914062,753800
2019-05-27,165.0,167.0,165.0,166.5,149.36581420898438,858300
2019-05-28,167.0,167.5,165.0,167.5,150.2628936767578,7115900
2019-05-29,167.5,168.0,166.5,167.0,149.81434631347656,618300
2019-05-30,167.0,169.0,167.0,168.5,151.1599884033203,911900
2019-05-31,169.0,169.5,166.0,167.5,150.2628936767578,1283900
2019-06-04,169.0,172.5,168.5,172.0,154.29981994628906,1932800
2019-06-05,173.0,173.5,170.0,171.0,153.40274047851562,1256800
2019-06-06,171.5,173.5,171.0,173.0,155.19691467285156,1363500
2019-06-07,173.0,173.0,171.5,172.0,154.29981994628906,392300
2019-06-10,173.0,173.0,170.0,171.0,153.40274047851562,707600
2019-06-11,171.0,172.5,170.5,171.5,153.85125732421875,1231600
2019-06-12,171.5,173.0,171.5,173.0,155.19691467285156,798700
2019-06-13,172.0,173.5,171.5,173.5,155.64544677734375,741800
2019-06-14,173.0,173.5,171.0,173.0,155.19691467285156,632100
2019-06-17,173.0,173.5,171.0,171.0,153.40274047851562,671700
2019-06-18,170.5,171.5,168.5,170.5,152.95416259765625,1231400
2019-06-19,172.0,172.0,169.0,170.0,152.50559997558594,1328100
2019-06-20,169.5,171.0,169.0,170.5,152.95416259765625,1432000
2019-06-21,171.0,172.0,170.0,170.0,152.50559997558594,1631700
2019-06-24,171.0,172.0,170.5,170.5,152.95416259765625,590500
2019-06-25,170.5,172.0,170.0,171.0,153.40274047851562,761400
2019-06-26,170.5,171.0,168.5,170.0,152.50559997558594,1332600
2019-06-27,170.0,171.0,169.0,170.0,152.50559997558594,949200
2019-06-28,170.0,170.0,168.5,169.0,151.6085205078125,876100
2019-07-01,167.0,169.0,167.0,167.0,149.81434631347656,1198400
2019-07-02,167.5,170.0,167.0,169.5,152.05709838867188,1085200
2019-07-03,170.0,171.5,169.5,169.5,152.05709838867188,1074000
2019-07-04,170.0,173.0,169.5,170.5,152.95416259765625,2863900
2019-07-05,170.5,171.5,169.5,171.5,153.85125732421875,1270800
2019-07-08,172.0,173.5,170.0,172.5,154.74835205078125,1269000
2019-07-09,174.0,175.0,172.5,174.5,156.54254150390625,2174900
2019-07-10,175.0,175.0,173.0,175.0,156.99107360839844,1162400
2019-07-11,175.5,176.0,173.0,173.0,155.19691467285156,1120000
2019-07-12,174.0,175.0,170.5,172.0,154.29981994628906,1674100
2019-07-15,172.5,174.5,171.0,171.0,153.40274047851562,702100
2019-07-17,171.5,173.5,171.0,173.0,155.19691467285156,1142300
2019-07-18,173.0,174.0,172.5,172.5,154.74835205078125,732200
2019-07-19,174.0,174.0,171.5,172.5,154.74835205078125,655400
2019-07-22,171.5,172.5,170.5,172.0,154.29981994628906,633500
2019-07-23,172.5,173.0,170.0,171.5,153.85125732421875,645100
2019-07-24,171.5,172.0,171.0,171.5,153.85125732421875,452700
2019-07-25,172.5,172.5,170.5,171.5,153.85125732421875,606000
2019-07-26,171.0,171.5,169.5,169.5,152.05709838867188,678600
2019-07-30,170.5,171.0,169.0,170.5,152.95416259765625,634500
2019-07-31,170.0,171.5,169.0,170.5,152.95416259765625,713700
2019-08-01,169.0,170.0,167.5,168.5,151.1599884033203,687700
2019-08-02,168.0,169.5,167.0,167.5,150.2628936767578,841800
2019-08-05,167.5,169.5,167.0,167.0,149.81434631347656,780300
2019-08-06,166.0,168.0,165.0,166.5,149.36581420898438,887900
2019-08-07,165.5,167.5,165.0,165.5,148.46868896484375,858100
2019-08-08,165.5,165.5,156.0,156.5,140.39488220214844,3520400
2019-08-09,156.0,156.5,148.5,148.5,133.2181396484375,3666600
2019-08-13,149.0,149.0,142.5,142.5,127.83558654785156,2425900
2019-08-14,145.0,146.5,140.5,141.5,126.93852233886719,3086900
2019-08-15,140.5,144.5,139.0,142.5,127.83558654785156,2703500
2019-08-16,142.5,142.5,138.5,140.5,126.04139709472656,3387400
2019-08-19,140.0,143.0,140.0,141.5,126.93852233886719,1766400
2019-08-20,141.5,142.5,140.0,141.0,126.48994445800781,2003300
2019-08-21,141.5,144.0,141.0,143.0,128.28411865234375,1716600
2019-08-22,140.0,142.5,139.5,140.5,127.06324768066406,2017900
2019-08-23,141.0,142.0,140.5,141.0,127.51543426513672,1227600
2019-08-26,138.0,139.0,136.5,137.5,124.35015869140625,1657600
2019-08-27,136.5,138.5,135.5,135.5,122.54145050048828,2423200
2019-08-28,136.0,137.5,135.5,137.5,124.35015869140625,888900
2019-08-29,137.5,140.0,137.0,140.0,126.6110610961914,763000
2019-08-30,140.5,141.5,138.0,138.5,125.25452423095703,1970700
2019-09-02,138.0,139.5,136.0,137.0,123.89798736572266,1497000
2019-09-03,137.0,138.0,134.0,134.5,121.6370620727539,1760300
2019-09-04,135.5,135.5,132.0,134.0,121.18488311767578,2128300
2019-09-05,135.0,139.5,134.0,136.5,123.44580841064453,2226800
2019-09-06,136.5,137.5,135.0,136.5,123.44580841064453,1082800
2019-09-09,136.5,142.0,136.5,140.0,126.6110610961914,2592900
2019-09-10,140.0,140.0,137.5,139.0,125.70670318603516,2230100
2019-09-11,139.0,142.0,139.0,142.0,128.41981506347656,1829400
2019-09-12,143.0,143.0,138.5,139.0,125.70670318603516,1407700
2019-09-13,139.0,141.0,138.0,138.5,125.25452423095703,947300
2019-09-16,138.0,139.0,136.0,136.5,123.44580841064453,1247600
2019-09-17,137.0,137.5,133.5,134.0,121.18488311767578,1906300
2019-09-18,134.0,135.0,131.5,132.5,119.82832336425781,1457900
2019-09-19,133.0,134.5,132.0,132.5,119.82832336425781,1668900
2019-09-20,133.0,133.5,126.5,127.0,114.85431671142578,4448400
2019-09-23,126.5,128.5,125.0,125.5,113.4977798461914,1328900
2019-09-24,125.5,128.0,125.5,126.0,113.94994354248047,1680400
2019-09-25,126.5,127.0,125.5,126.0,113.94994354248047,911700
2019-09-26,127.0,128.0,126.5,128.0,115.7586898803711,604800
2019-09-27,127.5,130.5,127.0,128.0,115.7586898803711,2581400
2019-09-30,128.0,130.0,128.0,128.0,115.7586898803711,1929500
2019-10-01,129.0,129.5,126.5,127.0,114.85431671142578,1253700
2019-10-02,126.0,128.0,126.0,127.0,114.85431671142578,783400
2019-10-03,126.0,127.0,125.0,126.5,114.40214538574219,861700
2019-10-04,126.5,126.5,122.0,122.5,110.78469848632812,1459800
2019-10-07,123.0,123.5,121.0,122.5,110.78469848632812,1021300
2019-10-08,124.0,127.0,124.0,124.5,112.59341430664062,1050600
2019-10-09,124.0,124.5,122.0,124.5,112.59341430664062,656300
2019-10-10,125.0,126.0,123.0,123.5,111.68905639648438,1266600
2019-10-11,123.5,125.0,122.5,124.0,112.14124298095703,894000
2019-10-15,125.0,125.5,121.5,122.0,110.33250427246094,1529100
2019-10-16,122.0,124.0,122.0,123.5,111.68905639648438,644200
2019-10-17,124.0,125.0,124.0,125.0,113.04560089111328,879400
2019-10-18,124.5,126.0,122.5,123.0,111.23686981201172,713100
2019-10-21,123.0,123.0,116.0,116.5,105.35848999023438,1865300
2019-10-22,116.5,120.0,116.0,120.0,108.5237808227539,1382600
2019-10-24,119.0,121.5,119.0,120.5,108.9759521484375,984600
2019-10-25,119.0,120.0,111.5,112.0,101.28884887695312,2918700
2019-10-28,112.5,123.0,112.5,122.0,110.33250427246094,2958800
2019-10-29,121.5,125.0,118.0,119.0,107.61941528320312,2208400
2019-10-30,121.0,121.0,116.5,119.5,108.07159423828125,1496600
2019-10-31,119.0,123.0,118.5,120.5,108.9759521484375,1274500
2019-11-01,119.5,121.0,118.5,119.5,108.07159423828125,876300
2019-11-04,120.0,126.0,120.0,126.0,113.94994354248047,2641900
2019-11-05,125.0,127.0,124.0,125.5,113.4977798461914,1802200
2019-11-06,125.5,129.5,125.5,128.5,116.21087646484375,2006900
2019-11-07,130.0,131.0,128.0,129.5,117.11522674560547,2739200
2019-11-08,129.0,132.0,129.0,131.5,118.92396545410156,1464300
2019-11-11,131.5,132.5,129.5,130.5,118.01961517333984,1383700
2019-11-12,130.5,131.0,126.5,128.5,116.21087646484375,2333200
2019-11-13,127.0,130.5,126.5,129.0,116.6630630493164,2740400
2019-11-14,129.0,130.5,127.5,128.0,115.7586898803711,1626100
2019-11-15,128.5,129.5,127.5,128.5,116.21087646484375,1462800
2019-11-18,128.5,130.0,127.5,129.5,117.11522674560547,954800
2019-11-19,129.0,132.5,129.0,132.0,119.37614440917969,2446500
2019-11-20,131.0,132.0,129.5,130.5,118.01961517333984,1813500
2019-11-21,130.0,131.5,129.0,131.5,118.92396545410156,1346800
2019-11-22,131.5,131.5,129.0,129.5,117.11522674560547,1732100
2019-11-25,129.5,131.0,128.5,130.5,118.01961517333984,1150300
2019-11-26,131.0,132.0,130.0,130.0,117.56741333007812,4270700
2019-11-27,131.0,135.0,130.0,134.5,121.6370620727539,3217800
2019-11-28,134.5,136.5,133.5,135.5,122.54145050048828,2288000
2019-11-29,135.0,136.5,134.5,135.5,122.54145050048828,1439500
2019-12-02,136.0,138.5,134.5,135.0,122.0892333984375,2578900
2019-12-03,134.5,137.5,134.5,136.5,123.44580841064453,1564000
2019-12-04,136.0,136.5,131.0,133.0,120.28052520751953,1533200
2019-12-06,133.0,134.0,129.0,131.0,118.47178649902344,2679300
2019-12-09,132.0,138.5,132.0,137.5,124.35015869140625,2835500
2019-12-11,139.0,139.5,137.5,139.0,125.70670318603516,2507200
2019-12-12,141.0,142.5,139.5,142.5,128.87200927734375,2280100
2019-12-13,142.5,142.5,138.5,142.5,128.87200927734375,2475700
2019-12-16,142.5,143.0,137.0,138.0,124.80233764648438,1763500
2019-12-17,138.5,142.0,138.5,139.0,125.70670318603516,1835800
2019-12-18,140.0,141.0,139.0,140.5,127.06324768066406,944500
2019-12-19,140.0,142.5,138.5,141.0,127.51543426513672,1608400
2019-12-20,141.0,144.5,141.0,142.5,128.87200927734375,2526000
2019-12-23,142.5,145.5,142.5,145.5,131.5850830078125,1605900
2019-12-24,145.5,148.5,144.0,148.5,134.2981719970703,1631500
2019-12-25,148.5,148.5,146.0,147.0,132.94163513183594,634000
2019-12-26,146.0,146.5,144.0,146.0,132.03726196289062,843300
2019-12-27,145.0,147.5,144.5,145.0,131.13290405273438,1679200
2019-12-30,146.5,148.0,144.5,147.0,132.94163513183594,811300
2020-01-02,147.5,147.5,145.5,146.5,132.48944091796875,829600
2020-01-03,146.0,146.5,140.0,141.5,127.9676284790039,1941000
2020-01-06,138.0,141.0,137.5,138.5,125.25452423095703,1892000
2020-01-07,139.5,143.0,139.5,141.5,127.9676284790039,1711400
2020-01-08,139.5,142.0,139.5,140.5,127.06324768066406,1370600
2020-01-09,141.5,142.5,139.5,140.5,127.06324768066406,1210400
2020-01-10,139.0,141.5,139.0,140.5,127.06324768066406,875600
2020-01-13,141.5,141.5,139.0,140.0,126.6110610961914,990100
2020-01-14,139.5,143.0,139.5,142.5,128.87200927734375,1317900
2020-01-15,142.5,145.5,142.5,145.5,131.5850830078125,1434300
2020-01-16,145.5,146.5,142.0,146.0,132.03726196289062,1129900
2020-01-17,145.5,147.0,143.5,145.0,131.13290405273438,1205700
2020-01-20,145.0,146.5,142.0,143.5,129.7763671875,1025900
2020-01-21,143.0,144.5,140.5,141.0,127.51543426513672,1477700
2020-01-22,140.5,144.5,140.5,143.5,129.7763671875,1250000
2020-01-23,143.5,147.0,143.0,144.5,130.6807098388672,1905700
2020-01-24,145.0,145.5,144.0,144.5,130.6807098388672,320800
2020-01-27,143.0,146.0,141.0,141.5,127.9676284790039,1341600
2020-01-28,141.5,142.5,135.5,138.5,125.25452423095703,1978800
2020-01-29,136.5,139.5,135.5,136.0,122.99360656738281,1582600
2020-01-30,135.0,137.5,134.5,135.0,122.0892333984375,1243400
2020-01-31,134.0,134.5,130.0,133.5,120.73269653320312,2787400
2020-02-03,132.0,133.0,129.5,129.5,117.11522674560547,1576600
2020-02-04,130.0,135.5,130.0,134.0,121.18488311767578,2420400
2020-02-05,133.0,134.5,132.0,132.5,119.82832336425781,1109300
2020-02-06,131.5,133.0,131.0,131.5,118.92396545410156,1662800
2020-02-07,131.0,135.5,131.0,134.5,121.6370620727539,1987000
2020-02-11,134.5,136.5,134.0,134.0,121.18488311767578,1029800
2020-02-12,133.5,138.0,133.5,136.5,123.44580841064453,1188100
2020-02-13,135.5,136.5,131.5,132.0,119.37614440917969,2230100
2020-02-14,133.0,134.0,132.5,132.5,119.82832336425781,582200
2020-02-17,132.0,133.5,132.0,132.0,119.37614440917969,378600
2020-02-18,131.5,132.5,129.5,131.0,118.47178649902344,1444200
2020-02-19,131.0,132.0,129.0,130.0,117.56741333007812,1143100
2020-02-20,132.0,132.0,128.5,130.0,117.56741333007812,1538900
2020-02-21,128.0,128.5,125.0,127.5,115.30651092529297,1746300
2020-02-24,122.5,125.5,119.0,121.0,109.42813873291016,2181100
2020-02-25,121.0,122.0,115.0,117.0,105.81067657470703,3570500
2020-02-26,112.5,114.0,107.5,112.0,101.28884887695312,5739700
2020-02-27,133.0,133.0,127.0,130.0,117.56741333007812,10323900
2020-02-28,128.0,129.5,125.0,128.5,116.21087646484375,5188400
2020-03-02,130.5,133.0,126.0,130.5,118.01961517333984,4967300
2020-03-03,132.5,132.5,129.0,131.0,118.47178649902344,2104100
2020-03-04,130.0,132.5,129.5,132.5,119.82832336425781,1794500
2020-03-05,131.0,133.0,130.5,131.0,118.47178649902344,2682000
2020-03-06,130.0,133.5,129.5,132.5,119.82832336425781,2950100
2020-03-09,132.0,132.5,127.5,131.0,118.47178649902344,3834600
2020-03-10,130.5,132.0,128.5,130.0,117.56741333007812,2257900
2020-03-11,128.0,131.5,127.0,130.0,117.56741333007812,3944400
2020-03-12,127.0,128.0,121.0,123.5,111.68905639648438,6311000
2020-03-13,117.0,125.0,111.5,122.5,112.6546630859375,6010100
2020-03-16,117.0,120.0,111.5,114.5,105.29762268066406,3509700
2020-03-17,114.0,120.5,113.5,115.5,106.21724700927734,1990900
2020-03-18,115.5,124.0,115.5,120.0,110.3555908203125,2555700
2020-03-19,118.0,131.5,118.0,129.0,118.63225555419922,3163900
2020-03-20,132.0,133.0,127.5,130.0,119.55187225341797,2383500
2020-03-23,126.0,131.5,123.0,124.0,114.03411102294922,2496200
2020-03-24,126.0,127.5,123.0,126.0,115.87335205078125,2594400
2020-03-25,129.5,130.5,127.0,128.5,118.17244720458984,2028600
2020-03-26,107.5,120.0,107.5,115.0,107.47197723388672,14579700
2020-03-27,117.5,117.5,112.0,112.0,104.6683578491211,2879800
2020-03-30,111.0,111.5,108.0,110.5,103.26654815673828,1579400
2020-03-31,111.5,114.5,111.0,114.0,106.53743743896484,1596300
2020-04-01,113.0,114.5,113.0,114.0,106.53743743896484,1286500
2020-04-02,114.0,115.0,113.0,115.0,107.47197723388672,1512300
2020-04-03,115.5,116.0,113.0,113.5,106.07015991210938,1083100
2020-04-07,116.0,119.5,114.5,118.0,110.27558898925781,2220300
2020-04-08,118.0,118.5,115.5,118.0,110.27558898925781,1250600
2020-04-09,117.5,120.0,116.0,117.5,109.80831909179688,1549700
2020-04-10,117.0,119.5,116.0,117.0,109.34104919433594,1318200
2020-04-13,117.0,117.5,115.5,116.5,108.87376403808594,747500
2020-04-14,118.0,126.0,117.5,124.5,116.35008239746094,3153500
2020-04-15,124.0,125.0,117.5,118.5,110.74285125732422,1950000
2020-04-16,117.0,118.5,115.5,116.0,108.40650939941406,1279600
2020-04-17,117.5,119.5,116.5,118.0,110.27558898925781,1037700
2020-04-20,119.0,121.5,118.5,120.0,112.14466857910156,1251000
2020-04-21,118.0,121.5,118.0,119.0,111.21012878417969,857500
2020-04-22,117.5,120.5,117.5,120.5,112.61193084716797,852900
2020-04-23,119.0,120.5,119.0,120.5,112.61193084716797,391100
2020-04-24,120.0,122.0,118.0,119.0,111.21012878417969,901200
2020-04-27,119.5,119.5,117.5,117.5,109.80831909179688,402100
2020-04-28,117.0,121.0,117.0,119.0,111.21012878417969,693600
2020-04-29,119.0,119.0,116.5,118.0,110.27558898925781,1603300
2020-04-30,117.5,118.5,117.0,117.5,109.80831909179688,758400
2020-05-05,116.0,118.0,115.5,115.5,107.93923950195312,987000
2020-05-07,116.0,116.0,112.5,113.0,105.60289001464844,1330100
2020-05-08,113.0,113.5,111.0,112.0,104.6683578491211,819400
2020-05-11,113.0,118.0,112.5,115.0,107.47197723388672,1621700
2020-05-12,115.0,116.0,114.5,115.0,107.47197723388672,604300
2020-05-13,114.0,115.0,113.0,113.0,105.60289001464844,804800
2020-05-14,112.5,114.0,112.0,112.5,105.13562774658203,824800
2020-05-15,114.0,114.0,112.0,112.0,104.6683578491211,837400
2020-05-18,112.5,113.0,105.0,105.0,98.12657928466797,2941100
2020-05-19,108.0,111.5,107.5,109.5,102.33200073242188,2228900
2020-05-20,110.5,112.0,109.5,111.0,103.73381042480469,719600
2020-05-21,110.5,111.0,108.0,108.5,101.39746856689453,1834500
2020-05-22,108.0,108.5,107.0,108.5,101.39746856689453,698200
2020-05-25,108.5,110.0,108.0,109.5,102.33200073242188,797100
2020-05-26,111.0,113.0,110.0,112.0,104.6683578491211,3025000
2020-05-27,113.0,116.5,112.5,115.5,107.93923950195312,3320600
2020-05-28,117.5,117.5,114.5,117.5,109.80831909179688,3907600
2020-05-29,116.5,120.0,115.5,120.0,112.14466857910156,6547400
2020-06-01,123.0,123.5,120.5,120.5,112.61193084716797,2260400
2020-06-02,121.5,123.0,120.5,120.5,112.61193084716797,1714600
2020-06-04,122.0,126.0,121.5,124.5,116.35008239746094,2991600
2020-06-05,125.5,126.0,123.5,123.5,115.4155502319336,1876700
2020-06-08,124.0,125.0,121.5,123.5,115.4155502319336,2893000
2020-06-09,124.0,125.0,117.5,121.0,113.0792007446289,3453100
2020-06-10,121.0,122.0,119.5,121.0,113.0792007446289,1731300
2020-06-11,121.0,122.0,119.0,120.5,112.61193084716797,1271000
2020-06-12,119.0,120.0,117.5,119.0,111.21012878417969,2129600
2020-06-15,118.0,120.5,117.0,118.0,110.27558898925781,1852600
2020-06-16,120.5,121.0,117.5,117.5,109.80831909179688,1368700
2020-06-17,118.0,119.0,116.5,118.0,110.27558898925781,1816400
2020-06-18,117.0,118.0,116.0,117.0,109.34104919433594,768700
2020-06-19,117.0,118.0,116.0,117.5,109.80831909179688,1284600
2020-06-22,117.5,118.5,116.5,116.5,108.87376403808594,1027100
2020-06-23,117.5,117.5,116.0,116.5,108.87376403808594,595500
2020-06-24,116.5,117.0,114.0,114.0,106.53743743896484,2805100
2020-06-25,112.0,113.5,110.5,112.0,104.6683578491211,1706400
2020-06-26,112.0,114.0,112.0,113.5,106.07015991210938,1341100
2020-06-29,112.5,113.5,111.5,113.0,105.60289001464844,1637600
2020-06-30,115.0,118.5,113.5,116.5,108.87376403808594,2460400
2020-07-01,118.0,120.0,117.0,119.5,111.6773910522461,2238100
2020-07-02,120.0,121.0,118.5,121.0,113.0792007446289,1494100
2020-07-03,122.0,122.5,120.0,120.0,112.14466857910156,708100
2020-07-07,123.0,124.0,121.0,121.0,113.0792007446289,1090300
2020-07-08,120.0,122.5,119.0,120.0,112.14466857910156,1127500
2020-07-09,121.0,123.0,119.5,122.0,114.01374816894531,1499600
2020-07-10,121.0,121.5,119.0,120.5,112.61193084716797,953000
2020-07-13,121.0,122.0,116.0,117.0,109.34104919433594,1322100
2020-07-14,114.5,117.0,114.0,115.5,107.93923950195312,1267900
2020-07-15,116.5,118.5,115.5,118.5,110.74285125732422,1039600
2020-07-16,117.0,119.5,116.0,116.5,108.87376403808594,824000
2020-07-17,118.0,120.5,116.5,118.0,110.27558898925781,1020100
2020-07-20,119.5,121.5,118.5,121.0,113.0792007446289,1126500
2020-07-21,121.5,122.5,119.5,119.5,111.6773910522461,789400
2020-07-22,119.5,121.0,117.0,118.0,110.27558898925781,896300
2020-07-23,118.0,119.0,117.5,118.0,110.27558898925781,690500
2020-07-24,114.5,116.0,114.0,114.5,107.00469207763672,1719300
2020-07-29,114.0,114.5,113.0,113.5,106.07015991210938,1824700
2020-07-30,114.5,114.5,110.5,111.0,103.73381042480469,1244900
2020-07-31,111.5,114.5,109.5,114.5,107.00469207763672,1595400
2020-08-03,114.5,115.0,112.0,113.5,106.07015991210938,766200
2020-08-04,114.5,114.5,110.0,110.5,103.26654815673828,1827500
2020-08-05,111.0,111.5,109.5,110.5,103.26654815673828,1460200
2020-08-06,106.0,109.0,105.5,109.0,101.86473846435547,3177400
2020-08-07,109.0,111.5,107.5,111.5,104.20108795166016,1361300
2020-08-10,110.5,112.5,109.0,111.0,103.73381042480469,878100
2020-08-11,111.0,114.0,111.0,111.5,104.20108795166016,1824900
2020-08-13,113.5,114.5,113.0,114.5,107.00469207763672,1724600
2020-08-14,114.0,114.5,113.0,114.5,107.00469207763672,1865400
2020-08-17,114.5,114.5,112.5,113.5,106.07015991210938,1153800
2020-08-18,113.5,116.0,113.5,116.0,108.40650939941406,1985400
2020-08-19,115.5,115.5,112.0,112.5,106.1883544921875,1594300
2020-08-20,111.0,113.5,110.5,110.5,104.3005599975586,1526900
2020-08-21,112.0,113.0,111.0,112.5,106.1883544921875,1148300
2020-08-24,113.0,113.0,111.5,112.5,106.1883544921875,688100
2020-08-25,111.5,113.0,111.0,111.5,105.24446105957031,1816000
2020-08-26,111.5,112.5,110.0,110.5,104.3005599975586,1533600
2020-08-27,112.0,112.5,111.0,111.5,105.24446105957031,705400
2020-08-28,112.5,113.0,110.5,112.5,106.1883544921875,1849100
2020-08-31,113.0,114.5,110.5,110.5,104.3005599975586,4682900
2020-09-01,111.0,111.0,108.5,109.5,103.35665893554688,2087600
2020-09-02,109.5,110.0,108.0,108.5,102.41276550292969,1542800
2020-09-03,109.0,110.5,108.0,110.5,104.3005599975586,1751900
2020-09-08,111.0,111.5,108.0,110.0,103.82862091064453,1708300
2020-09-09,109.0,109.5,107.0,108.0,101.9408187866211,1783200
2020-09-10,107.5,110.5,107.5,110.5,104.3005599975586,1501800
2020-09-11,110.0,110.5,108.5,109.0,102.88471984863281,816600
2020-09-14,109.5,109.5,107.0,107.5,101.4688720703125,818800
2020-09-15,107.5,108.0,105.0,105.5,99.5810775756836,2538400
2020-09-16,106.0,109.5,106.0,108.0,101.9408187866211,2718600
2020-09-17,107.0,108.5,107.0,107.5,101.4688720703125,1074800
2020-09-18,107.5,108.5,106.5,108.5,102.41276550292969,1519600
2020-09-21,108.5,109.0,107.0,108.0,101.9408187866211,642400
2020-09-22,107.0,108.0,105.5,106.0,100.05302429199219,1115400
2020-09-23,106.5,106.5,105.5,106.0,100.05302429199219,478200
2020-09-24,106.5,106.5,105.0,106.0,100.05302429199219,1664400
2020-09-25,105.5,106.0,104.0,104.5,98.6371841430664,1276100
2020-09-28,105.0,105.5,104.0,104.5,98.6371841430664,1140300
2020-09-29,104.5,104.5,100.0,100.0,94.3896484375,2789200
2020-09-30,100.0,100.5,95.0,95.25,89.90613555908203,5726000
2020-10-01,95.5,97.0,93.75,97.0,91.5579605102539,3555700
2020-10-02,96.75,97.5,95.75,97.0,91.5579605102539,2316800
2020-10-05,97.25,97.75,97.0,97.25,91.7939224243164,1068700
2020-10-06,98.0,98.0,96.75,97.0,91.5579605102539,1075800
2020-10-07,96.5,99.5,96.0,99.0,93.44575500488281,1487800
2020-10-08,99.0,101.0,99.0,100.0,94.3896484375,2124000
2020-10-09,99.75,100.5,97.0,97.0,91.5579605102539,1827900
2020-10-12,97.0,97.75,95.75,96.0,90.61406707763672,1236000
2020-10-14,95.75,96.0,95.0,95.5,90.1421127319336,739900
2020-10-15,95.25,96.25,95.0,95.25,89.90613555908203,1003100
2020-10-16,95.5,96.25,94.0,94.0,88.72627258300781,1339100
2020-10-19,94.0,94.5,92.75,94.0,88.72627258300781,1678300
2020-10-20,93.75,94.25,92.0,92.25,87.0744400024414,1858200
2020-10-21,92.25,94.0,92.0,93.75,88.49028778076172,1492000
2020-10-22,93.25,95.75,93.0,95.5,90.1421127319336,2659400
2020-10-26,94.0,95.0,91.75,92.25,87.0744400024414,2984200
2020-10-27,92.0,93.5,91.5,93.25,88.01834106445312,1640000
2020-10-28,92.5,94.5,92.25,93.5,88.25431823730469,1394200
2020-10-29,93.25,93.75,92.25,92.25,87.0744400024414,1759000
2020-10-30,92.5,92.5,91.0,91.0,85.89458465576172,1459400
2020-11-02,92.0,92.0,90.5,91.5,86.36653137207031,1251800
2020-11-03,92.0,92.75,91.25,92.25,87.0744400024414,947800
2020-11-04,92.25,93.25,91.75,92.25,87.0744400024414,1412800
2020-11-05,92.25,94.0,91.0,94.0,88.72627258300781,3975300
2020-11-06,94.0,94.25,92.75,93.75,88.49028778076172,2217400
2020-11-09,95.0,96.25,94.75,96.25,90.85002899169922,2971900
2020-11-10,104.0,111.0,102.5,109.0,102.88471984863281,8502200
2020-11-11,111.0,114.5,108.0,110.0,103.82862091064453,5829400
2020-11-12,111.0,111.0,105.0,106.5,100.52497863769531,4325700
2020-11-13,105.0,107.0,104.5,106.5,100.52497863769531,2067600
2020-11-16,108.5,109.0,106.0,106.5,100.52497863769531,2459700
2020-11-17,108.5,110.0,104.5,105.0,99.109130859375,4707000
2020-11-18,104.5,107.0,104.5,107.0,100.9969253540039,1213400
2020-11-19,108.0,108.5,106.5,107.5,101.4688720703125,2014000
2020-11-20,107.5,114.0,107.0,114.0,107.60420227050781,5974400
2020-11-23,117.0,125.0,116.0,123.5,116.57121276855469,8591700
2020-11-24,117.0,119.0,113.5,115.0,108.54810333251953,9946400
2020-11-25,116.0,121.5,112.5,121.0,114.21147155761719,10696000
2020-11-26,121.5,132.0,120.5,128.5,121.29068756103516,9692100
2020-11-27,127.0,130.0,123.0,126.5,119.40290069580078,5393700
2020-11-30,123.5,125.0,119.5,124.5,117.51510620117188,6438400
2020-12-01,125.0,133.5,124.0,132.5,125.0662612915039,8251300
2020-12-02,132.0,137.0,129.5,132.0,124.5943374633789,7137000
2020-12-03,132.0,133.5,127.5,129.0,121.76264953613281,4959700
2020-12-04,128.0,130.5,127.5,128.5,121.29068756103516,3773900
2020-12-08,128.0,129.5,127.0,127.5,120.3468017578125,4023900
2020-12-09,128.5,129.5,125.5,126.5,119.40290069580078,3379300
2020-12-14,126.5,127.5,122.0,122.5,115.6273193359375,2874200
2020-12-15,122.5,124.5,120.5,123.0,116.0992660522461,2613700
2020-12-16,123.0,123.0,121.0,123.0,116.0992660522461,1661500
2020-12-17,123.5,126.5,121.5,122.5,115.6273193359375,3472000
2020-12-18,122.5,123.0,119.5,120.0,113.267578125,4706700
2020-12-21,115.0,119.0,115.0,116.0,109.49198913574219,4630500
2020-12-22,116.0,116.5,113.5,115.5,109.0200424194336,2873600
2020-12-23,116.0,121.5,115.5,117.5,110.9078369140625,3813400
2020-12-24,118.5,119.0,115.5,117.5,110.9078369140625,1676000
2020-12-25,118.5,126.0,118.0,126.0,118.93095397949219,5367700
2020-12-28,129.0,129.0,121.0,122.5,115.6273193359375,2988200
2020-12-29,123.0,123.5,121.0,122.5,115.6273193359375,1319100
2020-12-30,122.5,123.5,118.5,120.0,113.267578125,1787700
2021-01-04,117.0,120.5,116.5,120.0,113.267578125,1964500
2021-01-05,118.5,123.0,118.5,123.0,116.0992660522461,1404400
2021-01-06,122.5,123.5,119.5,119.5,112.79562377929688,1947800
2021-01-07,121.0,124.5,120.5,123.0,116.0992660522461,2734700
2021-01-08,125.0,128.5,123.5,128.5,121.29068756103516,3922400
2021-01-11,128.5,129.0,126.0,127.5,120.3468017578125,2710400
2021-01-12,127.5,128.5,124.0,126.0,118.93095397949219,1837800
2021-01-13,125.0,128.0,124.0,127.0,119.8748550415039,1950800
2021-01-14,126.5,132.0,125.5,128.5,121.29068756103516,6056300
2021-01-15,129.0,130.0,123.0,123.5,116.57121276855469,4219600
2021-01-18,123.5,125.0,122.5,124.0,117.04316711425781,1337900
2021-01-19,124.5,127.0,124.0,124.0,117.04316711425781,1256700
2021-01-20,125.0,127.0,123.5,124.5,117.51510620117188,2302300
2021-01-21,125.5,128.0,125.0,127.0,119.8748550415039,2113400
2021-01-22,127.0,127.5,124.0,125.0,117.987060546875,1306300
2021-01-25,126.0,127.5,125.0,127.5,120.3468017578125,1309900
2021-01-26,126.5,128.5,125.5,128.0,120.8187484741211,1238300
2021-01-27,128.0,128.0,124.5,126.0,118.93095397949219,1609100
2021-01-28,124.5,126.5,124.0,125.0,117.987060546875,2222800
2021-01-29,125.0,126.5,121.0,125.5,118.4590072631836,3156800
2021-02-01,124.5,125.5,122.5,124.5,117.51510620117188,2167500
2021-02-02,125.0,128.0,124.5,127.0,119.8748550415039,2064500
2021-02-03,128.5,133.0,127.0,132.5,125.0662612915039,7044300
2021-02-04,133.5,133.5,126.0,128.5,121.29068756103516,4241500
2021-02-05,129.0,130.0,126.5,127.0,119.8748550415039,1977100
2021-02-08,128.0,133.0,127.0,133.0,125.53824615478516,3266100
2021-02-09,133.0,133.5,129.0,129.5,122.23458862304688,2483400
2021-02-10,130.0,130.5,126.5,127.5,120.3468017578125,2030600
2021-02-11,128.0,128.0,126.0,126.5,119.40290069580078,639900
2021-02-15,126.5,127.0,125.0,126.5,119.40290069580078,1000900
2021-02-16,126.5,128.0,126.5,126.5,119.40290069580078,838200
2021-02-17,126.0,128.0,125.0,126.0,118.93095397949219,1623800
2021-02-18,125.5,128.0,122.5,126.0,118.93095397949219,3183400
2021-02-19,125.5,128.0,125.0,127.5,120.3468017578125,1698400
2021-02-22,128.0,129.0,124.5,127.5,120.3468017578125,921400
2021-02-23,127.5,131.0,126.0,128.5,121.29068756103516,2729700
2021-02-24,129.0,132.0,128.5,128.5,121.29068756103516,2689800
2021-02-25,130.0,130.0,125.5,126.5,119.40290069580078,2490800
2021-03-01,125.0,131.0,125.0,126.5,119.40290069580078,2553300
2021-03-02,129.5,130.5,126.5,127.0,119.8748550415039,2475700
2021-03-03,128.5,132.0,128.5,132.0,124.5943374633789,3176800
2021-03-04,131.5,135.0,129.0,130.0,122.70654296875,3895200
2021-03-05,128.0,130.0,128.0,129.0,121.76264953613281,2670000
2021-03-08,131.0,131.0,129.0,129.5,122.23458862304688,1381800
2021-03-09,130.0,138.5,129.5,136.5,128.8418731689453,6431600
2021-03-10,136.5,139.0,133.5,139.0,133.2020721435547,3724800
2021-03-11,140.0,140.0,134.0,136.0,130.3272247314453,2847000
2021-03-12,136.0,137.5,134.0,135.0,129.36892700195312,2136100
2021-03-15,136.0,136.5,133.5,135.0,129.36892700195312,1181400
2021-03-16,135.5,136.0,134.0,134.5,128.88978576660156,1332800
2021-03-17,134.5,139.5,134.0,139.5,133.68121337890625,2383000
2021-03-18,140.0,140.5,136.0,136.0,130.3272247314453,2746300
2021-03-19,136.0,136.5,134.5,135.5,129.84808349609375,1433600
2021-03-22,135.5,136.0,134.5,135.0,129.36892700195312,723400
2021-03-23,135.0,137.5,134.5,135.0,129.36892700195312,965200
2021-03-24,135.0,136.0,133.0,136.0,130.3272247314453,1124700
2021-03-25,136.0,136.0,134.0,134.5,128.88978576660156,1202900
2021-03-26,135.5,136.5,134.5,135.0,129.36892700195312,904400
2021-03-29,136.0,138.5,136.0,138.0,132.24380493164062,1493100
2021-03-30,138.5,138.5,136.0,136.5,130.80638122558594,1157900
2021-03-31,136.5,137.5,135.0,136.0,130.3272247314453,853600
2021-04-01,136.0,137.5,135.5,137.5,131.7646484375,919600
2021-04-02,137.5,137.5,136.5,136.5,130.80638122558594,440900
2021-04-05,135.5,137.0,135.0,135.0,129.36892700195312,643200
2021-04-07,135.0,136.5,134.0,135.5,129.84808349609375,810100
2021-04-08,135.0,137.5,135.0,135.5,129.84808349609375,1026900
2021-04-09,135.5,144.5,135.0,142.5,136.55609130859375,4640100
2021-04-12,143.0,143.0,137.5,138.5,132.7229461669922,2215700
2021-04-16,139.5,139.5,137.0,138.0,132.24380493164062,865400
2021-04-19,138.0,140.5,137.5,138.5,132.7229461669922,1024800
2021-04-20,138.0,140.0,137.0,140.0,134.16036987304688,1708700
2021-04-21,140.0,142.0,138.5,139.0,133.2020721435547,1948400
2021-04-22,139.5,139.5,136.0,136.0,130.3272247314453,1705500
2021-04-23,135.0,139.0,134.5,137.0,131.28550720214844,2236400
2021-04-26,137.0,141.5,136.0,139.5,133.68121337890625,2435000
2021-04-27,140.0,140.5,137.5,138.5,132.7229461669922,1029200
2021-04-28,139.5,141.0,139.0,141.0,135.11866760253906,1205100
2021-04-29,137.0,139.0,137.0,138.5,132.7229461669922,1974600
2021-04-30,137.0,137.5,132.0,134.0,128.41064453125,3427200
2021-05-05,133.5,134.0,129.5,130.5,125.056640625,2709700
2021-05-06,130.0,132.5,129.0,132.5,126.97319030761719,1656700
2021-05-07,131.5,132.5,130.0,132.0,126.49407196044922,1409400
2021-05-10,132.5,133.0,126.5,128.5,123.14005279541016,2381000
2021-05-11,127.0,129.5,126.0,128.0,122.6609115600586,2008100
2021-05-12,127.5,128.5,125.5,126.0,120.74433898925781,1492600
2021-05-13,125.0,127.0,123.0,126.5,121.22348022460938,2020000
2021-05-14,126.5,128.0,125.0,127.0,121.70262145996094,1302800
2021-05-17,127.0,127.5,126.0,126.5,121.22348022460938,978400
2021-05-18,127.5,128.5,126.5,127.5,122.18177032470703,780700
2021-05-19,127.5,129.0,127.0,128.0,122.6609115600586,1118400
2021-05-20,128.5,130.0,127.5,128.0,122.6609115600586,1329100
2021-05-21,129.0,130.0,128.0,128.0,122.6609115600586,769000
2021-05-24,130.0,133.0,129.5,131.0,125.53578186035156,2168100
2021-05-25,131.5,132.5,131.0,132.0,126.49407196044922,1170500
2021-05-27,132.5,133.5,130.5,131.5,126.01493072509766,4717400
2021-05-28,131.0,132.5,131.0,131.0,125.53578186035156,610900
2021-05-31,131.5,132.0,131.0,132.0,126.49407196044922,569400
2021-06-01,132.5,133.5,131.5,132.0,126.49407196044922,1840200
2021-06-02,132.5,134.0,131.5,132.0,126.49407196044922,1195200
2021-06-04,133.0,133.0,131.0,131.5,126.01493072509766,1009800
2021-06-07,132.5,133.0,130.5,131.0,125.53578186035156,729400
2021-06-08,130.0,132.0,129.5,131.0,125.53578186035156,1103200
2021-06-09,131.0,135.0,131.0,133.0,127.45236206054688,2425500
2021-06-10,134.5,135.5,133.5,134.0,128.41064453125,835600
2021-06-11,135.0,136.0,133.5,135.5,129.84808349609375,1103200
2021-06-14,136.0,137.0,134.5,135.5,129.84808349609375,448500
2021-06-15,135.5,135.5,133.5,134.0,128.41064453125,1113900
2021-06-16,132.5,134.5,132.5,134.0,128.41064453125,667000
2021-06-17,133.0,134.0,131.5,131.5,126.01493072509766,1388900
2021-06-18,132.0,134.0,130.0,134.0,128.41064453125,4687800
2021-06-21,132.5,132.5,130.5,130.5,125.056640625,1875800
2021-06-22,131.5,131.5,128.5,129.5,124.09834289550781,2605900
2021-06-23,130.0,131.0,129.0,129.5,124.09834289550781,1111000
2021-06-24,129.5,130.0,128.5,130.0,124.57748413085938,876100
2021-06-25,129.5,131.0,128.0,128.0,122.6609115600586,1409000
2021-06-28,128.0,131.0,127.5,128.0,122.6609115600586,2034000
2021-06-29,128.0,130.0,128.0,129.0,123.61920928955078,879100
2021-06-30,129.0,129.5,128.0,128.5,123.14005279541016,842600
2021-07-01,128.5,129.5,128.0,128.5,123.14005279541016,1029600
2021-07-02,129.0,129.5,126.0,128.0,122.6609115600586,1699400
2021-07-05,128.5,128.5,127.5,128.5,123.14005279541016,872200
2021-07-06,128.5,128.5,127.0,128.0,122.6609115600586,412600
2021-07-07,127.0,127.5,126.5,127.0,121.70262145996094,529100
2021-07-08,127.5,131.0,125.5,126.0,120.74433898925781,3430800
2021-07-09,126.5,128.0,125.5,126.5,121.22348022460938,972000
2021-07-12,127.0,128.0,124.0,125.0,119.78604125976562,1155400
2021-07-13,126.0,127.0,124.0,124.5,119.30690002441406,1599900
2021-07-14,125.0,126.5,123.5,125.0,119.78604125976562,1117500
2021-07-15,125.0,125.5,123.0,123.5,118.3486099243164,1006600
2021-07-16,124.0,125.0,123.0,125.0,119.78604125976562,891200
2021-07-19,124.0,125.0,122.5,122.5,117.39033508300781,775300
2021-07-20,122.0,123.5,121.5,123.0,117.86947631835938,1076100
2021-07-21,123.0,123.5,121.0,122.5,117.39033508300781,981300
2021-07-22,122.5,123.0,121.0,121.5,116.43203735351562,1523100
2021-07-23,121.5,123.5,121.5,121.5,116.43203735351562,710600
2021-07-27,123.5,123.5,120.0,121.0,115.95288848876953,849800
2021-07-29,120.5,123.5,120.0,122.0,116.91117858886719,921700
2021-07-30,122.0,122.5,119.5,120.0,114.99461364746094,816300
2021-08-02,119.5,120.5,118.5,120.0,114.99461364746094,753500
2021-08-03,120.0,122.0,120.0,121.5,116.43203735351562,540500
2021-08-04,121.5,122.5,121.0,121.0,115.95288848876953,733700
2021-08-05,120.0,121.0,119.0,119.0,114.03631591796875,1193900
2021-08-06,119.0,120.0,117.0,117.5,112.59888458251953,834800
2021-08-09,119.0,119.0,116.5,117.5,112.59888458251953,643200
2021-08-10,117.5,119.0,117.0,118.5,113.55716705322266,2147500
2021-08-11,120.5,124.5,119.0,122.5,117.39033508300781,3086500
2021-08-13,123.0,129.0,123.0,128.0,122.6609115600586,3476300
2021-08-16,128.0,129.5,127.5,129.5,124.09834289550781,1480700
2021-08-17,129.5,130.0,128.0,130.0,124.57748413085938,2358900
2021-08-18,130.0,130.5,129.0,130.0,124.57748413085938,1371000
2021-08-19,129.5,129.5,127.5,129.0,123.61920928955078,993000
2021-08-20,130.0,130.5,128.5,129.5,124.09834289550781,1399100
2021-08-23,132.0,132.5,129.0,131.5,126.01493072509766,2801100
2021-08-24,132.5,134.0,131.5,132.5,126.97319030761719,1701400
2021-08-25,133.0,134.5,132.0,133.0,127.45236206054688,1280400
2021-08-26,132.0,133.0,131.0,132.5,128.08065795898438,635500
2021-08-27,132.0,134.0,131.5,133.0,128.5640106201172,1074100
2021-08-30,134.0,134.5,132.0,132.0,127.59733581542969,989000
2021-08-31,131.5,134.0,131.5,133.0,128.5640106201172,2561600
2021-09-01,133.5,134.0,131.5,132.0,127.59733581542969,1507900
2021-09-02,132.0,134.0,131.5,133.5,129.04733276367188,1757500
2021-09-03,133.5,134.5,132.0,134.5,130.0139617919922,1546700
2021-09-06,134.5,134.5,131.5,132.0,127.59733581542969,1120300
2021-09-07,133.0,133.5,131.0,131.5,127.11402893066406,1076000
2021-09-08,130.0,132.0,129.5,131.5,127.11402893066406,1556000
2021-09-09,130.0,132.0,129.0,130.0,125.66405487060547,1130900
2021-09-10,130.0,131.0,129.0,130.0,125.66405487060547,950800
2021-09-13,129.0,130.5,128.5,130.5,126.14739227294922,1432600
2021-09-14,130.5,131.5,129.0,131.0,126.63069915771484,1274900
2021-09-15,131.0,131.5,129.0,130.0,125.66405487060547,1653100
2021-09-16,130.5,138.5,130.5,133.5,129.04733276367188,5649500
2021-09-17,133.5,136.0,133.0,133.5,129.04733276367188,2803100
2021-09-20,132.5,138.0,130.0,136.0,131.4639434814453,5094500
2021-09-21,136.0,139.5,134.5,139.5,134.84719848632812,4566800
2021-09-22,140.0,140.0,138.0,140.0,135.3305206298828,1492200
2021-09-23,140.0,143.0,138.5,142.0,137.26380920410156,2717700
2021-09-27,143.0,148.0,140.5,147.0,142.09706115722656,4881800
2021-09-28,147.0,147.0,144.0,145.5,140.64707946777344,2623700
2021-09-29,144.0,145.0,141.5,143.0,138.23045349121094,2168700
2021-09-30,142.5,144.0,140.5,141.5,136.78048706054688,1500800
2021-10-01,140.5,144.5,140.5,143.0,138.23045349121094,1924200
2021-10-04,143.0,145.5,142.5,144.5,139.680419921875,1953900
2021-10-05,144.0,147.0,143.0,146.5,141.6137237548828,2046200
2021-10-06,146.5,146.5,143.0,143.0,138.23045349121094,885300
2021-10-07,143.0,145.0,142.0,142.0,137.26380920410156,1423900
2021-10-08,142.0,144.5,139.5,140.5,135.8138427734375,1753900
2021-10-11,139.0,141.5,139.0,140.0,135.3305206298828,1920200
2021-10-12,144.0,147.0,142.0,145.0,140.1637420654297,4238300
2021-10-14,145.0,146.0,142.5,144.0,139.1970977783203,2524100
2021-10-15,144.0,145.5,142.5,143.0,138.23045349121094,1864100
2021-10-18,143.5,143.5,141.0,142.5,137.74713134765625,1152900
2021-10-19,144.0,144.5,141.5,143.0,138.23045349121094,2263000
2021-10-20,143.0,143.5,142.5,143.0,138.23045349121094,890100
2021-10-21,143.5,143.5,141.5,142.5,137.74713134765625,983700
2021-10-25,143.0,143.0,139.0,140.5,135.8138427734375,2095800
2021-10-26,140.5,141.0,139.0,139.0,134.36387634277344,938500
2021-10-27,138.5,142.0,138.5,140.0,135.3305206298828,1814300
2021-10-28,141.5,145.0,141.0,144.5,139.680419921875,2597300
2021-10-29,144.5,147.0,143.5,145.5,140.64707946777344,1964200
2021-11-01,147.0,148.5,145.0,148.0,143.06370544433594,2931500
2021-11-02,149.0,154.0,148.0,152.5,147.41358947753906,4599700
2021-11-03,152.5,153.5,151.5,153.0,147.89694213867188,1915800
2021-11-04,153.0,153.5,149.5,151.5,146.44696044921875,1835500
2021-11-05,150.5,153.0,148.0,149.0,144.0303497314453,2725300
2021-11-08,151.0,154.5,151.0,152.5,147.41358947753906,2670200
2021-11-09,152.0,155.5,151.0,154.5,149.34689331054688,3204500
2021-11-10,152.5,153.5,152.0,152.5,147.41358947753906,902300
2021-11-11,153.0,154.0,151.0,152.5,147.41358947753906,1472200
2021-11-12,154.0,156.5,153.5,154.0,148.8635711669922,2239900
2021-11-15,154.5,157.5,154.0,156.5,151.28018188476562,1770200
2021-11-16,157.0,158.0,154.5,158.0,152.73016357421875,2206100
2021-11-17,158.0,158.0,151.5,154.0,148.8635711669922,3154500
2021-11-18,154.5,155.0,152.0,152.5,147.41358947753906,1745600
2021-11-19,152.0,153.5,151.5,152.5,147.41358947753906,895500
2021-11-22,152.0,152.5,151.0,152.0,146.93028259277344,806200
2021-11-23,151.0,151.5,150.0,150.0,144.99697875976562,802400
2021-11-24,150.0,152.0,150.0,151.0,145.96363830566406,889600
2021-11-25,151.5,152.5,150.5,151.5,146.44696044921875,1030100
2021-11-26,151.0,151.5,147.5,147.5,142.5803680419922,1913400
2021-11-29,147.5,151.0,146.0,146.5,141.6137237548828,2054400
2021-11-30,146.5,148.5,141.0,144.0,139.1970977783203,5268200
2021-12-01,141.5,144.0,139.5,143.5,138.7137908935547,2669600
2021-12-02,142.5,143.5,140.5,142.0,137.26380920410156,1682300
2021-12-03,141.5,143.0,141.0,141.5,136.78048706054688,785000
2021-12-07,141.5,143.0,139.5,142.5,137.74713134765625,1689600
2021-12-08,143.0,144.0,141.5,142.0,137.26380920410156,1131000
2021-12-09,143.0,143.5,142.0,143.0,138.23045349121094,761900
2021-12-13,144.0,144.5,142.0,143.5,138.7137908935547,988800
2021-12-14,142.5,144.0,141.5,144.0,139.1970977783203,1057200
2021-12-15,143.5,144.0,140.5,141.5,136.78048706054688,981900
2021-12-16,141.0,143.5,140.0,143.0,138.23045349121094,1519900
2021-12-17,143.0,143.5,141.5,143.0,138.23045349121094,1045500
2021-12-20,141.0,141.5,139.0,140.0,135.3305206298828,1061700
2021-12-21,139.5,140.5,138.0,138.5,133.88055419921875,1438400
2021-12-22,137.5,139.5,137.0,138.5,133.88055419921875,1112400
2021-12-23,139.5,140.0,137.5,139.0,134.36387634277344,884700
2021-12-24,139.5,140.5,139.0,139.5,134.84719848632812,611100
2021-12-27,141.0,141.0,139.0,140.0,135.3305206298828,543900
2021-12-28,140.0,142.0,140.0,141.0,136.29718017578125,825300
2021-12-29,141.0,142.0,140.0,141.5,136.78048706054688,789900
2021-12-30,142.0,142.0,140.5,141.0,136.29718017578125,641100
2022-01-04,142.0,142.5,137.5,141.0,136.29718017578125,2177400
2022-01-05,139.0,139.0,136.5,138.0,133.39723205566406,1776400
2022-01-06,138.0,138.0,132.5,133.5,129.04733276367188,4030100
2022-01-07,133.5,135.5,132.5,134.5,130.0139617919922,2348400
2022-01-10,134.5,135.5,133.5,135.0,130.49729919433594,1241700
2022-01-11,135.5,135.5,133.5,135.5,130.98062133789062,1652600
2022-01-12,136.0,136.0,134.5,135.5,130.98062133789062,1008400
2022-01-13,135.5,136.5,134.5,135.5,130.98062133789062,888300
2022-01-14,136.0,136.5,134.5,135.5,130.98062133789062,1632300
2022-01-17,136.0,137.5,135.0,136.5,131.947265625,1136000
2022-01-18,138.0,138.0,135.5,136.5,131.947265625,1332500
2022-01-19,136.5,136.5,134.0,135.0,130.49729919433594,972400
2022-01-20,135.0,138.0,135.0,136.0,131.4639434814453,1147700
2022-01-21,135.5,137.5,135.0,136.5,131.947265625,1210100
2022-01-24,137.0,137.0,135.5,136.5,131.947265625,664700
2022-01-25,136.0,137.0,135.0,137.0,132.43057250976562,841300
2022-01-26,137.0,140.0,135.5,137.0,132.43057250976562,2430200
2022-01-27,136.0,139.0,136.0,139.0,134.36387634277344,2459700
2022-01-28,140.0,140.0,136.5,138.5,133.88055419921875,1695100
2022-01-31,141.5,143.5,140.5,141.0,136.29718017578125,2214900
2022-02-01,142.0,143.0,141.5,142.0,137.26380920410156,853000
2022-02-02,142.5,146.0,142.5,144.0,139.1970977783203,2397500
2022-02-03,142.5,149.0,142.5,147.5,142.5803680419922,2980900
2022-02-04,147.0,148.5,145.0,147.0,142.09706115722656,1976900
2022-02-07,147.5,148.5,145.5,147.0,142.09706115722656,1700100
2022-02-08,147.0,148.5,146.5,147.5,142.5803680419922,1132500
2022-02-09,147.5,153.5,147.5,151.5,146.44696044921875,3574200
2022-02-10,151.5,152.5,149.0,152.5,147.41358947753906,1488900
2022-02-11,152.5,152.5,148.5,150.0,144.99697875976562,2163300
2022-02-14,149.5,152.5,149.0,151.0,145.96363830566406,2291100
2022-02-15,151.0,156.0,151.0,154.5,149.34689331054688,3445300
2022-02-17,156.5,158.0,154.5,156.0,150.79685974121094,2774300
2022-02-18,156.0,156.0,152.5,153.5,148.3802490234375,2423500
2022-02-21,152.5,155.5,151.5,153.0,147.89694213867188,1658700
2022-02-22,150.0,152.0,148.5,152.0,146.93028259277344,2319100
2022-02-23,151.5,151.5,149.5,150.5,145.48031616210938,1912000
2022-02-24,152.0,158.5,151.5,155.5,150.3135528564453,8660100
2022-02-25,156.5,158.0,154.5,155.5,150.3135528564453,2696900
2022-02-28,155.0,157.0,153.0,153.5,148.3802490234375,3200500
2022-03-01,154.5,165.0,154.5,163.0,157.5634002685547,7789900
2022-03-02,162.5,167.5,162.5,166.5,160.9466552734375,4795800
2022-03-03,167.0,168.0,164.5,167.0,161.4299774169922,3381000
2022-03-04,166.5,170.0,166.5,168.0,162.39662170410156,2195000
2022-03-07,161.0,169.5,160.5,167.0,161.4299774169922,3129700
2022-03-08,168.0,175.0,168.0,171.5,165.77989196777344,7073600
2022-03-09,171.5,171.5,166.5,168.0,162.39662170410156,2985300
2022-03-10,170.0,170.0,166.0,168.5,162.87994384765625,2688800
2022-03-11,166.5,167.0,162.0,166.0,162.43960571289062,2497800
2022-03-14,166.5,167.5,164.5,167.5,163.90740966796875,1703300
2022-03-15,167.0,169.5,164.0,166.0,162.43960571289062,2490000
2022-03-16,166.0,168.0,163.5,165.5,161.9503173828125,1787800
2022-03-17,166.0,169.5,165.5,166.5,162.9288787841797,2834400
2022-03-18,166.0,166.5,163.0,164.5,160.97177124023438,5020300
2022-03-21,165.0,167.0,163.5,165.0,161.46104431152344,2260400
2022-03-22,165.0,168.0,164.5,166.0,162.43960571289062,2292600
2022-03-23,166.0,166.5,165.0,165.5,161.9503173828125,2245400
2022-03-24,166.0,168.5,158.5,161.0,157.54684448242188,6851700
2022-03-25,162.5,163.0,159.0,161.5,158.03611755371094,5726100
2022-03-28,161.0,163.0,160.5,162.0,158.52537536621094,1916000
2022-03-29,163.0,163.0,157.0,158.5,155.10044860839844,5557400
2022-03-30,159.0,160.0,156.5,157.5,154.1219024658203,5630100
2022-03-31,159.0,160.0,155.5,156.5,153.1433563232422,7187000
2022-04-01,157.0,157.0,153.5,155.5,152.16481018066406,5271500
2022-04-04,156.0,159.0,155.5,156.5,153.1433563232422,3926700
2022-04-05,157.0,160.0,156.0,160.0,156.5682830810547,2835000
2022-04-07,161.0,163.0,158.5,159.5,156.07901000976562,6386900
2022-04-08,160.0,161.0,158.5,159.5,156.07901000976562,2996700
2022-04-11,160.0,164.0,160.0,161.5,158.03611755371094,3776300
2022-04-12,160.5,163.5,160.5,162.0,158.52537536621094,3324600
2022-04-18,163.0,163.0,159.5,160.0,156.5682830810547,1697400
2022-04-19,161.5,163.0,159.0,160.5,157.0575714111328,3895700
2022-04-20,161.5,166.0,161.5,164.5,160.97177124023438,8296600
2022-04-21,165.0,167.5,164.0,165.5,161.9503173828125,4565800
2022-04-22,165.5,166.0,163.0,165.5,161.9503173828125,6311000
2022-04-25,165.5,166.0,163.5,165.0,161.46104431152344,4228500
2022-04-26,166.0,169.5,166.0,168.0,164.39671325683594,6676700
2022-04-27,166.5,167.5,164.0,165.5,161.9503173828125,2776700
2022-04-28,168.0,168.0,162.5,165.0,161.46104431152344,3320700
2022-04-29,166.0,166.0,158.5,160.5,157.0575714111328,6824600
2022-05-03,160.5,162.0,159.0,160.0,156.5682830810547,4490700
2022-05-05,162.0,164.5,160.0,161.5,158.03611755371094,5741100
2022-05-06,159.0,164.0,159.0,161.5,158.03611755371094,4984400
2022-05-09,161.5,168.5,161.0,162.5,159.01466369628906,8557700
2022-05-10,162.0,166.0,161.0,162.0,158.52537536621094,8145200
2022-05-11,161.5,166.0,161.0,165.0,161.46104431152344,4808200
2022-05-12,163.0,166.0,163.0,166.0,162.43960571289062,3448200
2022-05-13,167.0,173.5,165.5,172.0,168.31089782714844,7037900
2022-05-17,172.0,174.5,170.5,174.5,170.7572784423828,4068100
2022-05-18,174.0,174.0,170.0,172.0,168.31089782714844,3949600
2022-05-19,171.0,176.0,170.5,173.0,169.2894744873047,7394800
2022-05-20,174.0,174.5,172.0,174.5,170.7572784423828,3151100
2022-05-23,174.0,175.5,172.5,175.0,171.24656677246094,2924100
2022-05-24,175.0,175.5,171.5,172.5,168.8001708984375,3767600
2022-05-25,172.5,174.5,172.0,173.0,169.2894744873047,2843500
2022-05-26,174.0,174.5,171.0,173.5,169.77874755859375,2412700
2022-05-27,173.5,173.5,169.0,171.5,167.82164001464844,2927600
2022-05-30,171.0,172.0,170.5,172.0,168.31089782714844,1280800
2022-05-31,171.5,174.5,170.0,174.5,170.7572784423828,7153400
2022-06-01,174.0,175.5,172.0,175.0,171.24656677246094,3553800
2022-06-02,175.5,175.5,173.0,173.5,169.77874755859375,1987500
2022-06-06,173.0,177.5,173.0,176.0,172.22511291503906,5193800
2022-06-07,176.5,176.5,173.5,175.0,171.24656677246094,2738100
2022-06-08,175.0,176.0,174.0,176.0,172.22511291503906,3073800
2022-06-09,176.5,180.0,174.5,178.0,174.18222045898438,5510000
2022-06-10,177.0,177.5,173.5,175.0,171.24656677246094,3304900
2022-06-13,173.0,174.5,172.0,173.0,169.2894744873047,2012100
2022-06-14,172.5,173.5,169.0,173.0,169.2894744873047,3582200
2022-06-15,173.0,176.0,172.5,175.0,171.24656677246094,3520900
2022-06-16,174.5,176.0,171.5,172.0,168.31089782714844,2960700
2022-06-17,170.5,174.5,170.5,173.5,169.77874755859375,3010500
2022-06-20,174.0,175.5,173.5,175.0,171.24656677246094,1313700
2022-06-21,175.5,175.5,174.0,175.0,171.24656677246094,1235900
2022-06-22,174.0,175.0,172.0,174.5,170.7572784423828,2257200
2022-06-23,175.0,177.5,174.0,176.0,172.22511291503906,2150200
2022-06-24,177.0,179.0,175.5,177.5,173.69293212890625,4327100
2022-06-27,179.0,180.0,177.5,178.5,174.6715087890625,2961800
2022-06-28,178.0,181.5,177.0,180.0,176.13931274414062,3467300
2022-06-29,180.0,182.0,178.5,180.0,176.13931274414062,1718600
2022-06-30,180.0,182.0,178.5,179.0,175.1607666015625,2067200
2022-07-01,179.0,181.0,179.0,180.0,176.13931274414062,2001300
2022-07-04,180.0,181.5,179.0,181.0,177.1178741455078,1585000
2022-07-05,181.0,186.0,181.0,183.5,179.5642547607422,5034700
2022-07-06,183.5,186.0,183.5,185.0,181.03207397460938,3519500
2022-07-07,186.5,189.0,186.0,188.0,183.96774291992188,4934600
2022-07-08,188.0,190.0,187.5,188.5,184.45701599121094,3211000
2022-07-11,188.5,188.5,187.5,188.5,184.45701599121094,2126300
2022-07-12,188.5,190.5,188.0,188.0,183.96774291992188,2300800
2022-07-14,188.0,191.0,187.0,188.0,183.96774291992188,4447400
2022-07-15,187.0,188.5,185.0,188.5,184.45701599121094,4008100
2022-07-18,187.0,187.0,177.0,178.5,174.6715087890625,6222000
2022-07-19,179.0,181.0,178.0,180.5,176.62860107421875,3847600
2022-07-20,181.0,181.5,178.0,180.0,176.13931274414062,1928400
2022-07-21,179.0,180.0,177.5,179.0,175.1607666015625,2121500
2022-07-22,180.0,180.0,177.5,178.5,174.6715087890625,1195200
2022-07-25,178.5,179.5,175.0,178.5,174.6715087890625,2307000
2022-07-26,180.0,182.5,179.5,181.5,177.60714721679688,3049100
2022-07-27,182.5,182.5,180.0,182.0,178.096435546875,1306200
2022-08-01,184.0,185.0,183.0,184.5,180.5428009033203,3252300
2022-08-02,184.5,185.5,183.0,184.0,180.05352783203125,2827500
2022-08-03,184.5,185.0,183.5,185.0,181.03207397460938,1627400
2022-08-04,185.5,187.0,182.5,183.5,179.5642547607422,1794500
2022-08-05,184.0,184.0,181.0,182.0,178.096435546875,1962100
2022-08-08,184.0,184.0,178.5,180.0,176.13931274414062,3822300
2022-08-09,179.5,182.0,179.5,181.5,177.60714721679688,2094900
2022-08-10,181.5,182.5,180.0,182.0,178.096435546875,3347500
2022-08-11,187.0,197.0,186.5,190.0,185.92483520507812,17035700
2022-08-15,190.0,191.0,188.5,188.5,184.45701599121094,7132900
2022-08-16,190.5,196.5,188.0,189.5,185.43556213378906,11865700
2022-08-17,190.5,196.0,190.5,193.5,189.3497772216797,11138500
2022-08-18,187.0,187.5,180.5,186.5,182.49990844726562,38672900
2022-08-19,188.0,195.0,186.5,194.5,190.3283233642578,18730500
2022-08-22,196.0,196.0,193.0,194.5,190.3283233642578,6038300
2022-08-23,197.0,214.0,196.5,214.0,209.4100799560547,18446400
2022-08-24,214.0,214.0,206.0,211.0,206.47442626953125,10414300
2022-08-25,212.0,219.0,211.0,219.0,215.4772491455078,12635400
2022-08-26,218.0,218.0,214.0,216.0,212.52549743652344,8011800
2022-08-29,213.0,216.0,209.0,215.0,211.54159545898438,8851600
2022-08-30,215.0,220.0,214.0,215.0,211.54159545898438,14303500
2022-08-31,214.0,218.0,213.0,216.0,212.52549743652344,19069400
2022-09-01,214.0,219.0,213.0,216.0,212.52549743652344,6249800
2022-09-02,214.0,220.0,214.0,217.0,213.50941467285156,4185900
2022-09-05,216.0,219.0,214.0,215.0,211.54159545898438,4197400
2022-09-06,215.0,217.0,214.0,216.0,212.52549743652344,3074200
2022-09-07,216.0,220.0,215.0,218.0,214.4933319091797,5205700
2022-09-08,219.0,226.0,216.0,225.0,221.3807373046875,8824300
2022-09-09,227.0,227.0,223.0,224.0,220.39682006835938,4576300
2022-09-12,226.0,228.0,224.0,227.0,223.3485565185547,2398800
2022-09-13,227.0,233.0,225.0,231.0,227.2842254638672,6347200
2022-09-14,228.0,230.0,224.0,225.0,221.3807373046875,4872900
2022-09-15,227.0,229.0,225.0,227.0,223.3485565185547,3989300
2022-09-16,225.0,227.0,216.0,219.0,215.4772491455078,14960400
2022-09-19,219.0,225.0,219.0,225.0,221.3807373046875,2875500
2022-09-20,227.0,231.0,224.0,226.0,222.36465454101562,5344600
2022-09-21,226.0,228.0,224.0,227.0,223.3485565185547,2137400
2022-09-22,226.0,230.0,225.0,230.0,226.30030822753906,2064500
2022-09-23,228.0,230.0,225.0,225.0,221.3807373046875,1816100
2022-09-26,227.0,227.0,222.0,226.0,222.36465454101562,2288700
2022-09-27,223.0,228.0,223.0,225.0,221.3807373046875,2495900
2022-09-28,224.0,229.0,224.0,227.0,223.3485565185547,2710200
2022-09-29,227.0,228.0,222.0,224.0,220.39682006835938,4160200
2022-09-30,224.0,227.0,223.0,227.0,223.3485565185547,2477200
2022-10-03,227.0,229.0,221.0,222.0,218.42898559570312,4463100
2022-10-04,223.0,231.0,223.0,229.0,225.31639099121094,4758300
2022-10-05,230.0,230.0,227.0,229.0,225.31639099121094,2407900
2022-10-06,230.0,237.0,230.0,233.0,229.25204467773438,4991700
2022-10-07,234.0,234.0,230.0,233.0,229.25204467773438,2108600
2022-10-10,232.0,235.0,230.0,233.0,229.25204467773438,1827900
2022-10-11,233.0,235.0,228.0,228.0,224.3324737548828,1945400
2022-10-12,228.0,230.0,226.0,230.0,226.30030822753906,1609500
2022-10-17,235.0,238.0,231.0,235.0,231.21987915039062,3265200
2022-10-18,235.0,237.0,232.0,233.0,229.25204467773438,1889300
2022-10-19,234.0,234.0,227.0,228.0,224.3324737548828,2891300
2022-10-20,228.0,231.0,225.0,230.0,226.30030822753906,3151000
2022-10-21,229.0,231.0,227.0,229.0,225.31639099121094,1215600
2022-10-25,231.0,232.0,229.0,232.0,228.26812744140625,2462100
2022-10-26,232.0,233.0,227.0,228.0,224.3324737548828,2696500
2022-10-27,229.0,232.0,228.0,228.0,224.3324737548828,2249900
2022-10-28,229.0,229.0,224.0,225.0,221.3807373046875,2309300
2022-10-31,227.0,229.0,225.0,227.0,223.3485565185547,1923800
2022-11-01,228.0,228.0,225.0,226.0,222.36465454101562,1852400
2022-11-02,225.0,228.0,223.0,227.0,223.3485565185547,3264400
2022-11-03,228.0,229.0,223.0,224.0,220.39682006835938,2649600
2022-11-04,225.0,227.0,224.0,224.0,220.39682006835938,2600900
2022-11-07,225.0,226.0,219.0,221.0,217.44508361816406,3068300
2022-11-08,223.0,224.0,220.0,221.0,217.44508361816406,3578100
2022-11-09,223.0,225.0,218.0,224.0,220.39682006835938,3893600
2022-11-10,226.0,238.0,224.0,233.0,229.25204467773438,9405400
2022-11-11,237.0,241.0,231.0,239.0,235.15553283691406,7093800
2022-11-14,238.0,240.0,228.0,229.0,225.31639099121094,5988900
2022-11-15,230.0,231.0,228.0,229.0,225.31639099121094,2212600
2022-11-16,229.0,232.0,228.0,229.0,225.31639099121094,2086200
2022-11-17,226.0,227.0,210.0,213.0,209.57376098632812,12373000
2022-11-18,213.0,216.0,209.0,212.0,208.58984375,7570900
2022-11-21,210.0,218.0,210.0,217.0,213.50941467285156,4370100
2022-11-22,219.0,221.0,217.0,220.0,216.46116638183594,3074500
2022-11-23,221.0,222.0,219.0,220.0,216.46116638183594,2785300
2022-11-24,219.0,223.0,216.0,220.0,216.46116638183594,2355600
2022-11-25,220.0,220.0,216.0,218.0,214.4933319091797,1377700
2022-11-28,217.0,220.0,215.0,217.0,213.50941467285156,1840800
2022-11-29,218.0,222.0,217.0,219.0,215.4772491455078,2745700
2022-11-30,221.0,227.0,218.0,227.0,223.3485565185547,7941400
2022-12-01,224.0,226.0,218.0,219.0,215.4772491455078,4922100
2022-12-02,219.0,221.0,216.0,218.0,214.4933319091797,3570600
2022-12-06,216.0,217.0,214.0,216.0,212.52549743652344,2987900
2022-12-07,216.0,217.0,213.0,215.0,211.54159545898438,2114400
2022-12-08,216.0,216.0,211.0,212.0,208.58984375,1983200
2022-12-09,210.0,212.0,209.0,210.0,206.62200927734375,2793600
2022-12-13,208.0,210.0,203.0,206.0,202.6863555908203,5879100
2022-12-14,206.0,212.0,205.0,211.0,207.60592651367188,3392100
2022-12-15,212.0,212.0,207.0,210.0,206.62200927734375,2619700
2022-12-16,210.0,214.0,206.0,214.0,210.55767822265625,5571400
2022-12-19,213.0,215.0,211.0,212.0,208.58984375,1742600
2022-12-20,212.0,212.0,208.0,209.0,205.6381072998047,1976300
2022-12-21,210.0,213.0,210.0,213.0,209.57376098632812,2108700
2022-12-22,213.0,213.0,208.0,211.0,207.60592651367188,1794000
2022-12-23,211.0,211.0,207.0,209.0,205.6381072998047,2430400
2022-12-26,208.0,209.0,206.0,208.0,204.65419006347656,1510300
2022-12-27,208.0,212.0,208.0,211.0,207.60592651367188,1963300
2022-12-28,212.0,215.0,211.0,213.0,209.57376098632812,2366400
2022-12-29,213.0,216.0,213.0,216.0,212.52549743652344,2765600
2022-12-30,216.0,216.0,212.0,212.0,208.58984375,2481200
2023-01-03,213.0,217.0,212.0,214.0,210.55767822265625,2029400
2023-01-04,216.0,217.0,214.0,217.0,213.50941467285156,2317200
2023-01-05,217.0,219.0,215.0,218.0,214.4933319091797,2869900
2023-01-06,218.0,225.0,218.0,223.0,219.41290283203125,4957500
2023-01-09,226.0,228.0,223.0,224.0,220.39682006835938,3424700
2023-01-10,224.0,226.0,223.0,225.0,221.3807373046875,2489400
2023-01-11,227.0,227.0,220.0,221.0,217.44508361816406,2405100
2023-01-12,222.0,222.0,214.0,216.0,212.52549743652344,4186300
2023-01-13,216.0,217.0,213.0,215.0,211.54159545898438,3982900
2023-01-16,214.0,214.0,210.0,213.0,209.57376098632812,3450500
2023-01-17,213.0,213.0,210.0,212.0,208.58984375,2304600
2023-01-18,212.0,212.0,208.0,208.0,204.65419006347656,4146600
2023-01-19,209.0,213.0,209.0,211.0,207.60592651367188,3205700
2023-01-20,211.0,211.0,208.0,209.0,205.6381072998047,2614700
2023-01-23,209.0,209.0,207.0,209.0,205.6381072998047,1390900
2023-01-24,209.0,209.0,208.0,209.0,205.6381072998047,1100100
2023-01-25,209.0,210.0,205.0,207.0,203.67027282714844,2096800
2023-01-26,208.0,209.0,206.0,208.0,204.65419006347656,1715600
2023-01-27,208.0,213.0,208.0,212.0,208.58984375,4360400
2023-01-30,212.0,216.0,210.0,214.0,210.55767822265625,4598800
2023-01-31,215.0,220.0,215.0,217.0,213.50941467285156,7320100
2023-02-01,217.0,220.0,217.0,219.0,215.4772491455078,3792700
2023-02-02,221.0,222.0,217.0,217.0,213.50941467285156,3203500
2023-02-03,216.0,218.0,216.0,217.0,213.50941467285156,1401100
2023-02-06,216.0,217.0,213.0,215.0,211.54159545898438,1680200
2023-02-07,214.0,215.0,211.0,214.0,210.55767822265625,2579500
2023-02-08,215.0,216.0,212.0,214.0,210.55767822265625,2698900
2023-02-09,213.0,213.0,210.0,212.0,208.58984375,2397500
2023-02-10,211.0,212.0,209.0,210.0,206.62200927734375,1033200
2023-02-13,210.0,210.0,208.0,208.0,204.65419006347656,1801000
2023-02-14,208.0,212.0,207.0,210.0,206.62200927734375,2423400
2023-02-15,210.0,210.0,208.0,209.0,205.6381072998047,1178000
2023-02-16,214.0,217.0,212.0,215.0,211.54159545898438,5182100
2023-02-17,215.0,219.0,213.0,217.0,213.50941467285156,3456200
2023-02-20,218.0,218.0,215.0,216.0,212.52549743652344,2481000
2023-02-21,216.0,218.0,216.0,217.0,213.50941467285156,1708600
2023-02-22,218.0,221.0,217.0,220.0,216.46116638183594,3017000
2023-02-23,220.0,222.0,218.0,220.0,216.46116638183594,2982000
2023-02-24,219.0,219.0,215.0,217.0,213.50941467285156,2158900
2023-02-27,217.0,218.0,212.0,214.0,210.55767822265625,2936600
2023-02-28,214.0,215.0,209.0,211.0,207.60592651367188,4056000
2023-03-01,211.0,214.0,210.0,211.0,207.60592651367188,2484200
2023-03-02,210.0,212.0,208.0,210.0,206.62200927734375,1802200
2023-03-03,210.0,212.0,209.0,210.0,206.62200927734375,2724900
2023-03-07,210.0,214.0,209.0,213.0,209.57376098632812,1734900
2023-03-08,212.0,216.0,212.0,216.0,212.52549743652344,2657600
2023-03-09,215.0,216.0,214.0,215.0,211.54159545898438,1657200
2023-03-10,214.0,217.0,214.0,215.0,211.54159545898438,1415600
2023-03-13,212.0,214.0,209.0,210.0,208.9053955078125,2179800
2023-03-14,209.0,212.0,204.0,205.0,203.93145751953125,3966300
2023-03-15,207.0,214.0,207.0,212.0,210.8949737548828,3029200
2023-03-16,209.0,212.0,206.0,212.0,210.8949737548828,1931900
2023-03-17,210.0,213.0,210.0,213.0,211.8897705078125,1252000
2023-03-20,213.0,214.0,209.0,211.0,209.9001922607422,1570900
2023-03-21,212.0,214.0,210.0,213.0,211.8897705078125,1426700
2023-03-22,214.0,215.0,213.0,214.0,212.88455200195312,866600
2023-03-23,214.0,216.0,213.0,216.0,214.87413024902344,1463100
2023-03-24,216.0,218.0,214.0,217.0,215.86891174316406,1690000
2023-03-27,216.0,217.0,215.0,216.0,214.87413024902344,632400
2023-03-28,217.0,219.0,215.0,219.0,217.85848999023438,1496900
2023-03-29,220.0,223.0,219.0,223.0,221.837646484375,3059800
2023-03-30,222.0,222.0,220.0,221.0,219.8480682373047,1110400
2023-03-31,220.0,226.0,220.0,226.0,224.82200622558594,2314200
2023-04-03,226.0,228.0,224.0,226.0,224.82200622558594,1718500
2023-04-04,226.0,229.0,225.0,227.0,225.81678771972656,1417200
2023-04-05,229.0,232.0,227.0,229.0,227.80636596679688,2530700
2023-04-07,228.0,230.0,226.0,230.0,228.80116271972656,826300
2023-04-10,229.0,237.0,229.0,236.0,234.76988220214844,2562800
2023-04-11,236.0,238.0,231.0,235.0,233.7751007080078,2974900
2023-04-12,235.0,238.0,232.0,234.0,232.78030395507812,2574300
2023-04-17,236.0,238.0,234.0,237.0,235.76466369628906,1359500
2023-04-18,236.0,243.0,236.0,243.0,241.7333984375,3065000
2023-04-19,244.0,248.0,242.0,243.0,241.7333984375,2990400
2023-04-20,241.0,242.0,239.0,242.0,240.7386016845703,1951800
2023-04-21,240.0,241.0,236.0,240.0,238.74903869628906,2370600
2023-04-24,240.0,241.0,234.0,236.0,234.76988220214844,1755800
2023-04-25,236.0,242.0,236.0,242.0,240.7386016845703,3589400
2023-04-26,239.0,241.0,236.0,241.0,239.7438201904297,1660400
2023-04-27,243.0,244.0,238.0,238.0,236.75946044921875,1601500
2023-04-28,241.0,244.0,233.0,238.0,236.75946044921875,3197200
2023-05-02,238.0,240.0,236.0,239.0,237.75424194335938,1219700
2023-05-03,238.0,243.0,237.0,243.0,241.7333984375,1997700
2023-05-08,248.0,256.0,247.0,251.0,249.6916961669922,3812800
2023-05-09,252.0,252.0,244.0,245.0,243.7229766845703,2429200
2023-05-10,243.0,246.0,241.0,244.0,242.72817993164062,1410100
2023-05-11,249.0,249.0,240.0,241.0,239.7438201904297,2226200
2023-05-12,243.0,247.0,242.0,246.0,244.71775817871094,2092300
2023-05-15,248.0,250.0,244.0,249.0,247.70211791992188,1819900
2023-05-16,247.0,249.0,243.0,244.0,242.72817993164062,1290800
2023-05-17,245.0,245.0,239.0,240.0,238.74903869628906,1451500
2023-05-18,241.0,241.0,233.0,237.0,235.76466369628906,2082100
2023-05-19,235.0,237.0,233.0,234.0,232.78030395507812,1683800
2023-05-22,231.0,235.0,228.0,233.0,231.7855224609375,2461600
2023-05-23,231.0,235.0,230.0,234.0,232.78030395507812,1680400
2023-05-24,232.0,234.0,231.0,232.0,230.7907257080078,960300
2023-05-25,231.0,234.0,229.0,232.0,230.7907257080078,1648500
2023-05-26,231.0,232.0,229.0,229.0,227.80636596679688,712700
2023-05-29,230.0,231.0,225.0,226.0,224.82200622558594,2367700
2023-05-30,226.0,228.0,223.0,227.0,225.81678771972656,3973700
2023-05-31,224.0,227.0,220.0,223.0,221.837646484375,2654800
2023-06-01,222.0,229.0,222.0,227.0,225.81678771972656,1957100
2023-06-02,227.0,234.0,227.0,230.0,228.80116271972656,2739100
2023-06-06,235.0,235.0,231.0,234.0,232.78030395507812,1405300
2023-06-07,235.0,235.0,232.0,234.0,232.78030395507812,1669300
2023-06-08,235.0,235.0,232.0,233.0,231.7855224609375,1701500
2023-06-09,233.0,238.0,232.0,235.0,233.7751007080078,1850200
2023-06-12,234.0,235.0,231.0,232.0,230.7907257080078,1018200
2023-06-13,231.0,236.0,231.0,236.0,234.76988220214844,1347100
2023-06-14,235.0,236.0,231.0,233.0,231.7855224609375,1001800
2023-06-15,232.0,235.0,232.0,235.0,233.7751007080078,1086600
2023-06-16,233.0,236.0,227.0,229.0,227.80636596679688,2257300
2023-06-19,228.0,230.0,225.0,227.0,225.81678771972656,573100
2023-06-20,230.0,231.0,227.0,228.0,226.81158447265625,768100
2023-06-21,227.0,229.0,225.0,226.0,224.82200622558594,1111700
2023-06-22,226.0,233.0,224.0,232.0,230.7907257080078,1879100
2023-06-23,230.0,231.0,227.0,229.0,227.80636596679688,1260300
2023-06-26,226.0,229.0,225.0,225.0,223.8272247314453,1003200
2023-06-27,226.0,228.0,225.0,226.0,224.82200622558594,1007200
2023-06-28,226.0,228.0,222.0,223.0,221.837646484375,1317800
2023-06-29,222.0,226.0,220.0,222.0,220.8428497314453,2231400
2023-06-30,224.0,228.0,222.0,226.0,224.82200622558594,1789900
2023-07-03,227.0,228.0,225.0,227.0,225.81678771972656,537300
2023-07-04,226.0,226.0,222.0,225.0,223.8272247314453,1661700
2023-07-05,224.0,226.0,223.0,223.0,221.837646484375,488900
2023-07-06,223.0,223.0,220.0,223.0,221.837646484375,1728300
2023-07-07,221.0,223.0,220.0,220.0,218.85328674316406,883800
2023-07-10,220.0,221.0,218.0,219.0,217.85848999023438,1503500
2023-07-11,218.0,218.0,213.0,216.0,214.87413024902344,3402200
2023-07-12,215.0,220.0,214.0,218.0,216.86370849609375,1889700
2023-07-13,218.0,218.0,214.0,215.0,213.8793487548828,1586500
2023-07-14,215.0,220.0,215.0,220.0,218.85328674316406,1451800
2023-07-17,221.0,225.0,220.0,222.0,220.8428497314453,1665500
2023-07-18,222.0,223.0,219.0,220.0,218.85328674316406,1315200
2023-07-19,221.0,224.0,220.0,222.0,220.8428497314453,1536600
2023-07-20,220.0,221.0,217.0,218.0,216.86370849609375,1659800
2023-07-21,217.0,221.0,217.0,219.0,217.85848999023438,1466100
2023-07-24,219.0,220.0,216.0,217.0,215.86891174316406,1216700
2023-07-25,217.0,217.0,213.0,215.0,213.8793487548828,2321200
2023-07-26,215.0,218.0,214.0,214.0,212.88455200195312,1183700
2023-07-27,214.0,217.0,213.0,216.0,214.87413024902344,1796800
2023-07-31,215.0,217.0,214.0,216.0,214.87413024902344,725000
2023-08-02,214.0,215.0,210.0,213.0,211.8897705078125,2981800
2023-08-03,212.0,220.0,211.0,218.0,216.86370849609375,4094600
2023-08-04,222.0,228.0,221.0,224.0,222.83242797851562,4645000
2023-08-07,225.0,228.0,223.0,225.0,223.8272247314453,2453500
2023-08-08,225.0,229.0,225.0,227.0,225.81678771972656,2391200
2023-08-09,224.0,230.0,223.0,229.0,227.80636596679688,3504400
2023-08-10,239.0,248.0,239.0,246.0,244.71775817871094,11443700
2023-08-11,246.0,250.0,244.0,245.0,243.7229766845703,6495200
2023-08-15,245.0,250.0,245.0,248.0,246.70733642578125,3291900
2023-08-16,247.0,250.0,245.0,249.0,247.70211791992188,2053200
2023-08-17,256.0,266.0,256.0,260.0,258.644775390625,6796400
2023-08-18,260.0,264.0,259.0,261.0,259.63958740234375,4005900
2023-08-21,261.0,264.0,258.0,259.0,257.6499938964844,2667100
2023-08-22,260.0,262.0,258.0,260.0,258.644775390625,2421900
2023-08-23,260.0,265.0,257.0,259.0,257.6499938964844,4190100
2023-08-24,259.0,262.0,256.0,260.0,260.0,2784700
2023-08-25,258.0,260.0,256.0,258.0,258.0,1328600
2023-08-28,260.0,260.0,254.0,255.0,255.0,1441400
2023-08-29,256.0,259.0,255.0,257.0,257.0,1505300
2023-08-30,256.0,260.0,255.0,257.0,257.0,1538400
2023-08-31,256.0,257.0,255.0,259.0,259.0,1065600
2023-09-01,260.0,260.0,252.0,255.0,255.0,1197800
2023-09-04,257.0,257.0,254.0,254.0,254.0,631200
2023-09-05,254.0,256.0,253.0,255.0,255.0,748000
2023-09-06,253.0,257.0,253.0,256.0,256.0,1058100
2023-09-07,256.0,257.0,253.0,256.0,256.0,1153600
2023-09-08,255.0,256.0,252.0,255.0,255.0,1357900
2023-09-11,258.0,267.0,257.0,266.0,266.0,5322600
2023-09-12,265.0,266.0,258.0,258.0,258.0,4352600
2023-09-13,258.0,263.0,257.0,262.0,262.0,3736200
2023-09-14,262.0,263.0,259.0,261.0,261.0,986300
2023-09-15,261.0,262.0,258.0,258.0,258.0,970400
2023-09-18,259.0,263.0,258.0,262.0,262.0,1170100
2023-09-19,261.0,262.0,259.0,261.0,261.0,1426100
2023-09-20,260.0,262.0,254.0,257.0,257.0,2077500
2023-09-21,257.0,261.0,257.0,258.0,258.0,1139500
2023-09-22,258.0,266.0,258.0,265.0,265.0,3503500
2023-09-25,265.0,266.0,263.0,264.0,264.0,1465100
2023-09-26,264.0,270.0,262.0,267.0,267.0,2759100
2023-09-27,264.0,266.0,263.0,266.0,266.0,1843800
2023-09-28,264.0,270.0,264.0,267.0,267.0,2123500
2023-09-29,270.0,272.0,269.0,268.0,268.0,3629000
2023-10-02,268.0,271.0,267.0,268.0,268.0,1195900
2023-10-03,267.0,268.0,262.0,265.0,265.0,2707800
2023-10-04,262.0,267.0,262.0,264.0,264.0,1032700
2023-10-05,264.0,264.0,261.0,263.0,263.0,1368200
2023-10-06,263.0,264.0,257.0,259.0,259.0,1707200
2023-10-09,255.0,259.0,253.0,255.0,255.0,2744500
2023-10-10,257.0,258.0,253.0,254.0,254.0,1738000
2023-10-11,256.0,264.0,256.0,263.0,263.0,2709700
2023-10-12,263.0,266.0,259.0,264.0,264.0,1884800
2023-10-16,262.0,263.0,256.0,258.0,258.0,2034000
2023-10-17,259.0,262.0,259.0,259.0,259.0,1134800
2023-10-18,259.0,265.0,259.0,264.0,264.0,1266200
2023-10-19,262.0,264.0,260.0,262.0,262.0,719300
2023-10-20,262.0,263.0,259.0,261.0,261.0,897000
2023-10-24,261.0,264.0,261.0,261.0,261.0,1476200
2023-10-25,261.0,264.0,260.0,263.0,263.0,990800
2023-10-26,261.0,263.0,256.0,258.0,258.0,2714100
2023-10-27,259.0,260.0,252.0,256.0,256.0,2697500
2023-10-30,254.0,260.0,254.0,259.0,259.0,1422600
2023-10-31,258.0,261.0,256.0,260.0,260.0,2321000
2023-11-01,261.0,262.0,256.0,260.0,260.0,2140000
2023-11-02,260.0,260.0,253.0,256.0,256.0,3555400
2023-11-03,257.0,260.0,255.0,257.0,257.0,1851300
2023-11-06,257.0,258.0,248.0,248.0,248.0,5193100
2023-11-07,248.0,254.0,247.0,252.0,252.0,3205400
2023-11-08,251.0,252.0,248.0,249.0,249.0,1786800
2023-11-09,243.0,243.0,231.0,233.0,233.0,13859200
2023-11-10,232.0,233.0,225.0,230.0,230.0,4748100
2023-11-13,230.0,232.0,226.0,229.0,229.0,2549100
2023-11-14,227.0,231.0,225.0,227.0,227.0,3615400
2023-11-15,229.0,229.0,223.0,225.0,225.0,4030600
2023-11-16,222.0,224.0,219.0,221.0,221.0,4979900
2023-11-17,220.0,222.0,216.0,219.0,219.0,3911900
2023-11-20,220.0,226.0,220.0,225.0,225.0,4304200
2023-11-21,225.0,226.0,223.0,223.0,223.0,2446900
2023-11-22,225.0,227.0,222.0,222.0,222.0,3497300
2023-11-23,224.0,224.0,220.0,221.0,221.0,1539100
2023-11-24,221.0,222.0,217.0,217.0,217.0,2978900
2023-11-27,218.0,221.0,217.0,219.0,219.0,3497000
2023-11-28,220.0,221.0,216.0,219.0,219.0,2275000
2023-11-29,219.0,221.0,216.0,216.0,216.0,1849800
2023-11-30,219.0,225.0,217.0,223.0,223.0,6589500
2023-12-01,223.0,223.0,220.0,221.0,221.0,2233900
2023-12-04,221.0,221.0,219.0,220.0,220.0,1343300
2023-12-06,222.0,222.0,215.0,217.0,217.0,4672900
2023-12-07,216.0,218.0,215.0,217.0,217.0,1790200
2023-12-08,217.0,218.0,214.0,214.0,214.0,2048600
2023-12-12,216.0,216.0,212.0,213.0,213.0,1241500
2023-12-13,213.0,216.0,213.0,214.0,214.0,2034200
2023-12-14,217.0,217.0,214.0,216.0,216.0,2679800
2023-12-15,217.0,221.0,215.0,218.0,218.0,4897300
2023-12-18,217.0,221.0,217.0,220.0,220.0,1881300
2023-12-19,219.0,220.0,216.0,218.0,218.0,1695200
2023-12-20,216.0,217.0,213.0,215.0,215.0,2540800
2023-12-21,215.0,220.0,215.0,218.0,218.0,1425200
2023-12-22,217.0,218.0,214.0,216.0,216.0,2276200
2023-12-25,216.0,217.0,215.0,216.0,216.0,447900
2023-12-26,216.0,223.0,216.0,222.0,222.0,3407800
2023-12-27,222.0,224.0,220.0,220.0,220.0,1185900
2023-12-28,222.0,225.0,221.0,222.0,222.0,2434400
2024-01-03,223.0,225.0,222.0,222.0,222.0,2492300
2024-01-04,222.0,226.0,222.0,224.0,224.0,3682300
2024-01-05,224.0,230.0,224.0,227.0,227.0,4386200
2024-01-08,227.0,227.0,222.0,226.0,226.0,2252300
2024-01-09,226.0,229.0,224.0,228.0,228.0,2905600
2024-01-10,230.0,238.0,229.0,235.0,235.0,7231800
2024-01-11,236.0,238.0,234.0,238.0,238.0,2572000
2024-01-12,238.0,239.0,236.0,239.0,239.0,2120600
2024-01-15,239.0,239.0,234.0,237.0,237.0,2028100
2024-01-16,237.0,239.0,236.0,237.0,237.0,1627800
2024-01-17,237.0,237.0,230.0,235.0,235.0,5373500
2024-01-18,235.0,237.0,232.0,235.0,235.0,3254600
2024-01-19,236.0,242.0,236.0,240.0,240.0,3224900
2024-01-22,241.0,244.0,239.0,242.0,242.0,2518400
2024-01-23,244.0,244.0,237.0,238.0,238.0,1442800
2024-01-24,238.0,241.0,238.0,240.0,240.0,1981700
2024-01-25,240.0,242.0,238.0,240.0,240.0,1347900
2024-01-26,240.0,241.0,236.0,239.0,239.0,1979200
2024-01-29,240.0,243.0,239.0,241.0,241.0,2074300
2024-01-30,240.0,242.0,239.0,242.0,242.0,1670300
2024-01-31,240.0,241.0,235.0,240.0,240.0,5013500
2024-02-01,241.0,243.0,240.0,240.0,240.0,2270200
2024-02-02,241.0,242.0,238.0,242.0,242.0,1436100
2024-02-05,241.0,242.0,239.0,239.0,239.0,1284900
2024-02-06,240.0,244.0,239.0,242.0,242.0,1568000
2024-02-07,242.0,244.0,240.0,242.0,242.0,1446300
2024-02-08,242.0,243.0,240.0,241.0,241.0,1817200
2024-02-09,241.0,249.0,241.0,245.0,245.0,3265800
2024-02-12,244.0,246.0,242.0,243.0,243.0,1339300
2024-02-13,246.0,246.0,243.0,246.0,246.0,562100
2024-02-14,244.0,247.0,242.0,244.0,244.0,1163300
2024-02-15,245.0,247.0,244.0,247.0,247.0,1487300
2024-02-16,247.0,247.0,241.0,243.0,243.0,1336500
2024-02-19,242.0,244.0,240.0,243.0,243.0,643200
2024-02-20,243.0,246.0,242.0,244.0,244.0,1961100
2024-02-21,244.0,247.0,240.0,242.0,242.0,2836500
2024-02-22,240.0,241.0,232.0,238.0,238.0,5628492
